Request_ID,Source,Destination,Latency_ms,Fidelity
0,router_0_0,router_7_3,6.1001,0.507769
1,router_0_0,router_0_4,3.3001,0.751335
2,router_0_0,router_0_4,2.1000,0.754016
3,router_0_0,router_0_4,3.7001,0.749734
4,router_0_0,router_0_4,1.7000,0.755093
5,router_0_0,router_0_4,1.7000,0.755093
6,router_0_0,router_0_4,2.5000,0.752942
7,router_0_0,router_0_4,3.3001,0.750801
8,router_1_0,router_0_4,3.6000,0.699802
9,router_1_0,router_1_4,4.9001,0.747075
10,router_1_0,router_1_4,2.5000,0.754016
11,router_1_0,router_1_4,2.1000,0.755093
12,router_1_0,router_1_4,2.1000,0.754554
13,router_1_0,router_1_4,2.5000,0.752942
14,router_1_0,router_1_4,1.7000,0.755093
15,router_1_0,router_1_4,1.7000,0.755632
16,router_2_0,router_1_4,4.1001,0.696099
17,router_2_0,router_2_4,1.3000,0.756172
18,router_2_0,router_2_4,4.1001,0.750801
19,router_2_0,router_2_4,2.9001,0.752406
20,router_2_0,router_2_4,2.5000,0.753479
21,router_2_0,router_2_4,2.9001,0.751870
22,router_2_0,router_2_4,3.3001,0.751870
23,router_2_0,router_2_4,2.5000,0.754016
24,router_3_0,router_2_4,3.3000,0.698963
25,router_3_0,router_3_4,4.5001,0.748669
26,router_3_0,router_3_4,2.1000,0.756172
27,router_3_0,router_3_4,2.1000,0.754554
28,router_3_0,router_3_4,5.3001,0.745487
29,router_3_0,router_3_4,5.3001,0.746016
30,router_3_0,router_3_4,2.5000,0.752942
31,router_3_0,router_3_4,2.5000,0.752942
32,router_4_0,router_3_4,4.9001,0.694673
33,router_4_0,router_4_4,7.3002,0.742852
34,router_4_0,router_4_4,2.9001,0.752942
35,router_4_0,router_4_4,2.1000,0.754016
36,router_4_0,router_4_4,2.9001,0.751870
37,router_4_0,router_4_4,3.3001,0.751335
38,router_4_0,router_4_4,4.5001,0.749201
39,router_4_0,router_4_4,4.5001,0.749201
40,router_5_0,router_4_4,3.3000,0.699562
41,router_5_0,router_5_4,2.1000,0.754016
42,router_5_0,router_5_4,2.9001,0.752406
43,router_5_0,router_5_4,3.7001,0.750267
44,router_5_0,router_5_4,2.1000,0.754016
45,router_5_0,router_5_4,4.5001,0.748669
46,router_5_0,router_5_4,2.1000,0.754554
47,router_5_0,router_5_4,2.9001,0.753479
48,router_6_0,router_5_4,5.1001,0.694436
49,router_6_0,router_6_4,3.3001,0.750801
50,router_6_0,router_6_4,2.1000,0.754016
51,router_6_0,router_6_4,2.9001,0.752406
52,router_6_0,router_6_4,1.7000,0.755093
53,router_6_0,router_6_4,3.7001,0.750267
54,router_6_0,router_6_4,2.9001,0.752942
55,router_6_0,router_6_4,2.1000,0.754016
56,router_7_0,router_6_4,6.9002,0.686682
57,router_7_0,router_7_4,2.1000,0.755632
58,router_7_0,router_7_4,2.1000,0.754554
59,router_7_0,router_7_4,1.7000,0.755093
60,router_7_0,router_7_4,2.9001,0.752406
61,router_7_0,router_7_4,2.9001,0.752406
62,router_7_0,router_7_4,2.5000,0.752942
63,router_7_0,router_7_4,1.7000,0.755093
64,router_0_1,router_7_4,6.5001,0.506946
65,router_0_1,router_0_5,2.9001,0.751870
66,router_0_1,router_0_5,2.1000,0.754016
67,router_0_1,router_0_5,2.5000,0.752942
68,router_0_1,router_0_5,3.7001,0.749734
69,router_0_1,router_0_5,2.1000,0.754016
70,router_0_1,router_0_5,2.9001,0.751870
71,router_0_1,router_0_5,2.5000,0.752942
72,router_1_1,router_0_5,6.9002,0.686333
73,router_1_1,router_1_5,2.5001,0.752942
74,router_1_1,router_1_5,1.7000,0.755093
75,router_1_1,router_1_5,2.5000,0.753479
76,router_1_1,router_1_5,2.5000,0.752942
77,router_1_1,router_1_5,2.9001,0.755093
78,router_1_1,router_1_5,2.9001,0.754554
79,router_1_1,router_1_5,2.1000,0.754016
80,router_2_1,router_1_5,4.6001,0.694318
81,router_2_1,router_2_5,2.1000,0.754016
82,router_2_1,router_2_5,1.7000,0.755093
83,router_2_1,router_2_5,3.3001,0.750801
84,router_2_1,router_2_5,2.5000,0.754016
85,router_2_1,router_2_5,3.7001,0.751870
86,router_2_1,router_2_5,2.5000,0.752942
87,router_2_1,router_2_5,2.1000,0.754016
88,router_3_1,router_2_5,3.3000,0.700042
89,router_3_1,router_3_5,3.3001,0.752406
90,router_3_1,router_3_5,2.5000,0.752942
91,router_3_1,router_3_5,4.5001,0.748669
92,router_3_1,router_3_5,2.1000,0.755632
93,router_3_1,router_3_5,3.7001,0.750801
94,router_3_1,router_3_5,2.1000,0.755093
95,router_3_1,router_3_5,5.3001,0.746016
96,router_4_1,router_3_5,4.5001,0.695623
97,router_4_1,router_4_5,2.9001,0.752942
98,router_4_1,router_4_5,3.3001,0.751870
99,router_4_1,router_4_5,2.5000,0.752942
100,router_4_1,router_4_5,3.3001,0.750801
101,router_4_1,router_4_5,4.1001,0.750267
102,router_4_1,router_4_5,2.1000,0.754016
103,router_4_1,router_4_5,2.5000,0.754016
104,router_5_1,router_4_5,3.6000,0.698843
105,router_5_1,router_5_5,2.1000,0.754016
106,router_5_1,router_5_5,3.3001,0.750801
107,router_5_1,router_5_5,2.9001,0.752406
108,router_5_1,router_5_5,1.7000,0.755093
109,router_5_1,router_5_5,2.9001,0.751870
110,router_5_1,router_5_5,3.3001,0.750801
111,router_5_1,router_5_5,3.7001,0.749734
112,router_6_1,router_5_5,4.1001,0.697051
113,router_6_1,router_6_5,2.1000,0.754554
114,router_6_1,router_6_5,1.7000,0.755093
115,router_6_1,router_6_5,2.5000,0.753479
116,router_6_1,router_6_5,2.5000,0.754016
117,router_6_1,router_6_5,4.1001,0.749734
118,router_6_1,router_6_5,2.9001,0.753479
119,router_6_1,router_6_5,4.9001,0.748137
120,router_7_1,router_6_5,5.6001,0.693608
121,router_7_1,router_7_5,3.7001,0.749734
122,router_7_1,router_7_5,2.1000,0.754554
123,router_7_1,router_7_5,3.3001,0.751870
124,router_7_1,router_7_5,1.7000,0.755093
125,router_7_1,router_7_5,2.1000,0.754554
126,router_7_1,router_7_5,2.5000,0.753479
127,router_7_1,router_7_5,2.1000,0.754016
128,router_0_2,router_7_5,5.7000,0.508596
129,router_0_2,router_0_6,3.3001,0.751335
130,router_0_2,router_0_6,2.5000,0.754016
131,router_0_2,router_0_6,2.5000,0.753479
132,router_0_2,router_0_6,1.7000,0.755093
133,router_0_2,router_0_6,2.5000,0.754554
134,router_0_2,router_0_6,2.9001,0.751870
135,router_0_2,router_0_6,2.9001,0.753479
136,router_1_2,router_0_6,4.1001,0.697051
137,router_1_2,router_1_6,2.1000,0.754554
138,router_1_2,router_1_6,2.9001,0.751870
139,router_1_2,router_1_6,2.1000,0.755093
140,router_1_2,router_1_6,1.7000,0.755093
141,router_1_2,router_1_6,1.7000,0.755093
142,router_1_2,router_1_6,2.9001,0.754016
143,router_1_2,router_1_6,4.5001,0.749201
144,router_2_2,router_1_6,6.1001,0.689603
145,router_2_2,router_2_6,1.3000,0.756172
146,router_2_2,router_2_6,3.7001,0.749734
147,router_2_2,router_2_6,2.1000,0.754554
148,router_2_2,router_2_6,1.7000,0.755093
149,router_2_2,router_2_6,1.7000,0.755093
150,router_2_2,router_2_6,2.5000,0.754016
151,router_2_2,router_2_6,2.5000,0.754016
152,router_3_2,router_2_6,4.5001,0.696218
153,router_3_2,router_3_6,2.9001,0.753479
154,router_3_2,router_3_6,1.7000,0.755093
155,router_3_2,router_3_6,1.7000,0.755093
156,router_3_2,router_3_6,2.5000,0.753479
157,router_3_2,router_3_6,2.1000,0.754554
158,router_3_2,router_3_6,2.9001,0.752942
159,router_3_2,router_3_6,2.9001,0.752406
160,router_4_2,router_3_6,4.6001,0.695267
161,router_4_2,router_4_6,2.5001,0.752942
162,router_4_2,router_4_6,1.7000,0.755632
163,router_4_2,router_4_6,3.7001,0.750801
164,router_4_2,router_4_6,1.7000,0.755093
165,router_4_2,router_4_6,2.9001,0.751870
166,router_4_2,router_4_6,1.3000,0.756172
167,router_4_2,router_4_6,2.5000,0.754016
168,router_5_2,router_4_6,3.6001,0.701244
169,router_5_2,router_5_6,1.7000,0.755632
170,router_5_2,router_5_6,4.1001,0.749201
171,router_5_2,router_5_6,2.1000,0.754554
172,router_5_2,router_5_6,2.1000,0.754554
173,router_5_2,router_5_6,1.7000,0.755093
174,router_5_2,router_5_6,2.1000,0.755632
175,router_5_2,router_5_6,2.5000,0.752942
176,router_6_2,router_5_6,4.6001,0.696694
177,router_6_2,router_6_6,2.5001,0.752942
178,router_6_2,router_6_6,3.7001,0.750801
179,router_6_2,router_6_6,2.5000,0.752942
180,router_6_2,router_6_6,3.3001,0.751335
181,router_6_2,router_6_6,3.7001,0.750267
182,router_6_2,router_6_6,2.1000,0.754016
183,router_6_2,router_6_6,2.1000,0.754016
184,router_7_2,router_6_6,3.6000,0.698843
185,router_7_2,router_7_6,3.3001,0.750801
186,router_7_2,router_7_6,1.7000,0.755093
187,router_7_2,router_7_6,1.7000,0.755093
188,router_7_2,router_7_6,1.7000,0.755632
189,router_7_2,router_7_6,2.1000,0.754016
190,router_7_2,router_7_6,3.3001,0.751870
191,router_7_2,router_7_6,5.7001,0.744959
192,router_0_3,router_7_6,7.7001,0.503407
193,router_0_3,router_0_7,1.7000,0.755093
194,router_0_3,router_0_7,1.7000,0.755632
195,router_0_3,router_0_7,1.7000,0.755093
196,router_0_3,router_0_7,2.9001,0.751870
197,router_0_3,router_0_7,4.1001,0.749201
198,router_0_3,router_0_7,2.9001,0.752942
199,router_0_3,router_0_7,4.5001,0.748137
200,router_1_3,router_0_7,5.6001,0.693135
201,router_1_3,router_1_7,3.7001,0.749734
202,router_1_3,router_1_7,2.5000,0.754016
203,router_1_3,router_1_7,2.1000,0.754016
204,router_1_3,router_1_7,2.1000,0.754554
205,router_1_3,router_1_7,3.3001,0.752942
206,router_1_3,router_1_7,2.5000,0.753479
207,router_1_3,router_1_7,1.7000,0.755632
208,router_2_3,router_1_7,3.2001,0.702087
209,router_2_3,router_2_7,4.1001,0.749201
210,router_2_3,router_2_7,2.5000,0.752942
211,router_2_3,router_2_7,2.1000,0.754016
212,router_2_3,router_2_7,2.5000,0.753479
213,router_2_3,router_2_7,2.5000,0.754016
214,router_2_3,router_2_7,3.7001,0.751335
215,router_2_3,router_2_7,1.7000,0.755093
216,router_3_3,router_2_7,4.9001,0.694911
217,router_3_3,router_3_7,2.5001,0.752942
218,router_3_3,router_3_7,2.9001,0.751870
219,router_3_3,router_3_7,2.1000,0.754016
220,router_3_3,router_3_7,3.3001,0.750801
221,router_3_3,router_3_7,4.5001,0.747606
222,router_3_3,router_3_7,2.1000,0.754554
223,router_3_3,router_3_7,3.7001,0.749734
224,router_4_3,router_3_7,6.5001,0.689486
225,router_4_3,router_4_7,1.7000,0.755093
226,router_4_3,router_4_7,2.5000,0.754554
227,router_4_3,router_4_7,1.7000,0.755093
228,router_4_3,router_4_7,2.5000,0.752942
229,router_4_3,router_4_7,2.9001,0.752942
230,router_4_3,router_4_7,2.1000,0.754554
231,router_4_3,router_4_7,3.3001,0.752406
232,router_5_3,router_4_7,5.1001,0.695386
233,router_5_3,router_5_7,3.7001,0.751870
234,router_5_3,router_5_7,2.9001,0.752406
235,router_5_3,router_5_7,2.9001,0.754554
236,router_5_3,router_5_7,3.3001,0.750801
237,router_5_3,router_5_7,2.1000,0.755093
238,router_5_3,router_5_7,1.3000,0.756172
239,router_5_3,router_5_7,4.5001,0.747606
240,router_6_3,router_5_7,3.1000,0.701123
241,router_6_3,router_6_7,2.9001,0.752406
242,router_6_3,router_6_7,2.5000,0.754016
243,router_6_3,router_6_7,4.5001,0.748137
244,router_6_3,router_6_7,2.1000,0.755093
245,router_6_3,router_6_7,2.5000,0.754554
246,router_6_3,router_6_7,2.1000,0.754016
247,router_6_3,router_6_7,2.9001,0.752942
248,router_7_3,router_6_7,4.1001,0.698245
249,router_7_3,router_7_7,2.9001,0.751870
250,router_7_3,router_7_7,2.5000,0.752942
251,router_7_3,router_7_7,3.7001,0.750267
252,router_7_3,router_7_7,2.5000,0.752942
253,router_7_3,router_7_7,1.7000,0.755093
254,router_7_3,router_7_7,3.7001,0.749734
255,router_0_0,router_7_7,8.9001,0.410484
256,router_7_3,router_0_0,7.0001,0.505103
257,router_7_7,router_0_0,10.0001,0.408147
258,router_7_3,router_0_0,9.0001,0.500051
259,router_7_7,router_0_0,10.5002,0.407726
260,router_7_7,router_7_3,1.9000,0.754824
261,router_7_7,router_7_3,1.9000,0.754824
262,router_0_4,router_0_0,4.9001,0.746810
263,router_0_4,router_0_0,5.4001,0.746148
264,router_0_0,router_0_4,3.3001,0.753479
265,router_0_0,router_0_4,1.3000,0.756172
266,router_0_4,router_0_0,1.9000,0.755497
267,router_0_4,router_0_0,5.4001,0.745487
268,router_0_0,router_0_4,2.9001,0.752942
269,router_0_0,router_0_4,2.1000,0.754016
270,router_0_4,router_0_0,2.9000,0.752138
271,router_0_4,router_0_0,4.4001,0.750801
272,router_0_0,router_0_4,2.5000,0.752942
273,router_0_0,router_0_4,2.1000,0.754554
274,router_0_4,router_0_0,2.9000,0.754824
275,router_0_4,router_0_0,2.4000,0.754824
276,router_0_0,router_0_4,2.5000,0.752942
277,router_0_0,router_0_4,2.1000,0.754016
278,router_0_4,router_0_0,3.9001,0.749467
279,router_0_4,router_0_0,1.4000,0.756172
280,router_0_0,router_0_4,5.7001,0.744959
281,router_0_0,router_0_4,2.1000,0.754554
282,router_0_4,router_0_0,3.9001,0.749467
283,router_0_4,router_0_0,2.4000,0.754151
284,router_0_0,router_0_4,3.7001,0.752406
285,router_0_0,router_0_4,2.9001,0.752406
286,router_0_4,router_0_0,2.4000,0.754151
287,router_0_4,router_0_0,2.4000,0.754151
288,router_0_0,router_0_4,2.5000,0.753479
289,router_1_0,router_0_0,2.0000,0.949813
290,router_0_0,router_0_4,3.7001,0.751870
291,router_0_4,router_1_0,3.6000,0.698305
292,router_0_0,router_1_0,0.4000,0.949813
293,router_0_4,router_1_0,4.1001,0.696515
294,router_0_0,router_1_0,2.0001,0.949813
295,router_0_0,router_0_4,2.1000,0.754554
296,router_0_0,router_0_4,2.1000,0.755093
297,router_1_4,router_1_0,2.9000,0.752808
298,router_1_4,router_1_0,1.9000,0.754824
299,router_1_0,router_1_4,4.1001,0.749734
300,router_1_0,router_1_4,2.1000,0.755093
301,router_1_4,router_1_0,3.4001,0.751469
302,router_1_4,router_1_0,6.4001,0.746810
303,router_1_0,router_1_4,2.1000,0.754554
304,router_1_0,router_1_4,3.3001,0.751335
305,router_1_4,router_1_0,3.4001,0.754824
306,router_1_4,router_1_0,3.9001,0.749467
307,router_1_0,router_1_4,2.5000,0.752942
308,router_1_0,router_1_4,2.1000,0.754016
309,router_1_4,router_1_0,2.4000,0.753479
310,router_1_4,router_1_0,1.9000,0.755497
311,router_1_0,router_1_4,3.3001,0.751870
312,router_1_0,router_1_4,1.7000,0.755093
313,router_1_4,router_1_0,1.9000,0.754824
314,router_1_4,router_1_0,3.4001,0.751469
315,router_1_0,router_1_4,2.1000,0.754554
316,router_1_0,router_1_4,2.1000,0.755093
317,router_1_4,router_1_0,3.4001,0.750801
318,router_1_4,router_1_0,2.9000,0.752808
319,router_1_0,router_1_4,2.5000,0.754016
320,router_1_0,router_1_4,2.9001,0.752406
321,router_1_4,router_1_0,2.4000,0.755497
322,router_1_4,router_1_0,3.4001,0.751469
323,router_1_0,router_1_4,2.1000,0.755093
324,router_2_0,router_1_0,1.5000,0.949813
325,router_1_0,router_1_4,1.7000,0.755632
326,router_1_4,router_2_0,6.6001,0.691660
327,router_1_0,router_2_0,1.2000,0.949813
328,router_1_4,router_2_0,3.6001,0.701304
329,router_1_0,router_2_0,2.8001,0.949813
330,router_1_0,router_1_4,3.3001,0.751335
331,router_1_0,router_1_4,2.9001,0.751870
332,router_2_4,router_2_0,2.4000,0.753479
333,router_2_4,router_2_0,2.9000,0.754151
334,router_2_0,router_2_4,1.3000,0.756172
335,router_2_0,router_2_4,5.3001,0.746016
336,router_2_4,router_2_0,2.4000,0.754824
337,router_2_4,router_2_0,2.4000,0.754151
338,router_2_0,router_2_4,1.3000,0.756172
339,router_2_0,router_2_4,3.3001,0.750801
340,router_2_4,router_2_0,3.9001,0.750134
341,router_2_4,router_2_0,3.4001,0.752138
342,router_2_0,router_2_4,1.7000,0.755093
343,router_2_0,router_2_4,2.1000,0.754016
344,router_2_4,router_2_0,1.9000,0.754824
345,router_2_4,router_2_0,2.4000,0.753479
346,router_2_0,router_2_4,2.5000,0.754016
347,router_2_0,router_2_4,2.9001,0.751870
348,router_2_4,router_2_0,4.4001,0.748802
349,router_2_4,router_2_0,4.4001,0.750134
350,router_2_0,router_2_4,2.5000,0.753479
351,router_2_0,router_2_4,3.7001,0.750801
352,router_2_4,router_2_0,1.9000,0.755497
353,router_2_4,router_2_0,3.9001,0.750134
354,router_2_0,router_2_4,1.7000,0.755093
355,router_2_0,router_2_4,3.3001,0.750801
356,router_2_4,router_2_0,3.4001,0.750801
357,router_2_4,router_2_0,1.9000,0.754824
358,router_2_0,router_2_4,2.1000,0.754554
359,router_3_0,router_2_0,0.5000,0.949813
360,router_2_0,router_2_4,4.5001,0.748137
361,router_2_4,router_3_0,6.1001,0.691542
362,router_2_0,router_3_0,0.4000,0.949813
363,router_2_4,router_3_0,6.1001,0.691307
364,router_2_0,router_3_0,0.8000,0.949813
365,router_2_0,router_2_4,2.9001,0.753479
366,router_2_0,router_2_4,2.1000,0.754554
367,router_3_4,router_3_0,3.4001,0.751469
368,router_3_4,router_3_0,2.4000,0.754824
369,router_3_0,router_3_4,2.1000,0.754554
370,router_3_0,router_3_4,2.1000,0.755093
371,router_3_4,router_3_0,2.4000,0.753479
372,router_3_4,router_3_0,2.9000,0.752138
373,router_3_0,router_3_4,2.5000,0.753479
374,router_3_0,router_3_4,4.1001,0.750267
375,router_3_4,router_3_0,2.4000,0.754151
376,router_3_4,router_3_0,2.9000,0.752138
377,router_3_0,router_3_4,2.9001,0.752406
378,router_3_0,router_3_4,2.1000,0.754554
379,router_3_4,router_3_0,7.9002,0.738924
380,router_3_4,router_3_0,2.9000,0.752138
381,router_3_0,router_3_4,2.9001,0.753479
382,router_3_0,router_3_4,2.9001,0.752406
383,router_3_4,router_3_0,1.9000,0.754824
384,router_3_4,router_3_0,2.9000,0.752138
385,router_3_0,router_3_4,1.7000,0.755093
386,router_3_0,router_3_4,2.9001,0.751870
387,router_3_4,router_3_0,3.9001,0.753479
388,router_3_4,router_3_0,2.9000,0.753479
389,router_3_0,router_3_4,3.7001,0.750267
390,router_3_0,router_3_4,4.9001,0.746545
391,router_3_4,router_3_0,4.9001,0.747473
392,router_3_4,router_3_0,4.9001,0.748802
393,router_3_0,router_3_4,3.3001,0.751335
394,router_4_0,router_3_0,3.0001,0.949813
395,router_3_0,router_3_4,2.5000,0.755093
396,router_3_4,router_4_0,3.1000,0.700102
397,router_3_0,router_4_0,0.8000,0.949813
398,router_3_4,router_4_0,3.6000,0.699982
399,router_3_0,router_4_0,1.2000,0.949813
400,router_3_0,router_3_4,2.1000,0.754554
401,router_3_0,router_3_4,3.3001,0.750801
402,router_4_4,router_4_0,1.9000,0.755497
403,router_4_4,router_4_0,2.4000,0.754151
404,router_4_0,router_4_4,4.9001,0.746545
405,router_4_0,router_4_4,3.3001,0.751870
406,router_4_4,router_4_0,3.9001,0.749467
407,router_4_4,router_4_0,2.4000,0.753479
408,router_4_0,router_4_4,3.7001,0.750267
409,router_4_0,router_4_4,2.1000,0.754554
410,router_4_4,router_4_0,1.9000,0.754824
411,router_4_4,router_4_0,2.4000,0.754151
412,router_4_0,router_4_4,2.9001,0.751870
413,router_4_0,router_4_4,2.1000,0.754554
414,router_4_4,router_4_0,5.4001,0.749467
415,router_4_4,router_4_0,1.9000,0.754824
416,router_4_0,router_4_4,2.5000,0.753479
417,router_4_0,router_4_4,2.5000,0.753479
418,router_4_4,router_4_0,3.4001,0.752808
419,router_4_4,router_4_0,2.4000,0.754151
420,router_4_0,router_4_4,2.1000,0.755093
421,router_4_0,router_4_4,1.7000,0.755632
422,router_4_4,router_4_0,1.4000,0.756172
423,router_4_4,router_4_0,2.9000,0.752138
424,router_4_0,router_4_4,2.9001,0.752406
425,router_4_0,router_4_4,2.5000,0.752942
426,router_4_4,router_4_0,2.9000,0.753479
427,router_4_4,router_4_0,2.9000,0.752138
428,router_4_0,router_4_4,2.1000,0.754016
429,router_5_0,router_4_0,2.0000,0.949813
430,router_4_0,router_4_4,1.7000,0.756172
431,router_4_4,router_5_0,4.1001,0.698783
432,router_4_0,router_5_0,0.4000,0.949813
433,router_4_4,router_5_0,6.6001,0.689428
434,router_4_0,router_5_0,0.4000,0.949813
435,router_4_0,router_4_4,2.9001,0.751870
436,router_4_0,router_4_4,2.1000,0.754016
437,router_5_4,router_5_0,1.9000,0.755497
438,router_5_4,router_5_0,3.4001,0.751469
439,router_5_0,router_5_4,2.5000,0.754554
440,router_5_0,router_5_4,3.7001,0.750267
441,router_5_4,router_5_0,3.4001,0.752138
442,router_5_4,router_5_0,2.4000,0.754151
443,router_5_0,router_5_4,2.5000,0.754554
444,router_5_0,router_5_4,1.7000,0.755093
445,router_5_4,router_5_0,3.9001,0.749467
446,router_5_4,router_5_0,6.4001,0.744168
447,router_5_0,router_5_4,2.1000,0.755093
448,router_5_0,router_5_4,4.1001,0.748669
449,router_5_4,router_5_0,3.4001,0.752808
450,router_5_4,router_5_0,2.4000,0.754151
451,router_5_0,router_5_4,3.7001,0.750267
452,router_5_0,router_5_4,2.5000,0.754554
453,router_5_4,router_5_0,2.9000,0.754151
454,router_5_4,router_5_0,2.9000,0.752138
455,router_5_0,router_5_4,4.1001,0.749734
456,router_5_0,router_5_4,2.1000,0.754554
457,router_5_4,router_5_0,3.4001,0.751469
458,router_5_4,router_5_0,2.9000,0.752138
459,router_5_0,router_5_4,3.3001,0.751335
460,router_5_0,router_5_4,2.1000,0.754554
461,router_5_4,router_5_0,3.9001,0.750134
462,router_5_4,router_5_0,4.9001,0.747473
463,router_5_0,router_5_4,1.7000,0.755093
464,router_6_0,router_5_0,1.0000,0.949813
465,router_5_0,router_5_4,1.7000,0.755632
466,router_5_4,router_6_0,3.6000,0.698783
467,router_5_0,router_6_0,0.4000,0.949813
468,router_5_4,router_6_0,5.1001,0.693548
469,router_5_0,router_6_0,0.8000,0.949813
470,router_5_0,router_5_4,2.1000,0.754016
471,router_5_0,router_5_4,2.9001,0.752406
472,router_6_4,router_6_0,2.9000,0.753479
473,router_6_4,router_6_0,5.4001,0.746810
474,router_6_0,router_6_4,2.5000,0.752942
475,router_6_0,router_6_4,3.3001,0.751870
476,router_6_4,router_6_0,3.9001,0.750801
477,router_6_4,router_6_0,5.4001,0.745487
478,router_6_0,router_6_4,2.9001,0.751870
479,router_6_0,router_6_4,2.1000,0.754554
480,router_6_4,router_6_0,4.9001,0.748802
481,router_6_4,router_6_0,1.4000,0.756172
482,router_6_0,router_6_4,4.5001,0.747606
483,router_6_0,router_6_4,2.5000,0.754554
484,router_6_4,router_6_0,3.4001,0.752138
485,router_6_4,router_6_0,1.9000,0.754824
486,router_6_0,router_6_4,2.9001,0.752406
487,router_6_0,router_6_4,2.9001,0.751870
488,router_6_4,router_6_0,2.9000,0.752138
489,router_6_4,router_6_0,2.9000,0.752808
490,router_6_0,router_6_4,2.5000,0.752942
491,router_6_0,router_6_4,2.9001,0.752942
492,router_6_4,router_6_0,2.9000,0.754151
493,router_6_4,router_6_0,2.9000,0.752808
494,router_6_0,router_6_4,3.3001,0.750801
495,router_6_0,router_6_4,2.1000,0.754016
496,router_6_4,router_6_0,3.9001,0.750134
497,router_6_4,router_6_0,2.4000,0.754151
498,router_6_0,router_6_4,1.3000,0.756172
499,router_7_0,router_6_0,1.0000,0.949813
500,router_6_0,router_6_4,4.1001,0.749734
501,router_6_4,router_7_0,5.1001,0.694496
502,router_6_0,router_7_0,1.2000,0.949813
503,router_6_4,router_7_0,4.1001,0.698185
504,router_6_0,router_7_0,0.4000,0.949813
505,router_6_0,router_6_4,3.7001,0.750267
506,router_6_0,router_6_4,4.5001,0.749734
507,router_7_4,router_7_0,3.9001,0.750134
508,router_7_4,router_7_0,2.4000,0.754824
509,router_7_0,router_7_4,2.5000,0.753479
510,router_7_0,router_7_4,1.3000,0.756172
511,router_7_4,router_7_0,3.9001,0.750801
512,router_7_4,router_7_0,5.4001,0.746148
513,router_7_0,router_7_4,1.7000,0.755632
514,router_7_0,router_7_4,2.5000,0.754016
515,router_7_4,router_7_0,4.4001,0.748802
516,router_7_4,router_7_0,1.9000,0.755497
517,router_7_0,router_7_4,4.1001,0.750267
518,router_7_0,router_7_4,3.7001,0.749734
519,router_7_4,router_7_0,2.4000,0.754824
520,router_7_4,router_7_0,1.9000,0.754824
521,router_7_0,router_7_4,2.9001,0.753479
522,router_7_0,router_7_4,1.7000,0.755093
523,router_7_4,router_7_0,3.4001,0.752138
524,router_7_4,router_7_0,2.4000,0.753479
525,router_7_0,router_7_4,2.9001,0.752406
526,router_7_0,router_7_4,2.5000,0.752942
527,router_7_4,router_7_0,4.4001,0.749467
528,router_7_4,router_7_0,2.9000,0.753479
529,router_7_0,router_7_4,6.9002,0.742326
530,router_7_0,router_7_4,2.5000,0.752942
531,router_7_4,router_7_0,3.4001,0.754151
532,router_7_4,router_7_0,2.4000,0.754824
533,router_7_0,router_7_4,1.7000,0.755093
534,router_0_1,router_7_0,4.1001,0.573393
535,router_7_0,router_7_4,2.1000,0.755093
536,router_7_4,router_0_1,6.5001,0.506125
537,router_7_0,router_0_1,5.6001,0.569536
538,router_7_4,router_0_1,7.5001,0.504084
539,router_7_0,router_0_1,5.1001,0.570560
540,router_7_0,router_7_4,1.3000,0.756172
541,router_7_0,router_7_4,2.9001,0.751870
542,router_0_5,router_0_1,3.9001,0.749467
543,router_0_5,router_0_1,3.9001,0.751469
544,router_0_1,router_0_5,3.3001,0.750801
545,router_0_1,router_0_5,4.5001,0.748669
546,router_0_5,router_0_1,1.9000,0.755497
547,router_0_5,router_0_1,2.9000,0.752808
548,router_0_1,router_0_5,2.1000,0.754554
549,router_0_1,router_0_5,2.5000,0.752942
550,router_0_5,router_0_1,3.9001,0.750801
551,router_0_5,router_0_1,2.9000,0.752138
552,router_0_1,router_0_5,1.7000,0.755093
553,router_0_1,router_0_5,1.7000,0.756172
554,router_0_5,router_0_1,2.4000,0.753479
555,router_0_5,router_0_1,2.9000,0.752138
556,router_0_1,router_0_5,2.1000,0.754016
557,router_0_1,router_0_5,2.9001,0.752406
558,router_0_5,router_0_1,2.9000,0.752808
559,router_0_5,router_0_1,3.4001,0.752138
560,router_0_1,router_0_5,1.7000,0.755093
561,router_0_1,router_0_5,1.7000,0.755632
562,router_0_5,router_0_1,3.4001,0.752138
563,router_0_5,router_0_1,4.9001,0.749467
564,router_0_1,router_0_5,3.3001,0.751870
565,router_0_1,router_0_5,2.1000,0.754554
566,router_0_5,router_0_1,2.9000,0.752138
567,router_0_5,router_0_1,3.4001,0.750801
568,router_0_1,router_0_5,1.3000,0.756172
569,router_1_1,router_0_1,0.5000,0.949813
570,router_0_1,router_0_5,2.9001,0.753479
571,router_0_5,router_1_1,4.1001,0.697111
572,router_0_1,router_1_1,0.8000,0.949813
573,router_0_5,router_1_1,3.6000,0.698783
574,router_0_1,router_1_1,0.8000,0.949813
575,router_0_1,router_0_5,3.3001,0.751335
576,router_0_1,router_0_5,2.5000,0.752942
577,router_1_5,router_1_1,1.9000,0.755497
578,router_1_5,router_1_1,4.4001,0.748137
579,router_1_1,router_1_5,2.1000,0.754554
580,router_1_1,router_1_5,2.1000,0.754016
581,router_1_5,router_1_1,2.4000,0.754151
582,router_1_5,router_1_1,2.9000,0.752808
583,router_1_1,router_1_5,2.1000,0.755093
584,router_1_1,router_1_5,1.7000,0.755632
585,router_1_5,router_1_1,2.9000,0.754151
586,router_1_5,router_1_1,5.4001,0.746148
587,router_1_1,router_1_5,2.5000,0.753479
588,router_1_1,router_1_5,3.7001,0.751335
589,router_1_5,router_1_1,3.4001,0.752808
590,router_1_5,router_1_1,2.4000,0.754151
591,router_1_1,router_1_5,3.7001,0.750267
592,router_1_1,router_1_5,2.9001,0.752942
593,router_1_5,router_1_1,2.4000,0.754151
594,router_1_5,router_1_1,5.4001,0.746810
595,router_1_1,router_1_5,2.5000,0.752942
596,router_1_1,router_1_5,2.5000,0.754016
597,router_1_5,router_1_1,6.4001,0.744827
598,router_1_5,router_1_1,2.4000,0.753479
599,router_1_1,router_1_5,2.5000,0.754016
600,router_1_1,router_1_5,2.9001,0.752406
601,router_1_5,router_1_1,2.4000,0.753479
602,router_1_5,router_1_1,3.9001,0.751469
603,router_1_1,router_1_5,2.1000,0.754016
604,router_2_1,router_1_1,1.5000,0.949813
605,router_1_1,router_1_5,1.7000,0.755093
606,router_1_5,router_2_1,4.6001,0.695920
607,router_1_1,router_2_1,0.4000,0.949813
608,router_1_5,router_2_1,3.1000,0.700102
609,router_1_1,router_2_1,1.2000,0.949813
610,router_1_1,router_1_5,2.9001,0.752942
611,router_1_1,router_1_5,2.5000,0.753479
612,router_2_5,router_2_1,3.4001,0.752138
613,router_2_5,router_2_1,3.9001,0.752138
614,router_2_1,router_2_5,4.5001,0.748669
615,router_2_1,router_2_5,2.1000,0.755093
616,router_2_5,router_2_1,2.9000,0.752808
617,router_2_5,router_2_1,2.9000,0.752808
618,router_2_1,router_2_5,2.1000,0.755093
619,router_2_1,router_2_5,3.3001,0.752942
620,router_2_5,router_2_1,3.9001,0.750134
621,router_2_5,router_2_1,2.9000,0.754151
622,router_2_1,router_2_5,1.7000,0.755093
623,router_2_1,router_2_5,3.7001,0.751870
624,router_2_5,router_2_1,4.4001,0.749467
625,router_2_5,router_2_1,1.9000,0.755497
626,router_2_1,router_2_5,3.3001,0.752406
627,router_2_1,router_2_5,2.5000,0.754554
628,router_2_5,router_2_1,5.4001,0.749467
629,router_2_5,router_2_1,4.4001,0.750134
630,router_2_1,router_2_5,3.3001,0.750801
631,router_2_1,router_2_5,1.7000,0.755093
632,router_2_5,router_2_1,6.4001,0.743509
633,router_2_5,router_2_1,2.4000,0.754151
634,router_2_1,router_2_5,3.7001,0.750267
635,router_2_1,router_2_5,3.3001,0.752406
636,router_2_5,router_2_1,1.9000,0.754824
637,router_2_5,router_2_1,2.9000,0.752138
638,router_2_1,router_2_5,4.9001,0.747606
639,router_3_1,router_2_1,0.5000,0.949813
640,router_2_1,router_2_5,1.7000,0.755093
641,router_2_5,router_3_1,4.6001,0.697827
642,router_2_1,router_3_1,0.8000,0.949813
643,router_2_5,router_3_1,3.6000,0.698305
644,router_2_1,router_3_1,0.4000,0.949813
645,router_2_1,router_2_5,1.3000,0.756172
646,router_2_1,router_2_5,2.5000,0.754016
647,router_3_5,router_3_1,2.4000,0.754824
648,router_3_5,router_3_1,1.9000,0.754824
649,router_3_1,router_3_5,3.7001,0.750267
650,router_3_1,router_3_5,1.7000,0.755632
651,router_3_5,router_3_1,1.9000,0.754824
652,router_3_5,router_3_1,2.9000,0.752138
653,router_3_1,router_3_5,3.3001,0.751870
654,router_3_1,router_3_5,2.9001,0.752406
655,router_3_5,router_3_1,2.4000,0.754151
656,router_3_5,router_3_1,2.4000,0.753479
657,router_3_1,router_3_5,2.9001,0.754554
658,router_3_1,router_3_5,2.5000,0.753479
659,router_3_5,router_3_1,3.9001,0.751469
660,router_3_5,router_3_1,4.4001,0.750134
661,router_3_1,router_3_5,3.3001,0.753479
662,router_3_1,router_3_5,2.9001,0.752406
663,router_3_5,router_3_1,3.4001,0.750801
664,router_3_5,router_3_1,3.4001,0.750801
665,router_3_1,router_3_5,2.1000,0.754016
666,router_3_1,router_3_5,1.7000,0.755093
667,router_3_5,router_3_1,3.4001,0.750801
668,router_3_5,router_3_1,2.9000,0.752808
669,router_3_1,router_3_5,1.7000,0.755093
670,router_3_1,router_3_5,2.9001,0.753479
671,router_3_5,router_3_1,1.4000,0.756172
672,router_3_5,router_3_1,3.4001,0.753479
673,router_3_1,router_3_5,2.5000,0.754016
674,router_4_1,router_3_1,2.5001,0.949813
675,router_3_1,router_3_5,2.9001,0.752406
676,router_3_5,router_4_1,3.6000,0.698903
677,router_3_1,router_4_1,1.6001,0.949813
678,router_3_5,router_4_1,3.6000,0.699502
679,router_3_1,router_4_1,0.4000,0.949813
680,router_3_1,router_3_5,1.3000,0.756172
681,router_3_1,router_3_5,2.1000,0.755093
682,router_4_5,router_4_1,3.9001,0.750801
683,router_4_5,router_4_1,2.4000,0.754151
684,router_4_1,router_4_5,8.5002,0.737622
685,router_4_1,router_4_5,2.1000,0.754554
686,router_4_5,router_4_1,1.9000,0.754824
687,router_4_5,router_4_1,3.9001,0.750801
688,router_4_1,router_4_5,4.1001,0.748669
689,router_4_1,router_4_5,2.1000,0.754016
690,router_4_5,router_4_1,4.4001,0.748137
691,router_4_5,router_4_1,2.4000,0.754151
692,router_4_1,router_4_5,2.1000,0.754554
693,router_4_1,router_4_5,1.7000,0.755632
694,router_4_5,router_4_1,2.4000,0.753479
695,router_4_5,router_4_1,5.4001,0.747473
696,router_4_1,router_4_5,2.5000,0.752942
697,router_4_1,router_4_5,2.1000,0.754554
698,router_4_5,router_4_1,1.9000,0.754824
699,router_4_5,router_4_1,1.9000,0.754824
700,router_4_1,router_4_5,1.7000,0.755093
701,router_4_1,router_4_5,2.5000,0.753479
702,router_4_5,router_4_1,3.9001,0.750134
703,router_4_5,router_4_1,2.4000,0.754151
704,router_4_1,router_4_5,1.7000,0.755093
705,router_4_1,router_4_5,2.1000,0.754016
706,router_4_5,router_4_1,1.9000,0.754824
707,router_4_5,router_4_1,7.4002,0.740230
708,router_4_1,router_4_5,1.7000,0.755632
709,router_5_1,router_4_1,0.5000,0.949813
710,router_4_1,router_4_5,2.1000,0.754016
711,router_4_5,router_5_1,3.6000,0.699502
712,router_4_1,router_5_1,0.4000,0.949813
713,router_4_5,router_5_1,4.1001,0.697588
714,router_4_1,router_5_1,1.6001,0.949813
715,router_4_1,router_4_5,3.7001,0.751335
716,router_4_1,router_4_5,1.7000,0.756172
717,router_5_5,router_5_1,2.4000,0.753479
718,router_5_5,router_5_1,2.9000,0.753479
719,router_5_1,router_5_5,4.5001,0.748137
720,router_5_1,router_5_5,2.1000,0.754554
721,router_5_5,router_5_1,2.9000,0.752138
722,router_5_5,router_5_1,1.4000,0.756172
723,router_5_1,router_5_5,3.7001,0.749734
724,router_5_1,router_5_5,1.3000,0.756172
725,router_5_5,router_5_1,2.4000,0.754824
726,router_5_5,router_5_1,3.4001,0.750801
727,router_5_1,router_5_5,3.3001,0.751870
728,router_5_1,router_5_5,4.5001,0.748137
729,router_5_5,router_5_1,1.9000,0.754824
730,router_5_5,router_5_1,2.9000,0.753479
731,router_5_1,router_5_5,2.5000,0.752942
732,router_5_1,router_5_5,3.3001,0.752406
733,router_5_5,router_5_1,3.9001,0.750801
734,router_5_5,router_5_1,3.4001,0.750801
735,router_5_1,router_5_5,1.7000,0.755632
736,router_5_1,router_5_5,2.9001,0.752942
737,router_5_5,router_5_1,1.9000,0.754824
738,router_5_5,router_5_1,1.9000,0.754824
739,router_5_1,router_5_5,3.7001,0.750801
740,router_5_1,router_5_5,2.9001,0.752942
741,router_5_5,router_5_1,2.9000,0.753479
742,router_5_5,router_5_1,1.9000,0.755497
743,router_5_1,router_5_5,6.5002,0.744431
744,router_6_1,router_5_1,1.0000,0.949813
745,router_5_1,router_5_5,1.7000,0.755093
746,router_5_5,router_6_1,4.6001,0.696515
747,router_5_1,router_6_1,0.8000,0.949813
748,router_5_5,router_6_1,5.1001,0.694022
749,router_5_1,router_6_1,0.4000,0.949813
750,router_5_1,router_5_5,2.5001,0.752942
751,router_5_1,router_5_5,1.7000,0.755093
752,router_6_5,router_6_1,4.9001,0.748802
753,router_6_5,router_6_1,6.9002,0.741539
754,router_6_1,router_6_5,2.5000,0.753479
755,router_6_1,router_6_5,6.1002,0.743378
756,router_6_5,router_6_1,5.9001,0.749467
757,router_6_5,router_6_1,4.9001,0.747473
758,router_6_1,router_6_5,3.7001,0.750267
759,router_6_1,router_6_5,1.3000,0.756172
760,router_6_5,router_6_1,2.9000,0.752138
761,router_6_5,router_6_1,3.4001,0.750801
762,router_6_1,router_6_5,1.7000,0.755093
763,router_6_1,router_6_5,4.1001,0.748669
764,router_6_5,router_6_1,2.4000,0.754824
765,router_6_5,router_6_1,3.4001,0.750801
766,router_6_1,router_6_5,2.5000,0.753479
767,router_6_1,router_6_5,2.1000,0.754016
768,router_6_5,router_6_1,4.4001,0.748137
769,router_6_5,router_6_1,3.4001,0.751469
770,router_6_1,router_6_5,1.3000,0.756172
771,router_6_1,router_6_5,2.1000,0.754016
772,router_6_5,router_6_1,3.9001,0.749467
773,router_6_5,router_6_1,2.4000,0.753479
774,router_6_1,router_6_5,1.7000,0.755093
775,router_6_1,router_6_5,2.9001,0.754554
776,router_6_5,router_6_1,4.9001,0.748137
777,router_6_5,router_6_1,4.4001,0.748802
778,router_6_1,router_6_5,1.7000,0.755632
779,router_7_1,router_6_1,2.0000,0.949813
780,router_6_1,router_6_5,2.5000,0.753479
781,router_6_5,router_7_1,3.6000,0.700462
782,router_6_1,router_7_1,1.6001,0.949813
783,router_6_5,router_7_1,3.6000,0.701424
784,router_6_1,router_7_1,0.8000,0.949813
785,router_6_1,router_6_5,3.7001,0.752406
786,router_6_1,router_6_5,2.9001,0.751870
787,router_7_5,router_7_1,1.9000,0.755497
788,router_7_5,router_7_1,3.4001,0.751469
789,router_7_1,router_7_5,4.1001,0.749201
790,router_7_1,router_7_5,2.5000,0.754554
791,router_7_5,router_7_1,1.9000,0.754824
792,router_7_5,router_7_1,2.4000,0.754151
793,router_7_1,router_7_5,1.7000,0.755093
794,router_7_1,router_7_5,2.1000,0.755632
795,router_7_5,router_7_1,3.4001,0.752808
796,router_7_5,router_7_1,2.4000,0.754824
797,router_7_1,router_7_5,3.3001,0.751335
798,router_7_1,router_7_5,2.1000,0.754554
799,router_7_5,router_7_1,2.4000,0.753479
800,router_7_5,router_7_1,3.4001,0.752138
801,router_7_1,router_7_5,1.7000,0.755093
802,router_7_1,router_7_5,2.5000,0.753479
803,router_7_5,router_7_1,2.9000,0.752808
804,router_7_5,router_7_1,2.9000,0.752808
805,router_7_1,router_7_5,3.3001,0.751870
806,router_7_1,router_7_5,2.1000,0.755093
807,router_7_5,router_7_1,7.9002,0.739577
808,router_7_5,router_7_1,1.9000,0.755497
809,router_7_1,router_7_5,3.3001,0.751870
810,router_7_1,router_7_5,1.7000,0.755093
811,router_7_5,router_7_1,1.9000,0.754824
812,router_7_5,router_7_1,3.9001,0.750134
813,router_7_1,router_7_5,2.1000,0.754554
814,router_0_2,router_7_1,4.1001,0.573307
815,router_7_1,router_7_5,4.5001,0.747606
816,router_7_5,router_0_2,6.0000,0.508182
817,router_7_1,router_0_2,4.6001,0.571673
818,router_7_5,router_0_2,6.5001,0.505784
819,router_7_1,router_0_2,4.6001,0.572188
820,router_7_1,router_7_5,2.1000,0.754554
821,router_7_1,router_7_5,1.7000,0.755093
822,router_0_6,router_0_2,3.9001,0.749467
823,router_0_6,router_0_2,3.4001,0.752808
824,router_0_2,router_0_6,2.9001,0.752406
825,router_0_2,router_0_6,1.7000,0.755093
826,router_0_6,router_0_2,1.9000,0.755497
827,router_0_6,router_0_2,2.9000,0.754151
828,router_0_2,router_0_6,3.3001,0.750801
829,router_0_2,router_0_6,1.7000,0.755632
830,router_0_6,router_0_2,1.9000,0.755497
831,router_0_6,router_0_2,3.9001,0.749467
832,router_0_2,router_0_6,2.1000,0.754016
833,router_0_2,router_0_6,3.7001,0.749734
834,router_0_6,router_0_2,5.4001,0.747473
835,router_0_6,router_0_2,4.4001,0.750801
836,router_0_2,router_0_6,3.3001,0.751870
837,router_0_2,router_0_6,2.1000,0.754554
838,router_0_6,router_0_2,3.9001,0.749467
839,router_0_6,router_0_2,3.4001,0.751469
840,router_0_2,router_0_6,2.5000,0.752942
841,router_0_2,router_0_6,2.9001,0.751870
842,router_0_6,router_0_2,2.4000,0.753479
843,router_0_6,router_0_2,4.9001,0.748137
844,router_0_2,router_0_6,1.7000,0.755632
845,router_0_2,router_0_6,2.9001,0.752942
846,router_0_6,router_0_2,3.9001,0.752138
847,router_0_6,router_0_2,2.9000,0.753479
848,router_0_2,router_0_6,1.7000,0.755093
849,router_1_2,router_0_2,0.5000,0.949813
850,router_0_2,router_0_6,2.9001,0.752406
851,router_0_6,router_1_2,5.6001,0.694377
852,router_0_2,router_1_2,0.4000,0.949813
853,router_0_6,router_1_2,3.6000,0.698903
854,router_0_2,router_1_2,0.4000,0.949813
855,router_0_2,router_0_6,4.1001,0.749201
856,router_0_2,router_0_6,2.5000,0.752942
857,router_1_6,router_1_2,2.4000,0.754151
858,router_1_6,router_1_2,4.4001,0.748137
859,router_1_2,router_1_6,3.3001,0.751335
860,router_1_2,router_1_6,3.3001,0.751870
861,router_1_6,router_1_2,3.4001,0.750801
862,router_1_6,router_1_2,5.9001,0.744827
863,router_1_2,router_1_6,1.7000,0.755093
864,router_1_2,router_1_6,2.9001,0.752406
865,router_1_6,router_1_2,4.4001,0.748137
866,router_1_6,router_1_2,4.4001,0.750134
867,router_1_2,router_1_6,3.7001,0.750801
868,router_1_2,router_1_6,1.3000,0.756172
869,router_1_6,router_1_2,3.9001,0.749467
870,router_1_6,router_1_2,2.4000,0.754151
871,router_1_2,router_1_6,2.5000,0.754016
872,router_1_2,router_1_6,2.1000,0.755093
873,router_1_6,router_1_2,4.9001,0.746810
874,router_1_6,router_1_2,2.9000,0.752808
875,router_1_2,router_1_6,4.5001,0.748669
876,router_1_2,router_1_6,4.9001,0.747075
877,router_1_6,router_1_2,6.4001,0.743509
878,router_1_6,router_1_2,2.4000,0.755497
879,router_1_2,router_1_6,2.5000,0.754016
880,router_1_2,router_1_6,4.1001,0.748669
881,router_1_6,router_1_2,2.9000,0.754151
882,router_1_6,router_1_2,1.9000,0.754824
883,router_1_2,router_1_6,1.7000,0.755093
884,router_2_2,router_1_2,0.5000,0.949813
885,router_1_2,router_1_6,3.3001,0.750801
886,router_1_6,router_2_2,4.1001,0.698185
887,router_1_2,router_2_2,0.8000,0.949813
888,router_1_6,router_2_2,3.1000,0.701183
889,router_1_2,router_2_2,0.8000,0.949813
890,router_1_2,router_1_6,1.7000,0.755632
891,router_1_2,router_1_6,2.9001,0.752942
892,router_2_6,router_2_2,2.4000,0.754824
893,router_2_6,router_2_2,2.4000,0.754151
894,router_2_2,router_2_6,3.3001,0.750801
895,router_2_2,router_2_6,3.3001,0.751335
896,router_2_6,router_2_2,2.4000,0.753479
897,router_2_6,router_2_2,9.4002,0.735676
898,router_2_2,router_2_6,3.3001,0.751335
899,router_2_2,router_2_6,2.5000,0.754554
900,router_2_6,router_2_2,2.9000,0.752808
901,router_2_6,router_2_2,2.4000,0.753479
902,router_2_2,router_2_6,6.1002,0.743904
903,router_2_2,router_2_6,2.5000,0.753479
904,router_2_6,router_2_2,5.4001,0.746148
905,router_2_6,router_2_2,3.9001,0.749467
906,router_2_2,router_2_6,3.3001,0.752406
907,router_2_2,router_2_6,3.3001,0.751335
908,router_2_6,router_2_2,4.4001,0.748802
909,router_2_6,router_2_2,1.9000,0.755497
910,router_2_2,router_2_6,2.5000,0.752942
911,router_2_2,router_2_6,2.5000,0.753479
912,router_2_6,router_2_2,2.4000,0.753479
913,router_2_6,router_2_2,2.4000,0.753479
914,router_2_2,router_2_6,3.3001,0.751335
915,router_2_2,router_2_6,4.1001,0.750267
916,router_2_6,router_2_2,2.9000,0.752808
917,router_2_6,router_2_2,1.9000,0.754824
918,router_2_2,router_2_6,1.7000,0.755093
919,router_3_2,router_2_2,0.5000,0.949813
920,router_2_2,router_2_6,1.7000,0.755093
921,router_2_6,router_3_2,3.6000,0.699382
922,router_2_2,router_3_2,0.4000,0.949813
923,router_2_6,router_3_2,4.1001,0.696515
924,router_2_2,router_3_2,1.2000,0.949813
925,router_2_2,router_2_6,2.5001,0.753479
926,router_2_2,router_2_6,3.3001,0.750801
927,router_3_6,router_3_2,1.9000,0.755497
928,router_3_6,router_3_2,1.4000,0.756172
929,router_3_2,router_3_6,4.1001,0.748669
930,router_3_2,router_3_6,2.5000,0.753479
931,router_3_6,router_3_2,2.9000,0.752808
932,router_3_6,router_3_2,3.4001,0.750801
933,router_3_2,router_3_6,2.9001,0.751870
934,router_3_2,router_3_6,3.3001,0.751335
935,router_3_6,router_3_2,3.4001,0.752138
936,router_3_6,router_3_2,2.4000,0.754151
937,router_3_2,router_3_6,3.7001,0.749734
938,router_3_2,router_3_6,2.5000,0.753479
939,router_3_6,router_3_2,2.9000,0.752138
940,router_3_6,router_3_2,4.9001,0.746810
941,router_3_2,router_3_6,2.5000,0.755093
942,router_3_2,router_3_6,2.9001,0.751870
943,router_3_6,router_3_2,5.9001,0.745487
944,router_3_6,router_3_2,1.9000,0.754824
945,router_3_2,router_3_6,3.3001,0.752406
946,router_3_2,router_3_6,2.5000,0.752942
947,router_3_6,router_3_2,5.9001,0.744168
948,router_3_6,router_3_2,2.4000,0.754151
949,router_3_2,router_3_6,2.9001,0.752406
950,router_3_2,router_3_6,3.7001,0.752942
951,router_3_6,router_3_2,2.4000,0.753479
952,router_3_6,router_3_2,1.9000,0.754824
953,router_3_2,router_3_6,2.5000,0.754016
954,router_4_2,router_3_2,0.5000,0.949813
955,router_3_2,router_3_6,2.5000,0.752942
956,router_3_6,router_4_2,3.1000,0.700702
957,router_3_2,router_4_2,0.8000,0.949813
958,router_3_6,router_4_2,3.1000,0.700102
959,router_3_2,router_4_2,0.8000,0.949813
960,router_3_2,router_3_6,2.1000,0.755093
961,router_3_2,router_3_6,4.1001,0.749201
962,router_4_6,router_4_2,2.4000,0.753479
963,router_4_6,router_4_2,3.4001,0.751469
964,router_4_2,router_4_6,2.9001,0.752406
965,router_4_2,router_4_6,4.1001,0.749734
966,router_4_6,router_4_2,6.4001,0.744168
967,router_4_6,router_4_2,2.9000,0.752808
968,router_4_2,router_4_6,2.5000,0.753479
969,router_4_2,router_4_6,2.1000,0.754016
970,router_4_6,router_4_2,5.4001,0.745487
971,router_4_6,router_4_2,4.9001,0.749467
972,router_4_2,router_4_6,1.7000,0.755093
973,router_4_2,router_4_6,3.3001,0.752942
974,router_4_6,router_4_2,5.9001,0.744168
975,router_4_6,router_4_2,4.9001,0.751469
976,router_4_2,router_4_6,1.7000,0.755632
977,router_4_2,router_4_6,1.3000,0.756172
978,router_4_6,router_4_2,1.4000,0.756172
979,router_4_6,router_4_2,3.9001,0.752138
980,router_4_2,router_4_6,1.7000,0.755093
981,router_4_2,router_4_6,2.5000,0.754554
982,router_4_6,router_4_2,2.4000,0.754151
983,router_4_6,router_4_2,2.9000,0.752138
984,router_4_2,router_4_6,2.5000,0.752942
985,router_4_2,router_4_6,2.5000,0.752942
986,router_4_6,router_4_2,3.9001,0.750134
987,router_4_6,router_4_2,1.9000,0.754824
988,router_4_2,router_4_6,2.5000,0.752942
989,router_5_2,router_4_2,3.0001,0.949813
990,router_4_2,router_4_6,3.3001,0.751870
991,router_4_6,router_5_2,5.1001,0.695801
992,router_4_2,router_5_2,0.4000,0.949813
993,router_4_6,router_5_2,5.1001,0.696396
994,router_4_2,router_5_2,0.4000,0.949813
995,router_4_2,router_4_6,2.1000,0.754016
996,router_4_2,router_4_6,3.3001,0.751335
997,router_5_6,router_5_2,1.4000,0.756172
998,router_5_6,router_5_2,5.4001,0.745487
999,router_5_2,router_5_6,4.1001,0.748669
1000,router_5_2,router_5_6,2.9001,0.752406
1001,router_5_6,router_5_2,2.4000,0.753479
1002,router_5_6,router_5_2,2.4000,0.754151
1003,router_5_2,router_5_6,1.7000,0.755093
1004,router_5_2,router_5_6,2.1000,0.754016
1005,router_5_6,router_5_2,2.4000,0.754151
1006,router_5_6,router_5_2,2.9000,0.752808
1007,router_5_2,router_5_6,2.5000,0.752942
1008,router_5_2,router_5_6,2.9001,0.752406
1009,router_5_6,router_5_2,3.4001,0.750801
1010,router_5_6,router_5_2,3.9001,0.750801
1011,router_5_2,router_5_6,1.7000,0.755093
1012,router_5_2,router_5_6,2.5000,0.754016
1013,router_5_6,router_5_2,3.4001,0.750801
1014,router_5_6,router_5_2,2.9000,0.753479
1015,router_5_2,router_5_6,2.1000,0.754554
1016,router_5_2,router_5_6,1.3000,0.756172
1017,router_5_6,router_5_2,1.9000,0.754824
1018,router_5_6,router_5_2,4.9001,0.746810
1019,router_5_2,router_5_6,2.5000,0.752942
1020,router_5_2,router_5_6,2.1000,0.754016
1021,router_5_6,router_5_2,1.9000,0.754824
1022,router_5_6,router_5_2,4.9001,0.747473
1023,router_5_2,router_5_6,2.5000,0.754016
1024,router_6_2,router_5_2,1.0000,0.949813
1025,router_5_2,router_5_6,2.9001,0.752406
1026,router_5_6,router_6_2,6.1001,0.694259
1027,router_5_2,router_6_2,0.4000,0.949813
1028,router_5_6,router_6_2,3.6000,0.699982
1029,router_5_2,router_6_2,0.8000,0.949813
1030,router_5_2,router_5_6,2.5001,0.754016
1031,router_5_2,router_5_6,2.9001,0.752406
1032,router_6_6,router_6_2,3.4001,0.752808
1033,router_6_6,router_6_2,7.9002,0.740884
1034,router_6_2,router_6_6,2.5000,0.753479
1035,router_6_2,router_6_6,1.7000,0.755632
1036,router_6_6,router_6_2,2.9000,0.752808
1037,router_6_6,router_6_2,2.4000,0.753479
1038,router_6_2,router_6_6,4.5001,0.748669
1039,router_6_2,router_6_6,1.7000,0.755093
1040,router_6_6,router_6_2,2.9000,0.752808
1041,router_6_6,router_6_2,2.4000,0.754151
1042,router_6_2,router_6_6,2.1000,0.754554
1043,router_6_2,router_6_6,2.5000,0.755632
1044,router_6_6,router_6_2,2.4000,0.756172
1045,router_6_6,router_6_2,2.9000,0.753479
1046,router_6_2,router_6_6,4.5001,0.748137
1047,router_6_2,router_6_6,3.7001,0.751335
1048,router_6_6,router_6_2,2.9000,0.752808
1049,router_6_6,router_6_2,2.9000,0.752808
1050,router_6_2,router_6_6,1.3000,0.756172
1051,router_6_2,router_6_6,2.1000,0.754016
1052,router_6_6,router_6_2,2.9000,0.753479
1053,router_6_6,router_6_2,3.9001,0.749467
1054,router_6_2,router_6_6,2.5000,0.754554
1055,router_6_2,router_6_6,2.1000,0.754016
1056,router_6_6,router_6_2,3.4001,0.750801
1057,router_6_6,router_6_2,2.4000,0.753479
1058,router_6_2,router_6_6,2.5000,0.753479
1059,router_7_2,router_6_2,1.5000,0.949813
1060,router_6_2,router_6_6,2.5000,0.754016
1061,router_6_6,router_7_2,4.1001,0.696515
1062,router_6_2,router_7_2,1.2000,0.949813
1063,router_6_6,router_7_2,4.6001,0.695920
1064,router_6_2,router_7_2,1.2000,0.949813
1065,router_6_2,router_6_6,2.5001,0.752942
1066,router_6_2,router_6_6,2.5000,0.753479
1067,router_7_6,router_7_2,2.4000,0.753479
1068,router_7_6,router_7_2,3.4001,0.753479
1069,router_7_2,router_7_6,2.5000,0.754554
1070,router_7_2,router_7_6,2.1000,0.754554
1071,router_7_6,router_7_2,2.9000,0.752808
1072,router_7_6,router_7_2,4.4001,0.750801
1073,router_7_2,router_7_6,2.1000,0.754554
1074,router_7_2,router_7_6,2.9001,0.753479
1075,router_7_6,router_7_2,4.4001,0.748802
1076,router_7_6,router_7_2,1.9000,0.755497
1077,router_7_2,router_7_6,2.9001,0.751870
1078,router_7_2,router_7_6,3.7001,0.750267
1079,router_7_6,router_7_2,4.4001,0.750801
1080,router_7_6,router_7_2,1.9000,0.754824
1081,router_7_2,router_7_6,2.1000,0.754016
1082,router_7_2,router_7_6,2.9001,0.752406
1083,router_7_6,router_7_2,1.9000,0.754824
1084,router_7_6,router_7_2,2.4000,0.754151
1085,router_7_2,router_7_6,4.5001,0.749734
1086,router_7_2,router_7_6,2.1000,0.754554
1087,router_7_6,router_7_2,1.9000,0.754824
1088,router_7_6,router_7_2,1.9000,0.754824
1089,router_7_2,router_7_6,1.7000,0.755632
1090,router_7_2,router_7_6,1.7000,0.755093
1091,router_7_6,router_7_2,2.4000,0.754151
1092,router_7_6,router_7_2,1.9000,0.755497
1093,router_7_2,router_7_6,2.9001,0.751870
1094,router_0_3,router_7_2,4.6001,0.570645
1095,router_7_2,router_7_6,2.5000,0.754016
1096,router_7_6,router_0_3,7.0001,0.505784
1097,router_7_2,router_0_3,5.1001,0.570389
1098,router_7_6,router_0_3,6.5001,0.506467
1099,router_7_2,router_0_3,3.6000,0.574430
1100,router_7_2,router_7_6,2.5001,0.754016
1101,router_7_2,router_7_6,2.5000,0.752942
1102,router_0_7,router_0_3,1.9000,0.755497
1103,router_0_7,router_0_3,2.4000,0.753479
1104,router_0_3,router_0_7,2.5000,0.754554
1105,router_0_3,router_0_7,1.7000,0.755632
1106,router_0_7,router_0_3,5.4001,0.747473
1107,router_0_7,router_0_3,3.4001,0.751469
1108,router_0_3,router_0_7,2.5000,0.752942
1109,router_0_3,router_0_7,1.3000,0.756172
1110,router_0_7,router_0_3,2.9000,0.752808
1111,router_0_7,router_0_3,2.4000,0.753479
1112,router_0_3,router_0_7,1.7000,0.755093
1113,router_0_3,router_0_7,3.3001,0.751335
1114,router_0_7,router_0_3,4.4001,0.749467
1115,router_0_7,router_0_3,1.4000,0.756172
1116,router_0_3,router_0_7,4.5001,0.748137
1117,router_0_3,router_0_7,2.5000,0.754016
1118,router_0_7,router_0_3,3.4001,0.751469
1119,router_0_7,router_0_3,2.4000,0.754151
1120,router_0_3,router_0_7,2.5000,0.752942
1121,router_0_3,router_0_7,4.1001,0.748669
1122,router_0_7,router_0_3,6.9002,0.741539
1123,router_0_7,router_0_3,4.9001,0.746810
1124,router_0_3,router_0_7,4.5001,0.748137
1125,router_0_3,router_0_7,5.3001,0.746016
1126,router_0_7,router_0_3,4.4001,0.749467
1127,router_0_7,router_0_3,4.4001,0.748137
1128,router_0_3,router_0_7,4.5001,0.748137
1129,router_1_3,router_0_3,1.0000,0.949813
1130,router_0_3,router_0_7,2.5000,0.752942
1131,router_0_7,router_1_3,8.1002,0.683030
1132,router_0_3,router_1_3,0.8000,0.949813
1133,router_0_7,router_1_3,4.1001,0.698185
1134,router_0_3,router_1_3,0.4000,0.949813
1135,router_0_3,router_0_7,2.9001,0.752942
1136,router_0_3,router_0_7,3.7001,0.751870
1137,router_1_7,router_1_3,2.9000,0.752138
1138,router_1_7,router_1_3,2.4000,0.754824
1139,router_1_3,router_1_7,2.1000,0.754016
1140,router_1_3,router_1_7,2.9001,0.752942
1141,router_1_7,router_1_3,2.9000,0.752808
1142,router_1_7,router_1_3,3.4001,0.750801
1143,router_1_3,router_1_7,1.7000,0.755632
1144,router_1_3,router_1_7,2.9001,0.752406
1145,router_1_7,router_1_3,3.4001,0.752138
1146,router_1_7,router_1_3,2.4000,0.754824
1147,router_1_3,router_1_7,2.5000,0.752942
1148,router_1_3,router_1_7,2.9001,0.753479
1149,router_1_7,router_1_3,4.9001,0.746810
1150,router_1_7,router_1_3,4.9001,0.750801
1151,router_1_3,router_1_7,2.1000,0.754016
1152,router_1_3,router_1_7,2.5000,0.753479
1153,router_1_7,router_1_3,2.9000,0.752138
1154,router_1_7,router_1_3,2.9000,0.753479
1155,router_1_3,router_1_7,2.1000,0.754554
1156,router_1_3,router_1_7,2.9001,0.752406
1157,router_1_7,router_1_3,5.9001,0.750134
1158,router_1_7,router_1_3,3.9001,0.750134
1159,router_1_3,router_1_7,2.5000,0.752942
1160,router_1_3,router_1_7,2.1000,0.755093
1161,router_1_7,router_1_3,2.9000,0.752138
1162,router_1_7,router_1_3,2.9000,0.752138
1163,router_1_3,router_1_7,2.1000,0.754016
1164,router_2_3,router_1_3,2.5001,0.949813
1165,router_1_3,router_1_7,2.5000,0.753479
1166,router_1_7,router_2_3,5.1001,0.696396
1167,router_1_3,router_2_3,2.0001,0.949813
1168,router_1_7,router_2_3,5.1001,0.695801
1169,router_1_3,router_2_3,1.2000,0.949813
1170,router_1_3,router_1_7,4.1001,0.748669
1171,router_1_3,router_1_7,2.5000,0.753479
1172,router_2_7,router_2_3,2.9000,0.752138
1173,router_2_7,router_2_3,2.4000,0.754151
1174,router_2_3,router_2_7,2.1000,0.754554
1175,router_2_3,router_2_7,3.3001,0.751335
1176,router_2_7,router_2_3,2.9000,0.752138
1177,router_2_7,router_2_3,2.4000,0.753479
1178,router_2_3,router_2_7,2.1000,0.754016
1179,router_2_3,router_2_7,3.7001,0.752406
1180,router_2_7,router_2_3,2.4000,0.754151
1181,router_2_7,router_2_3,2.9000,0.752138
1182,router_2_3,router_2_7,1.7000,0.755093
1183,router_2_3,router_2_7,4.1001,0.748669
1184,router_2_7,router_2_3,2.9000,0.752138
1185,router_2_7,router_2_3,2.9000,0.752138
1186,router_2_3,router_2_7,2.1000,0.754016
1187,router_2_3,router_2_7,2.5000,0.753479
1188,router_2_7,router_2_3,3.4001,0.750801
1189,router_2_7,router_2_3,3.9001,0.749467
1190,router_2_3,router_2_7,3.3001,0.752942
1191,router_2_3,router_2_7,2.9001,0.752406
1192,router_2_7,router_2_3,4.4001,0.748802
1193,router_2_7,router_2_3,2.9000,0.752138
1194,router_2_3,router_2_7,2.5000,0.754554
1195,router_2_3,router_2_7,2.5000,0.754016
1196,router_2_7,router_2_3,2.9000,0.752808
1197,router_2_7,router_2_3,5.9001,0.744827
1198,router_2_3,router_2_7,2.5000,0.752942
1199,router_3_3,router_2_3,0.5000,0.949813
1200,router_2_3,router_2_7,2.9001,0.752406
1201,router_2_7,router_3_3,2.6000,0.701906
1202,router_2_3,router_3_3,1.2000,0.949813
1203,router_2_7,router_3_3,4.1001,0.696515
1204,router_2_3,router_3_3,0.8000,0.949813
1205,router_2_3,router_2_7,2.1000,0.755093
1206,router_2_3,router_2_7,2.1000,0.754016
1207,router_3_7,router_3_3,2.4000,0.754151
1208,router_3_7,router_3_3,2.9000,0.752138
1209,router_3_3,router_3_7,2.5000,0.753479
1210,router_3_3,router_3_7,3.3001,0.750801
1211,router_3_7,router_3_3,2.9000,0.752138
1212,router_3_7,router_3_3,2.4000,0.753479
1213,router_3_3,router_3_7,2.1000,0.756172
1214,router_3_3,router_3_7,3.7001,0.749734
1215,router_3_7,router_3_3,1.9000,0.755497
1216,router_3_7,router_3_3,5.4001,0.746810
1217,router_3_3,router_3_7,2.1000,0.754554
1218,router_3_3,router_3_7,2.5000,0.752942
1219,router_3_7,router_3_3,3.9001,0.749467
1220,router_3_7,router_3_3,3.4001,0.752138
1221,router_3_3,router_3_7,1.7000,0.755093
1222,router_3_3,router_3_7,2.1000,0.754554
1223,router_3_7,router_3_3,3.4001,0.752138
1224,router_3_7,router_3_3,2.9000,0.752808
1225,router_3_3,router_3_7,2.9001,0.752942
1226,router_3_3,router_3_7,1.3000,0.756172
1227,router_3_7,router_3_3,4.9001,0.748137
1228,router_3_7,router_3_3,1.9000,0.754824
1229,router_3_3,router_3_7,4.1001,0.749201
1230,router_3_3,router_3_7,3.3001,0.752406
1231,router_3_7,router_3_3,2.9000,0.752808
1232,router_3_7,router_3_3,2.9000,0.752808
1233,router_3_3,router_3_7,3.3001,0.751870
1234,router_4_3,router_3_3,1.5000,0.949813
1235,router_3_3,router_3_7,3.3001,0.751870
1236,router_3_7,router_4_3,4.6001,0.695801
1237,router_3_3,router_4_3,0.4000,0.949813
1238,router_3_7,router_4_3,2.8001,0.702871
1239,router_3_3,router_4_3,1.2000,0.949813
1240,router_3_3,router_3_7,2.1000,0.755093
1241,router_3_3,router_3_7,4.9001,0.747075
1242,router_4_7,router_4_3,1.9000,0.754824
1243,router_4_7,router_4_3,2.4000,0.754151
1244,router_4_3,router_4_7,2.1000,0.754554
1245,router_4_3,router_4_7,2.1000,0.754554
1246,router_4_7,router_4_3,3.4001,0.753479
1247,router_4_7,router_4_3,5.9001,0.746148
1248,router_4_3,router_4_7,2.1000,0.754016
1249,router_4_3,router_4_7,2.5000,0.754016
1250,router_4_7,router_4_3,2.9000,0.752138
1251,router_4_7,router_4_3,2.9000,0.753479
1252,router_4_3,router_4_7,2.1000,0.754016
1253,router_4_3,router_4_7,2.1000,0.754554
1254,router_4_7,router_4_3,2.4000,0.754151
1255,router_4_7,router_4_3,2.4000,0.753479
1256,router_4_3,router_4_7,2.1000,0.754554
1257,router_4_3,router_4_7,2.1000,0.754016
1258,router_4_7,router_4_3,1.9000,0.756172
1259,router_4_7,router_4_3,2.9000,0.754151
1260,router_4_3,router_4_7,2.5000,0.754554
1261,router_4_3,router_4_7,2.5000,0.752942
1262,router_4_7,router_4_3,7.9002,0.740230
1263,router_4_7,router_4_3,1.4000,0.756172
1264,router_4_3,router_4_7,2.5000,0.752942
1265,router_4_3,router_4_7,2.1000,0.754016
1266,router_4_7,router_4_3,4.4001,0.749467
1267,router_4_7,router_4_3,3.4001,0.752808
1268,router_4_3,router_4_7,3.3001,0.751870
1269,router_5_3,router_4_3,1.0000,0.949813
1270,router_4_3,router_4_7,1.7000,0.755632
1271,router_4_7,router_5_3,3.6000,0.699262
1272,router_4_3,router_5_3,4.0001,0.949813
1273,router_4_7,router_5_3,5.1001,0.696396
1274,router_4_3,router_5_3,0.8000,0.949813
1275,router_4_3,router_4_7,3.7001,0.749734
1276,router_4_3,router_4_7,2.1000,0.754016
1277,router_5_7,router_5_3,4.4001,0.748137
1278,router_5_7,router_5_3,1.9000,0.755497
1279,router_5_3,router_5_7,1.7000,0.755632
1280,router_5_3,router_5_7,3.3001,0.751335
1281,router_5_7,router_5_3,2.9000,0.754151
1282,router_5_7,router_5_3,1.9000,0.755497
1283,router_5_3,router_5_7,3.7001,0.750801
1284,router_5_3,router_5_7,2.5000,0.752942
1285,router_5_7,router_5_3,2.4000,0.754824
1286,router_5_7,router_5_3,3.9001,0.750801
1287,router_5_3,router_5_7,2.9001,0.751870
1288,router_5_3,router_5_7,1.7000,0.755093
1289,router_5_7,router_5_3,2.9000,0.752808
1290,router_5_7,router_5_3,3.9001,0.750801
1291,router_5_3,router_5_7,1.7000,0.755632
1292,router_5_3,router_5_7,2.1000,0.754016
1293,router_5_7,router_5_3,1.9000,0.755497
1294,router_5_7,router_5_3,1.9000,0.756172
1295,router_5_3,router_5_7,2.5000,0.754016
1296,router_5_3,router_5_7,3.7001,0.750267
1297,router_5_7,router_5_3,3.9001,0.750134
1298,router_5_7,router_5_3,2.4000,0.754151
1299,router_5_3,router_5_7,1.7000,0.755632
1300,router_5_3,router_5_7,2.5000,0.753479
1301,router_5_7,router_5_3,1.9000,0.755497
1302,router_5_7,router_5_3,1.9000,0.755497
1303,router_5_3,router_5_7,2.1000,0.754554
1304,router_6_3,router_5_3,1.0000,0.949813
1305,router_5_3,router_5_7,2.5000,0.754016
1306,router_5_7,router_6_3,4.6001,0.695326
1307,router_5_3,router_6_3,0.4000,0.949813
1308,router_5_7,router_6_3,3.6000,0.699382
1309,router_5_3,router_6_3,0.4000,0.949813
1310,router_5_3,router_5_7,4.1001,0.748669
1311,router_5_3,router_5_7,2.1000,0.754016
1312,router_6_7,router_6_3,2.9000,0.752808
1313,router_6_7,router_6_3,4.4001,0.748802
1314,router_6_3,router_6_7,2.1000,0.755093
1315,router_6_3,router_6_7,2.1000,0.754016
1316,router_6_7,router_6_3,3.4001,0.751469
1317,router_6_7,router_6_3,3.9001,0.749467
1318,router_6_3,router_6_7,2.1000,0.754554
1319,router_6_3,router_6_7,1.7000,0.755632
1320,router_6_7,router_6_3,3.4001,0.750801
1321,router_6_7,router_6_3,2.4000,0.754151
1322,router_6_3,router_6_7,2.1000,0.754554
1323,router_6_3,router_6_7,2.9001,0.752406
1324,router_6_7,router_6_3,2.9000,0.752138
1325,router_6_7,router_6_3,5.4001,0.746148
1326,router_6_3,router_6_7,2.1000,0.755093
1327,router_6_3,router_6_7,1.3000,0.756172
1328,router_6_7,router_6_3,2.9000,0.752138
1329,router_6_7,router_6_3,2.4000,0.754151
1330,router_6_3,router_6_7,2.1000,0.755093
1331,router_6_3,router_6_7,2.1000,0.755093
1332,router_6_7,router_6_3,2.9000,0.752808
1333,router_6_7,router_6_3,5.9001,0.745487
1334,router_6_3,router_6_7,2.1000,0.754554
1335,router_6_3,router_6_7,1.7000,0.755093
1336,router_6_7,router_6_3,2.4000,0.753479
1337,router_6_7,router_6_3,2.9000,0.752138
1338,router_6_3,router_6_7,4.1001,0.748669
1339,router_7_3,router_6_3,0.5000,0.949813
1340,router_6_3,router_6_7,3.3001,0.751870
1341,router_6_7,router_7_3,4.1001,0.699742
1342,router_6_3,router_7_3,1.6001,0.949813
1343,router_6_7,router_7_3,4.1001,0.697111
1344,router_6_3,router_7_3,1.6001,0.949813
1345,router_6_3,router_6_7,1.7000,0.755093
1346,router_6_3,router_6_7,2.5000,0.754016
1347,router_7_7,router_7_3,4.4001,0.749467
1348,router_7_7,router_7_3,2.9000,0.752808
1349,router_7_3,router_7_7,3.3001,0.751870
1350,router_7_3,router_7_7,3.7001,0.750801
1351,router_7_7,router_7_3,3.4001,0.752138
1352,router_7_7,router_7_3,1.9000,0.755497
1353,router_7_3,router_7_7,2.1000,0.754554
1354,router_7_3,router_7_7,1.7000,0.755093
1355,router_7_7,router_7_3,2.9000,0.752808
1356,router_7_7,router_7_3,3.4001,0.753479
1357,router_7_3,router_7_7,2.5000,0.752942
1358,router_7_3,router_7_7,2.1000,0.754016
1359,router_7_7,router_7_3,1.9000,0.755497
1360,router_7_7,router_7_3,2.9000,0.752138
1361,router_7_3,router_7_7,1.7000,0.755093
1362,router_7_3,router_7_7,2.1000,0.754016
1363,router_7_7,router_7_3,2.9000,0.752138
1364,router_7_7,router_7_3,2.4000,0.754824
1365,router_7_3,router_7_7,2.5000,0.754016
1366,router_7_3,router_7_7,1.7000,0.755093
1367,router_7_7,router_7_3,2.4000,0.754151
1368,router_7_7,router_7_3,2.9000,0.752808
1369,router_7_3,router_7_7,3.3001,0.751870
1370,router_7_3,router_7_7,3.3001,0.750801
1371,router_7_7,router_7_3,2.4000,0.753479
1372,router_7_7,router_7_3,2.9000,0.754824
1373,router_7_3,router_7_7,3.3001,0.751335
1374,router_7_3,router_7_7,2.5000,0.752942
1375,router_7_3,router_7_7,2.5000,0.754016
1376,router_7_7,router_7_3,2.4000,0.754824
1377,router_7_7,router_7_3,3.4001,0.751469
1378,router_7_3,router_7_7,2.1000,0.754554
1379,router_7_3,router_7_7,1.7000,0.755093
1380,router_7_3,router_7_7,4.1001,0.750801
1381,router_7_7,router_7_3,2.4000,0.754151
1382,router_7_7,router_7_3,1.9000,0.755497
1383,router_7_3,router_7_7,4.1001,0.749201
1384,router_7_3,router_7_7,2.9001,0.752406
1385,router_7_3,router_7_7,2.1000,0.754554
1386,router_7_7,router_7_3,1.9000,0.754824
1387,router_7_7,router_7_3,2.9000,0.753479
1388,router_7_3,router_7_7,2.5000,0.752942
1389,router_7_3,router_7_7,4.1001,0.749201
1390,router_7_3,router_7_7,2.5000,0.753479
1391,router_7_7,router_7_3,2.9000,0.752138
1392,router_7_7,router_7_3,3.4001,0.752138
1393,router_7_3,router_7_7,3.7001,0.752406
1394,router_7_3,router_7_7,2.5000,0.752942
1395,router_7_3,router_7_7,2.5000,0.754016
1396,router_7_7,router_7_3,2.9000,0.752808
1397,router_7_7,router_7_3,5.9001,0.744827
1398,router_7_3,router_7_7,2.5000,0.753479
1399,router_7_3,router_7_7,3.3001,0.751335
1400,router_7_3,router_7_7,1.7000,0.755093
1401,router_6_7,router_7_3,3.6000,0.699502
1402,router_6_3,router_7_3,0.4000,0.949813
1403,router_6_7,router_7_3,9.1002,0.684186
1404,router_6_3,router_7_3,1.6001,0.949813
1405,router_6_3,router_6_7,2.5001,0.753479
1406,router_6_3,router_6_7,2.9001,0.754554
1407,router_7_3,router_6_3,1.0000,0.949813
1408,router_6_3,router_6_7,4.1001,0.748669
1409,router_6_7,router_6_3,4.9001,0.747473
1410,router_6_7,router_6_3,1.9000,0.755497
1411,router_6_3,router_6_7,2.9001,0.751870
1412,router_6_3,router_6_7,2.5000,0.752942
1413,router_6_3,router_6_7,1.7000,0.755093
1414,router_6_7,router_6_3,3.4001,0.750801
1415,router_6_7,router_6_3,2.9000,0.753479
1416,router_6_3,router_6_7,1.7000,0.755632
1417,router_6_3,router_6_7,2.1000,0.755632
1418,router_6_3,router_6_7,3.7001,0.750801
1419,router_6_7,router_6_3,3.4001,0.752138
1420,router_6_7,router_6_3,1.4000,0.756172
1421,router_6_3,router_6_7,2.5000,0.755632
1422,router_6_3,router_6_7,1.7000,0.755093
1423,router_6_3,router_6_7,2.5000,0.752942
1424,router_6_7,router_6_3,2.4000,0.754151
1425,router_6_7,router_6_3,2.4000,0.753479
1426,router_6_3,router_6_7,2.9001,0.752406
1427,router_6_3,router_6_7,3.3001,0.754554
1428,router_6_3,router_6_7,2.1000,0.754554
1429,router_6_7,router_6_3,3.9001,0.751469
1430,router_6_7,router_6_3,3.9001,0.750801
1431,router_6_3,router_6_7,1.7000,0.755093
1432,router_6_3,router_6_7,3.7001,0.749734
1433,router_6_3,router_6_7,2.1000,0.754554
1434,router_6_7,router_6_3,3.4001,0.752808
1435,router_6_7,router_6_3,2.9000,0.752138
1436,router_6_3,router_6_7,1.3000,0.756172
1437,router_6_3,router_6_7,1.7000,0.755093
1438,router_6_3,router_6_7,4.9001,0.747075
1439,router_6_7,router_6_3,2.9000,0.752138
1440,router_6_7,router_6_3,2.4000,0.754151
1441,router_6_3,router_6_7,2.9001,0.752942
1442,router_6_3,router_6_7,2.5000,0.752942
1443,router_6_3,router_6_7,1.7000,0.755093
1444,router_5_7,router_6_3,6.1001,0.690954
1445,router_5_3,router_6_3,0.4000,0.949813
1446,router_5_7,router_6_3,9.1002,0.680611
1447,router_5_3,router_6_3,1.2000,0.949813
1448,router_5_3,router_5_7,2.9001,0.752942
1449,router_5_3,router_5_7,2.5000,0.752942
1450,router_6_3,router_5_3,1.0000,0.949813
1451,router_5_3,router_5_7,2.9001,0.753479
1452,router_5_7,router_5_3,2.4000,0.754824
1453,router_5_7,router_5_3,1.9000,0.754824
1454,router_5_3,router_5_7,2.9001,0.751870
1455,router_5_3,router_5_7,2.5000,0.754554
1456,router_5_3,router_5_7,1.7000,0.755093
1457,router_5_7,router_5_3,2.4000,0.754151
1458,router_5_7,router_5_3,2.4000,0.753479
1459,router_5_3,router_5_7,2.1000,0.754016
1460,router_5_3,router_5_7,4.1001,0.748669
1461,router_5_3,router_5_7,3.3001,0.750801
1462,router_5_7,router_5_3,5.4001,0.748137
1463,router_5_7,router_5_3,3.4001,0.753479
1464,router_5_3,router_5_7,4.1001,0.751335
1465,router_5_3,router_5_7,2.1000,0.754554
1466,router_5_3,router_5_7,1.7000,0.755093
1467,router_5_7,router_5_3,4.4001,0.750134
1468,router_5_7,router_5_3,4.9001,0.747473
1469,router_5_3,router_5_7,3.3001,0.751870
1470,router_5_3,router_5_7,4.5001,0.749734
1471,router_5_3,router_5_7,1.7000,0.755093
1472,router_5_7,router_5_3,5.4001,0.746810
1473,router_5_7,router_5_3,2.4000,0.753479
1474,router_5_3,router_5_7,4.9001,0.746545
1475,router_5_3,router_5_7,1.7000,0.755093
1476,router_5_3,router_5_7,3.3001,0.751335
1477,router_5_7,router_5_3,1.9000,0.754824
1478,router_5_7,router_5_3,3.9001,0.751469
1479,router_5_3,router_5_7,2.1000,0.755093
1480,router_5_3,router_5_7,2.1000,0.754016
1481,router_5_3,router_5_7,4.5001,0.747606
1482,router_5_7,router_5_3,2.4000,0.753479
1483,router_5_7,router_5_3,2.9000,0.753479
1484,router_5_3,router_5_7,2.5000,0.753479
1485,router_5_3,router_5_7,1.7000,0.755093
1486,router_5_3,router_5_7,3.3001,0.754016
1487,router_4_7,router_5_3,5.6001,0.697350
1488,router_4_3,router_5_3,0.4000,0.949813
1489,router_4_7,router_5_3,6.1001,0.692603
1490,router_4_3,router_5_3,0.4000,0.949813
1491,router_4_3,router_4_7,2.1000,0.754016
1492,router_4_3,router_4_7,2.5000,0.753479
1493,router_5_3,router_4_3,0.5000,0.949813
1494,router_4_3,router_4_7,2.9001,0.751870
1495,router_4_7,router_4_3,3.9001,0.750801
1496,router_4_7,router_4_3,2.9000,0.752138
1497,router_4_3,router_4_7,1.7000,0.755093
1498,router_4_3,router_4_7,4.1001,0.748669
1499,router_4_3,router_4_7,1.7000,0.755632
1500,router_4_7,router_4_3,1.4000,0.756172
1501,router_4_7,router_4_3,2.9000,0.752808
1502,router_4_3,router_4_7,2.5000,0.754016
1503,router_4_3,router_4_7,2.9001,0.751870
1504,router_4_3,router_4_7,2.1000,0.754554
1505,router_4_7,router_4_3,2.4000,0.754824
1506,router_4_7,router_4_3,3.4001,0.754151
1507,router_4_3,router_4_7,4.9001,0.747606
1508,router_4_3,router_4_7,1.7000,0.755093
1509,router_4_3,router_4_7,2.1000,0.754016
1510,router_4_7,router_4_3,7.4002,0.740884
1511,router_4_7,router_4_3,5.4001,0.746148
1512,router_4_3,router_4_7,2.9001,0.751870
1513,router_4_3,router_4_7,1.7000,0.755632
1514,router_4_3,router_4_7,3.3001,0.752406
1515,router_4_7,router_4_3,2.9000,0.752138
1516,router_4_7,router_4_3,3.4001,0.752808
1517,router_4_3,router_4_7,2.1000,0.754554
1518,router_4_3,router_4_7,2.9001,0.751870
1519,router_4_3,router_4_7,2.5000,0.753479
1520,router_4_7,router_4_3,1.9000,0.754824
1521,router_4_7,router_4_3,3.4001,0.752808
1522,router_4_3,router_4_7,2.1000,0.754016
1523,router_4_3,router_4_7,4.1001,0.748669
1524,router_4_3,router_4_7,2.9001,0.752942
1525,router_4_7,router_4_3,2.4000,0.753479
1526,router_4_7,router_4_3,2.9000,0.752138
1527,router_4_3,router_4_7,2.5000,0.752942
1528,router_4_3,router_4_7,1.7000,0.755632
1529,router_4_3,router_4_7,1.3000,0.756172
1530,router_3_7,router_4_3,5.1001,0.694140
1531,router_3_3,router_4_3,0.4000,0.949813
1532,router_3_7,router_4_3,4.6001,0.694733
1533,router_3_3,router_4_3,0.8000,0.949813
1534,router_3_3,router_3_7,2.1000,0.754554
1535,router_3_3,router_3_7,2.5000,0.752942
1536,router_4_3,router_3_3,0.5000,0.949813
1537,router_3_3,router_3_7,2.5001,0.754016
1538,router_3_7,router_3_3,2.9000,0.752808
1539,router_3_7,router_3_3,3.4001,0.752138
1540,router_3_3,router_3_7,2.5000,0.753479
1541,router_3_3,router_3_7,1.7000,0.756172
1542,router_3_3,router_3_7,2.1000,0.754016
1543,router_3_7,router_3_3,2.4000,0.753479
1544,router_3_7,router_3_3,1.4000,0.756172
1545,router_3_3,router_3_7,2.1000,0.755093
1546,router_3_3,router_3_7,2.5000,0.753479
1547,router_3_3,router_3_7,2.1000,0.754016
1548,router_3_7,router_3_3,1.9000,0.754824
1549,router_3_7,router_3_3,2.9000,0.753479
1550,router_3_3,router_3_7,2.1000,0.754016
1551,router_3_3,router_3_7,1.3000,0.756172
1552,router_3_3,router_3_7,5.3001,0.746545
1553,router_3_7,router_3_3,2.4000,0.754151
1554,router_3_7,router_3_3,2.9000,0.752138
1555,router_3_3,router_3_7,4.1001,0.749734
1556,router_3_3,router_3_7,1.7000,0.755632
1557,router_3_3,router_3_7,2.1000,0.754016
1558,router_3_7,router_3_3,1.9000,0.754824
1559,router_3_7,router_3_3,1.9000,0.754824
1560,router_3_3,router_3_7,5.3001,0.748669
1561,router_3_3,router_3_7,1.7000,0.755632
1562,router_3_3,router_3_7,1.7000,0.755632
1563,router_3_7,router_3_3,1.9000,0.755497
1564,router_3_7,router_3_3,2.9000,0.754151
1565,router_3_3,router_3_7,1.7000,0.755093
1566,router_3_3,router_3_7,2.9001,0.752942
1567,router_3_3,router_3_7,4.1001,0.751870
1568,router_3_7,router_3_3,2.4000,0.753479
1569,router_3_7,router_3_3,2.4000,0.754824
1570,router_3_3,router_3_7,2.9001,0.754016
1571,router_3_3,router_3_7,4.5001,0.747606
1572,router_3_3,router_3_7,2.5000,0.753479
1573,router_2_7,router_3_3,3.6000,0.698305
1574,router_2_3,router_3_3,1.6001,0.949813
1575,router_2_7,router_3_3,3.6000,0.699382
1576,router_2_3,router_3_3,3.6001,0.949813
1577,router_2_3,router_2_7,3.3001,0.750801
1578,router_2_3,router_2_7,3.7001,0.749734
1579,router_3_3,router_2_3,0.5000,0.949813
1580,router_2_3,router_2_7,2.5001,0.752942
1581,router_2_7,router_2_3,3.9001,0.749467
1582,router_2_7,router_2_3,2.4000,0.753479
1583,router_2_3,router_2_7,2.5000,0.754016
1584,router_2_3,router_2_7,1.7000,0.755632
1585,router_2_3,router_2_7,2.1000,0.754554
1586,router_2_7,router_2_3,2.4000,0.754824
1587,router_2_7,router_2_3,2.9000,0.754151
1588,router_2_3,router_2_7,2.5000,0.754016
1589,router_2_3,router_2_7,3.7001,0.750267
1590,router_2_3,router_2_7,1.3000,0.756172
1591,router_2_7,router_2_3,3.4001,0.753479
1592,router_2_7,router_2_3,4.4001,0.748137
1593,router_2_3,router_2_7,1.7000,0.755093
1594,router_2_3,router_2_7,2.5000,0.754016
1595,router_2_3,router_2_7,3.3001,0.752406
1596,router_2_7,router_2_3,2.9000,0.754151
1597,router_2_7,router_2_3,1.9000,0.755497
1598,router_2_3,router_2_7,2.1000,0.754016
1599,router_2_3,router_2_7,2.1000,0.754016
1600,router_2_3,router_2_7,4.9001,0.747606
1601,router_2_7,router_2_3,2.9000,0.752138
1602,router_2_7,router_2_3,2.4000,0.753479
1603,router_2_3,router_2_7,1.7000,0.755093
1604,router_2_3,router_2_7,2.5000,0.753479
1605,router_2_3,router_2_7,4.9001,0.747606
1606,router_2_7,router_2_3,4.4001,0.748802
1607,router_2_7,router_2_3,2.9000,0.754824
1608,router_2_3,router_2_7,3.7001,0.750267
1609,router_2_3,router_2_7,2.5000,0.754016
1610,router_2_3,router_2_7,2.5000,0.752942
1611,router_2_7,router_2_3,1.9000,0.754824
1612,router_2_7,router_2_3,3.9001,0.750134
1613,router_2_3,router_2_7,1.3000,0.756172
1614,router_2_3,router_2_7,3.3001,0.751335
1615,router_2_3,router_2_7,3.3001,0.750801
1616,router_1_7,router_2_3,4.6001,0.694733
1617,router_1_3,router_2_3,0.4000,0.949813
1618,router_1_7,router_2_3,3.6000,0.699502
1619,router_1_3,router_2_3,1.6001,0.949813
1620,router_1_3,router_1_7,5.7002,0.747075
1621,router_1_3,router_1_7,2.5000,0.754554
1622,router_2_3,router_1_3,1.0000,0.949813
1623,router_1_3,router_1_7,1.7000,0.755632
1624,router_1_7,router_1_3,2.9000,0.752138
1625,router_1_7,router_1_3,5.4001,0.746810
1626,router_1_3,router_1_7,1.7000,0.755093
1627,router_1_3,router_1_7,2.1000,0.754016
1628,router_1_3,router_1_7,2.1000,0.754016
1629,router_1_7,router_1_3,2.4000,0.753479
1630,router_1_7,router_1_3,3.4001,0.751469
1631,router_1_3,router_1_7,2.9001,0.752942
1632,router_1_3,router_1_7,1.7000,0.755632
1633,router_1_3,router_1_7,2.5000,0.752942
1634,router_1_7,router_1_3,1.9000,0.754824
1635,router_1_7,router_1_3,3.9001,0.750801
1636,router_1_3,router_1_7,2.5000,0.754554
1637,router_1_3,router_1_7,5.7001,0.745487
1638,router_1_3,router_1_7,2.5000,0.752942
1639,router_1_7,router_1_3,2.9000,0.753479
1640,router_1_7,router_1_3,1.9000,0.754824
1641,router_1_3,router_1_7,5.7001,0.744431
1642,router_1_3,router_1_7,2.9001,0.752406
1643,router_1_3,router_1_7,2.5000,0.753479
1644,router_1_7,router_1_3,2.4000,0.754824
1645,router_1_7,router_1_3,3.4001,0.750801
1646,router_1_3,router_1_7,2.5000,0.753479
1647,router_1_3,router_1_7,2.1000,0.754016
1648,router_1_3,router_1_7,2.9001,0.753479
1649,router_1_7,router_1_3,2.4000,0.753479
1650,router_1_7,router_1_3,2.9000,0.752138
1651,router_1_3,router_1_7,1.3000,0.756172
1652,router_1_3,router_1_7,1.7000,0.755093
1653,router_1_3,router_1_7,1.3000,0.756172
1654,router_1_7,router_1_3,1.9000,0.756172
1655,router_1_7,router_1_3,1.9000,0.755497
1656,router_1_3,router_1_7,3.7001,0.751335
1657,router_1_3,router_1_7,2.9001,0.753479
1658,router_1_3,router_1_7,2.9001,0.752942
1659,router_0_7,router_1_3,3.1000,0.700102
1660,router_0_3,router_1_3,1.6001,0.949813
1661,router_0_7,router_1_3,3.1000,0.700102
1662,router_0_3,router_1_3,0.8000,0.949813
1663,router_0_3,router_0_7,2.9001,0.751870
1664,router_0_3,router_0_7,3.3001,0.752406
1665,router_1_3,router_0_3,1.0000,0.949813
1666,router_0_3,router_0_7,2.5001,0.752942
1667,router_0_7,router_0_3,3.4001,0.751469
1668,router_0_7,router_0_3,2.9000,0.754151
1669,router_0_3,router_0_7,3.3001,0.751335
1670,router_0_3,router_0_7,1.7000,0.755093
1671,router_0_3,router_0_7,2.5000,0.753479
1672,router_0_7,router_0_3,4.9001,0.748802
1673,router_0_7,router_0_3,2.9000,0.754151
1674,router_0_3,router_0_7,1.7000,0.755093
1675,router_0_3,router_0_7,2.1000,0.754016
1676,router_0_3,router_0_7,2.5000,0.752942
1677,router_0_7,router_0_3,2.4000,0.754151
1678,router_0_7,router_0_3,2.4000,0.754151
1679,router_0_3,router_0_7,4.9001,0.749201
1680,router_0_3,router_0_7,2.5000,0.753479
1681,router_0_3,router_0_7,3.3001,0.751335
1682,router_0_7,router_0_3,2.4000,0.753479
1683,router_0_7,router_0_3,2.4000,0.754824
1684,router_0_3,router_0_7,2.9001,0.754016
1685,router_0_3,router_0_7,3.3001,0.750801
1686,router_0_3,router_0_7,2.5000,0.752942
1687,router_0_7,router_0_3,3.4001,0.750801
1688,router_0_7,router_0_3,3.9001,0.751469
1689,router_0_3,router_0_7,2.5000,0.754554
1690,router_0_3,router_0_7,3.3001,0.750801
1691,router_0_3,router_0_7,3.7001,0.750267
1692,router_0_7,router_0_3,2.4000,0.753479
1693,router_0_7,router_0_3,5.4001,0.747473
1694,router_0_3,router_0_7,2.1000,0.755093
1695,router_0_3,router_0_7,1.7000,0.755632
1696,router_0_3,router_0_7,2.5000,0.753479
1697,router_0_7,router_0_3,4.4001,0.748802
1698,router_0_7,router_0_3,2.4000,0.754151
1699,router_0_3,router_0_7,2.1000,0.754016
1700,router_0_3,router_0_7,1.7000,0.755093
1701,router_0_3,router_0_7,4.1001,0.750267
1702,router_7_6,router_0_3,8.0001,0.501724
1703,router_7_2,router_0_3,4.6001,0.571759
1704,router_7_6,router_0_3,8.0001,0.503070
1705,router_7_2,router_0_3,3.6000,0.573911
1706,router_7_2,router_7_6,3.7001,0.750801
1707,router_7_2,router_7_6,1.7000,0.755632
1708,router_0_3,router_7_2,4.5001,0.572618
1709,router_7_2,router_7_6,1.3000,0.756172
1710,router_7_6,router_7_2,2.4000,0.754151
1711,router_7_6,router_7_2,2.4000,0.753479
1712,router_7_2,router_7_6,3.7001,0.750267
1713,router_7_2,router_7_6,3.7001,0.751335
1714,router_7_2,router_7_6,2.1000,0.754554
1715,router_7_6,router_7_2,4.4001,0.750801
1716,router_7_6,router_7_2,2.4000,0.754824
1717,router_7_2,router_7_6,2.5000,0.752942
1718,router_7_2,router_7_6,4.5001,0.749734
1719,router_7_2,router_7_6,3.7001,0.750801
1720,router_7_6,router_7_2,1.9000,0.755497
1721,router_7_6,router_7_2,1.9000,0.755497
1722,router_7_2,router_7_6,4.9001,0.746545
1723,router_7_2,router_7_6,2.9001,0.752406
1724,router_7_2,router_7_6,1.7000,0.755632
1725,router_7_6,router_7_2,2.4000,0.753479
1726,router_7_6,router_7_2,2.9000,0.752138
1727,router_7_2,router_7_6,1.7000,0.756172
1728,router_7_2,router_7_6,4.1001,0.749201
1729,router_7_2,router_7_6,4.1001,0.748669
1730,router_7_6,router_7_2,1.4000,0.756172
1731,router_7_6,router_7_2,2.4000,0.753479
1732,router_7_2,router_7_6,2.5000,0.753479
1733,router_7_2,router_7_6,2.1000,0.754554
1734,router_7_2,router_7_6,2.9001,0.752942
1735,router_7_6,router_7_2,3.4001,0.752138
1736,router_7_6,router_7_2,3.4001,0.750801
1737,router_7_2,router_7_6,2.1000,0.755093
1738,router_7_2,router_7_6,2.5000,0.754016
1739,router_7_2,router_7_6,2.1000,0.754016
1740,router_7_6,router_7_2,2.4000,0.754151
1741,router_7_6,router_7_2,3.9001,0.750134
1742,router_7_2,router_7_6,2.1000,0.754554
1743,router_7_2,router_7_6,2.9001,0.752406
1744,router_7_2,router_7_6,1.7000,0.755093
1745,router_6_6,router_7_2,4.6001,0.695207
1746,router_6_2,router_7_2,2.4001,0.949813
1747,router_6_6,router_7_2,3.6000,0.700222
1748,router_6_2,router_7_2,0.8000,0.949813
1749,router_6_2,router_6_6,2.5001,0.754016
1750,router_6_2,router_6_6,2.1000,0.754554
1751,router_7_2,router_6_2,1.0000,0.949813
1752,router_6_2,router_6_6,3.3001,0.750801
1753,router_6_6,router_6_2,2.9000,0.753479
1754,router_6_6,router_6_2,2.9000,0.752138
1755,router_6_2,router_6_6,2.9001,0.751870
1756,router_6_2,router_6_6,2.5000,0.752942
1757,router_6_2,router_6_6,2.5000,0.753479
1758,router_6_6,router_6_2,1.4000,0.756172
1759,router_6_6,router_6_2,2.4000,0.753479
1760,router_6_2,router_6_6,3.3001,0.751335
1761,router_6_2,router_6_6,4.1001,0.749201
1762,router_6_2,router_6_6,2.1000,0.754554
1763,router_6_6,router_6_2,1.9000,0.755497
1764,router_6_6,router_6_2,5.9001,0.746148
1765,router_6_2,router_6_6,2.9001,0.752942
1766,router_6_2,router_6_6,2.5000,0.753479
1767,router_6_2,router_6_6,2.9001,0.753479
1768,router_6_6,router_6_2,1.9000,0.754824
1769,router_6_6,router_6_2,2.9000,0.754824
1770,router_6_2,router_6_6,2.5000,0.752942
1771,router_6_2,router_6_6,2.9001,0.751870
1772,router_6_2,router_6_6,5.7001,0.744431
1773,router_6_6,router_6_2,1.9000,0.754824
1774,router_6_6,router_6_2,2.9000,0.754151
1775,router_6_2,router_6_6,2.9001,0.752406
1776,router_6_2,router_6_6,1.7000,0.756172
1777,router_6_2,router_6_6,3.7001,0.751335
1778,router_6_6,router_6_2,3.4001,0.750801
1779,router_6_6,router_6_2,1.9000,0.754824
1780,router_6_2,router_6_6,2.9001,0.752406
1781,router_6_2,router_6_6,1.7000,0.755093
1782,router_6_2,router_6_6,2.9001,0.754554
1783,router_6_6,router_6_2,2.4000,0.754824
1784,router_6_6,router_6_2,2.9000,0.753479
1785,router_6_2,router_6_6,1.7000,0.755093
1786,router_6_2,router_6_6,2.1000,0.754016
1787,router_6_2,router_6_6,3.3001,0.750801
1788,router_5_6,router_6_2,5.1001,0.693430
1789,router_5_2,router_6_2,0.4000,0.949813
1790,router_5_6,router_6_2,4.1001,0.696992
1791,router_5_2,router_6_2,0.4000,0.949813
1792,router_5_2,router_5_6,1.7000,0.756172
1793,router_5_2,router_5_6,3.7001,0.751335
1794,router_6_2,router_5_2,1.5000,0.949813
1795,router_5_2,router_5_6,2.5001,0.754016
1796,router_5_6,router_5_2,2.4000,0.753479
1797,router_5_6,router_5_2,5.4001,0.746810
1798,router_5_2,router_5_6,2.9001,0.751870
1799,router_5_2,router_5_6,3.3001,0.751335
1800,router_5_2,router_5_6,3.7001,0.751335
1801,router_5_6,router_5_2,3.9001,0.750801
1802,router_5_6,router_5_2,4.9001,0.747473
1803,router_5_2,router_5_6,2.9001,0.752942
1804,router_5_2,router_5_6,4.1001,0.751335
1805,router_5_2,router_5_6,2.1000,0.754554
1806,router_5_6,router_5_2,1.9000,0.754824
1807,router_5_6,router_5_2,4.4001,0.748802
1808,router_5_2,router_5_6,3.3001,0.752942
1809,router_5_2,router_5_6,1.7000,0.755093
1810,router_5_2,router_5_6,1.7000,0.755093
1811,router_5_6,router_5_2,3.4001,0.750801
1812,router_5_6,router_5_2,2.4000,0.754151
1813,router_5_2,router_5_6,4.5001,0.750801
1814,router_5_2,router_5_6,2.5000,0.753479
1815,router_5_2,router_5_6,3.3001,0.752942
1816,router_5_6,router_5_2,3.4001,0.750801
1817,router_5_6,router_5_2,3.9001,0.752138
1818,router_5_2,router_5_6,2.5000,0.754016
1819,router_5_2,router_5_6,3.3001,0.751335
1820,router_5_2,router_5_6,2.1000,0.754016
1821,router_5_6,router_5_2,2.4000,0.754151
1822,router_5_6,router_5_2,4.9001,0.747473
1823,router_5_2,router_5_6,2.5000,0.753479
1824,router_5_2,router_5_6,2.5000,0.754554
1825,router_5_2,router_5_6,2.1000,0.754554
1826,router_5_6,router_5_2,3.9001,0.750801
1827,router_5_6,router_5_2,2.4000,0.753479
1828,router_5_2,router_5_6,2.1000,0.754554
1829,router_5_2,router_5_6,2.5000,0.753479
1830,router_5_2,router_5_6,2.1000,0.754554
1831,router_4_6,router_5_2,3.6000,0.699982
1832,router_4_2,router_5_2,1.6001,0.949813
1833,router_4_6,router_5_2,4.1001,0.696515
1834,router_4_2,router_5_2,0.4000,0.949813
1835,router_4_2,router_4_6,2.9001,0.754554
1836,router_4_2,router_4_6,2.1000,0.754016
1837,router_5_2,router_4_2,1.0000,0.949813
1838,router_4_2,router_4_6,2.1000,0.755093
1839,router_4_6,router_4_2,3.4001,0.750801
1840,router_4_6,router_4_2,2.9000,0.752138
1841,router_4_2,router_4_6,1.7000,0.755632
1842,router_4_2,router_4_6,1.3000,0.756172
1843,router_4_2,router_4_6,2.5000,0.754016
1844,router_4_6,router_4_2,3.4001,0.752808
1845,router_4_6,router_4_2,3.9001,0.751469
1846,router_4_2,router_4_6,3.3001,0.751335
1847,router_4_2,router_4_6,3.3001,0.751870
1848,router_4_2,router_4_6,2.5000,0.752942
1849,router_4_6,router_4_2,3.9001,0.749467
1850,router_4_6,router_4_2,3.4001,0.751469
1851,router_4_2,router_4_6,1.7000,0.755093
1852,router_4_2,router_4_6,2.9001,0.753479
1853,router_4_2,router_4_6,3.3001,0.751335
1854,router_4_6,router_4_2,1.9000,0.754824
1855,router_4_6,router_4_2,3.4001,0.751469
1856,router_4_2,router_4_6,4.5001,0.747606
1857,router_4_2,router_4_6,2.1000,0.755093
1858,router_4_2,router_4_6,2.9001,0.751870
1859,router_4_6,router_4_2,3.4001,0.750801
1860,router_4_6,router_4_2,3.4001,0.750801
1861,router_4_2,router_4_6,2.9001,0.751870
1862,router_4_2,router_4_6,2.1000,0.754554
1863,router_4_2,router_4_6,4.1001,0.748669
1864,router_4_6,router_4_2,2.4000,0.754824
1865,router_4_6,router_4_2,3.9001,0.749467
1866,router_4_2,router_4_6,3.7001,0.751870
1867,router_4_2,router_4_6,2.1000,0.755093
1868,router_4_2,router_4_6,2.9001,0.754554
1869,router_4_6,router_4_2,4.9001,0.747473
1870,router_4_6,router_4_2,2.9000,0.752808
1871,router_4_2,router_4_6,1.7000,0.755093
1872,router_4_2,router_4_6,3.3001,0.751870
1873,router_4_2,router_4_6,2.1000,0.754016
1874,router_3_6,router_4_2,8.6002,0.683030
1875,router_3_2,router_4_2,0.4000,0.949813
1876,router_3_6,router_4_2,3.1000,0.701063
1877,router_3_2,router_4_2,0.8000,0.949813
1878,router_3_2,router_3_6,1.7000,0.755632
1879,router_3_2,router_3_6,2.1000,0.754016
1880,router_4_2,router_3_2,1.0000,0.949813
1881,router_3_2,router_3_6,1.7000,0.755093
1882,router_3_6,router_3_2,2.4000,0.754151
1883,router_3_6,router_3_2,2.4000,0.753479
1884,router_3_2,router_3_6,4.1001,0.749734
1885,router_3_2,router_3_6,2.5000,0.752942
1886,router_3_2,router_3_6,2.5000,0.752942
1887,router_3_6,router_3_2,1.9000,0.754824
1888,router_3_6,router_3_2,1.9000,0.754824
1889,router_3_2,router_3_6,3.7001,0.750267
1890,router_3_2,router_3_6,2.1000,0.754554
1891,router_3_2,router_3_6,2.1000,0.754016
1892,router_3_6,router_3_2,3.9001,0.749467
1893,router_3_6,router_3_2,1.4000,0.756172
1894,router_3_2,router_3_6,2.1000,0.754016
1895,router_3_2,router_3_6,2.5000,0.752942
1896,router_3_2,router_3_6,2.5000,0.753479
1897,router_3_6,router_3_2,3.9001,0.750801
1898,router_3_6,router_3_2,4.9001,0.747473
1899,router_3_2,router_3_6,2.9001,0.751870
1900,router_3_2,router_3_6,2.9001,0.751870
1901,router_3_2,router_3_6,2.5000,0.755093
1902,router_3_6,router_3_2,1.9000,0.754824
1903,router_3_6,router_3_2,1.9000,0.754824
1904,router_3_2,router_3_6,2.1000,0.754554
1905,router_3_2,router_3_6,2.1000,0.754016
1906,router_3_2,router_3_6,4.1001,0.750267
1907,router_3_6,router_3_2,3.9001,0.749467
1908,router_3_6,router_3_2,3.9001,0.750134
1909,router_3_2,router_3_6,3.7001,0.749734
1910,router_3_2,router_3_6,4.5001,0.749201
1911,router_3_2,router_3_6,3.7001,0.749734
1912,router_3_6,router_3_2,3.9001,0.750134
1913,router_3_6,router_3_2,4.9001,0.747473
1914,router_3_2,router_3_6,3.3001,0.752942
1915,router_3_2,router_3_6,1.7000,0.755632
1916,router_3_2,router_3_6,1.7000,0.755093
1917,router_2_6,router_3_2,4.1001,0.700702
1918,router_2_2,router_3_2,0.4000,0.949813
1919,router_2_6,router_3_2,4.1001,0.696515
1920,router_2_2,router_3_2,0.4000,0.949813
1921,router_2_2,router_2_6,4.5001,0.748137
1922,router_2_2,router_2_6,2.5000,0.753479
1923,router_3_2,router_2_2,1.0000,0.949813
1924,router_2_2,router_2_6,5.7002,0.746016
1925,router_2_6,router_2_2,3.4001,0.752138
1926,router_2_6,router_2_2,2.9000,0.752808
1927,router_2_2,router_2_6,3.3001,0.751335
1928,router_2_2,router_2_6,1.7000,0.755093
1929,router_2_2,router_2_6,1.7000,0.755093
1930,router_2_6,router_2_2,3.4001,0.751469
1931,router_2_6,router_2_2,2.9000,0.752808
1932,router_2_2,router_2_6,3.3001,0.752406
1933,router_2_2,router_2_6,1.3000,0.756172
1934,router_2_2,router_2_6,2.5000,0.753479
1935,router_2_6,router_2_2,3.9001,0.749467
1936,router_2_6,router_2_2,2.4000,0.753479
1937,router_2_2,router_2_6,2.9001,0.751870
1938,router_2_2,router_2_6,4.5001,0.748137
1939,router_2_2,router_2_6,2.5000,0.752942
1940,router_2_6,router_2_2,3.9001,0.750134
1941,router_2_6,router_2_2,1.9000,0.755497
1942,router_2_2,router_2_6,2.1000,0.754016
1943,router_2_2,router_2_6,2.9001,0.753479
1944,router_2_2,router_2_6,2.1000,0.755093
1945,router_2_6,router_2_2,2.9000,0.753479
1946,router_2_6,router_2_2,2.4000,0.754151
1947,router_2_2,router_2_6,2.9001,0.751870
1948,router_2_2,router_2_6,1.7000,0.755093
1949,router_2_2,router_2_6,1.7000,0.755093
1950,router_2_6,router_2_2,2.4000,0.753479
1951,router_2_6,router_2_2,2.9000,0.752138
1952,router_2_2,router_2_6,1.7000,0.755093
1953,router_2_2,router_2_6,2.5000,0.754016
1954,router_2_2,router_2_6,1.3000,0.756172
1955,router_2_6,router_2_2,1.4000,0.756172
1956,router_2_6,router_2_2,2.9000,0.753479
1957,router_2_2,router_2_6,2.9001,0.751870
1958,router_2_2,router_2_6,2.5000,0.753479
1959,router_2_2,router_2_6,2.9001,0.752942
1960,router_1_6,router_2_2,4.6001,0.695920
1961,router_1_2,router_2_2,1.6001,0.949813
1962,router_1_6,router_2_2,6.1001,0.693548
1963,router_1_2,router_2_2,2.0001,0.949813
1964,router_1_2,router_1_6,2.5001,0.752942
1965,router_1_2,router_1_6,1.7000,0.755632
1966,router_2_2,router_1_2,2.0000,0.949813
1967,router_1_2,router_1_6,1.7000,0.755632
1968,router_1_6,router_1_2,2.4000,0.754151
1969,router_1_6,router_1_2,5.4001,0.746148
1970,router_1_2,router_1_6,2.1000,0.755093
1971,router_1_2,router_1_6,1.3000,0.756172
1972,router_1_2,router_1_6,2.5000,0.754554
1973,router_1_6,router_1_2,2.4000,0.753479
1974,router_1_6,router_1_2,2.9000,0.752808
1975,router_1_2,router_1_6,1.7000,0.755632
1976,router_1_2,router_1_6,1.7000,0.755093
1977,router_1_2,router_1_6,2.9001,0.751870
1978,router_1_6,router_1_2,1.9000,0.755497
1979,router_1_6,router_1_2,4.4001,0.750801
1980,router_1_2,router_1_6,2.5000,0.753479
1981,router_1_2,router_1_6,2.9001,0.753479
1982,router_1_2,router_1_6,2.5000,0.753479
1983,router_1_6,router_1_2,4.9001,0.747473
1984,router_1_6,router_1_2,3.9001,0.752138
1985,router_1_2,router_1_6,1.7000,0.755093
1986,router_1_2,router_1_6,3.7001,0.750267
1987,router_1_2,router_1_6,2.1000,0.754016
1988,router_1_6,router_1_2,1.9000,0.754824
1989,router_1_6,router_1_2,2.4000,0.754824
1990,router_1_2,router_1_6,2.1000,0.754016
1991,router_1_2,router_1_6,1.7000,0.755093
1992,router_1_2,router_1_6,2.1000,0.754016
1993,router_1_6,router_1_2,2.9000,0.753479
1994,router_1_6,router_1_2,2.4000,0.753479
1995,router_1_2,router_1_6,1.3000,0.756172
1996,router_1_2,router_1_6,2.5000,0.754016
1997,router_1_2,router_1_6,2.5000,0.752942
1998,router_1_6,router_1_2,1.9000,0.755497
1999,router_1_6,router_1_2,3.4001,0.752138
2000,router_1_2,router_1_6,1.7000,0.755093
2001,router_1_2,router_1_6,1.7000,0.755093
2002,router_1_2,router_1_6,2.9001,0.752942
2003,router_0_6,router_1_2,3.1000,0.700702
2004,router_0_2,router_1_2,0.8000,0.949813
2005,router_0_6,router_1_2,5.1001,0.693903
2006,router_0_2,router_1_2,1.2000,0.949813
2007,router_0_2,router_0_6,2.1000,0.754016
2008,router_0_2,router_0_6,2.5000,0.754016
2009,router_1_2,router_0_2,1.0000,0.949813
2010,router_0_2,router_0_6,3.7001,0.749734
2011,router_0_6,router_0_2,1.9000,0.754824
2012,router_0_6,router_0_2,2.9000,0.752138
2013,router_0_2,router_0_6,4.1001,0.749201
2014,router_0_2,router_0_6,2.5000,0.753479
2015,router_0_2,router_0_6,2.9001,0.751870
2016,router_0_6,router_0_2,2.4000,0.753479
2017,router_0_6,router_0_2,3.9001,0.750134
2018,router_0_2,router_0_6,2.9001,0.752406
2019,router_0_2,router_0_6,2.1000,0.754016
2020,router_0_2,router_0_6,2.5000,0.752942
2021,router_0_6,router_0_2,2.4000,0.754824
2022,router_0_6,router_0_2,2.4000,0.753479
2023,router_0_2,router_0_6,2.5000,0.754016
2024,router_0_2,router_0_6,3.3001,0.750801
2025,router_0_2,router_0_6,2.9001,0.752942
2026,router_0_6,router_0_2,3.9001,0.750134
2027,router_0_6,router_0_2,1.9000,0.754824
2028,router_0_2,router_0_6,2.5000,0.753479
2029,router_0_2,router_0_6,1.3000,0.756172
2030,router_0_2,router_0_6,2.1000,0.754554
2031,router_0_6,router_0_2,3.4001,0.750801
2032,router_0_6,router_0_2,2.4000,0.754151
2033,router_0_2,router_0_6,1.7000,0.755632
2034,router_0_2,router_0_6,3.3001,0.751870
2035,router_0_2,router_0_6,2.9001,0.752942
2036,router_0_6,router_0_2,2.9000,0.752808
2037,router_0_6,router_0_2,4.4001,0.748137
2038,router_0_2,router_0_6,2.5000,0.754016
2039,router_0_2,router_0_6,1.3000,0.756172
2040,router_0_2,router_0_6,3.7001,0.749734
2041,router_0_6,router_0_2,4.4001,0.748802
2042,router_0_6,router_0_2,2.4000,0.753479
2043,router_0_2,router_0_6,2.1000,0.754554
2044,router_0_2,router_0_6,2.5000,0.753479
2045,router_0_2,router_0_6,3.3001,0.751870
2046,router_7_5,router_0_2,8.5001,0.500385
2047,router_7_1,router_0_2,6.1001,0.567328
2048,router_7_5,router_0_2,7.5001,0.503746
2049,router_7_1,router_0_2,4.6001,0.571759
2050,router_7_1,router_7_5,1.7000,0.755093
2051,router_7_1,router_7_5,2.5000,0.754016
2052,router_0_2,router_7_1,3.7001,0.575643
2053,router_7_1,router_7_5,2.9001,0.751870
2054,router_7_5,router_7_1,3.4001,0.750801
2055,router_7_5,router_7_1,3.9001,0.749467
2056,router_7_1,router_7_5,1.7000,0.755093
2057,router_7_1,router_7_5,2.5000,0.753479
2058,router_7_1,router_7_5,1.7000,0.755632
2059,router_7_5,router_7_1,1.9000,0.754824
2060,router_7_5,router_7_1,2.9000,0.752808
2061,router_7_1,router_7_5,2.5000,0.753479
2062,router_7_1,router_7_5,5.3001,0.746545
2063,router_7_1,router_7_5,2.9001,0.751870
2064,router_7_5,router_7_1,2.9000,0.752138
2065,router_7_5,router_7_1,2.9000,0.753479
2066,router_7_1,router_7_5,3.7001,0.750267
2067,router_7_1,router_7_5,2.1000,0.754016
2068,router_7_1,router_7_5,2.1000,0.755093
2069,router_7_5,router_7_1,4.9001,0.746810
2070,router_7_5,router_7_1,1.9000,0.754824
2071,router_7_1,router_7_5,4.9001,0.746545
2072,router_7_1,router_7_5,2.5000,0.753479
2073,router_7_1,router_7_5,2.5000,0.753479
2074,router_7_5,router_7_1,2.9000,0.754151
2075,router_7_5,router_7_1,3.4001,0.753479
2076,router_7_1,router_7_5,3.3001,0.751870
2077,router_7_1,router_7_5,2.9001,0.751870
2078,router_7_1,router_7_5,2.1000,0.754016
2079,router_7_5,router_7_1,4.9001,0.746810
2080,router_7_5,router_7_1,3.9001,0.750801
2081,router_7_1,router_7_5,3.7001,0.751335
2082,router_7_1,router_7_5,2.1000,0.755093
2083,router_7_1,router_7_5,3.3001,0.752406
2084,router_7_5,router_7_1,1.9000,0.754824
2085,router_7_5,router_7_1,3.9001,0.749467
2086,router_7_1,router_7_5,3.7001,0.750267
2087,router_7_1,router_7_5,2.5000,0.754016
2088,router_7_1,router_7_5,1.7000,0.755093
2089,router_6_5,router_7_1,4.1001,0.697469
2090,router_6_1,router_7_1,0.4000,0.949813
2091,router_6_5,router_7_1,3.6000,0.698903
2092,router_6_1,router_7_1,2.0001,0.949813
2093,router_6_1,router_6_5,2.9001,0.753479
2094,router_6_1,router_6_5,2.9001,0.753479
2095,router_7_1,router_6_1,1.0000,0.949813
2096,router_6_1,router_6_5,3.3001,0.751870
2097,router_6_5,router_6_1,2.9000,0.752808
2098,router_6_5,router_6_1,3.4001,0.751469
2099,router_6_1,router_6_5,2.1000,0.754554
2100,router_6_1,router_6_5,1.7000,0.755093
2101,router_6_1,router_6_5,2.5000,0.752942
2102,router_6_5,router_6_1,4.4001,0.748137
2103,router_6_5,router_6_1,2.4000,0.754151
2104,router_6_1,router_6_5,3.3001,0.752406
2105,router_6_1,router_6_5,2.9001,0.751870
2106,router_6_1,router_6_5,1.7000,0.755632
2107,router_6_5,router_6_1,2.4000,0.754151
2108,router_6_5,router_6_1,2.9000,0.752138
2109,router_6_1,router_6_5,1.7000,0.755632
2110,router_6_1,router_6_5,2.9001,0.751870
2111,router_6_1,router_6_5,2.5000,0.753479
2112,router_6_5,router_6_1,1.9000,0.754824
2113,router_6_5,router_6_1,2.4000,0.753479
2114,router_6_1,router_6_5,4.1001,0.749201
2115,router_6_1,router_6_5,4.1001,0.750801
2116,router_6_1,router_6_5,2.1000,0.754016
2117,router_6_5,router_6_1,3.9001,0.752808
2118,router_6_5,router_6_1,1.4000,0.756172
2119,router_6_1,router_6_5,2.1000,0.754554
2120,router_6_1,router_6_5,1.7000,0.755632
2121,router_6_1,router_6_5,2.1000,0.754554
2122,router_6_5,router_6_1,2.4000,0.753479
2123,router_6_5,router_6_1,2.9000,0.752138
2124,router_6_1,router_6_5,3.3001,0.751335
2125,router_6_1,router_6_5,2.5000,0.754016
2126,router_6_1,router_6_5,1.7000,0.755093
2127,router_6_5,router_6_1,2.4000,0.754151
2128,router_6_5,router_6_1,2.4000,0.753479
2129,router_6_1,router_6_5,1.3000,0.756172
2130,router_6_1,router_6_5,2.5000,0.754016
2131,router_6_1,router_6_5,2.1000,0.754554
2132,router_5_5,router_6_1,4.6001,0.695326
2133,router_5_1,router_6_1,0.4000,0.949813
2134,router_5_5,router_6_1,4.6001,0.695801
2135,router_5_1,router_6_1,2.4001,0.949813
2136,router_5_1,router_5_5,5.3001,0.746016
2137,router_5_1,router_5_5,1.7000,0.755632
2138,router_6_1,router_5_1,0.5000,0.949813
2139,router_5_1,router_5_5,1.7000,0.755093
2140,router_5_5,router_5_1,2.9000,0.752138
2141,router_5_5,router_5_1,3.4001,0.751469
2142,router_5_1,router_5_5,2.5000,0.753479
2143,router_5_1,router_5_5,1.7000,0.755093
2144,router_5_1,router_5_5,2.5000,0.752942
2145,router_5_5,router_5_1,2.4000,0.754151
2146,router_5_5,router_5_1,1.9000,0.755497
2147,router_5_1,router_5_5,2.5000,0.753479
2148,router_5_1,router_5_5,3.3001,0.750801
2149,router_5_1,router_5_5,2.1000,0.755093
2150,router_5_5,router_5_1,3.4001,0.752808
2151,router_5_5,router_5_1,3.4001,0.750801
2152,router_5_1,router_5_5,2.5000,0.752942
2153,router_5_1,router_5_5,2.9001,0.751870
2154,router_5_1,router_5_5,4.1001,0.750267
2155,router_5_5,router_5_1,2.4000,0.754824
2156,router_5_5,router_5_1,3.4001,0.751469
2157,router_5_1,router_5_5,1.7000,0.755093
2158,router_5_1,router_5_5,2.9001,0.753479
2159,router_5_1,router_5_5,2.5000,0.752942
2160,router_5_5,router_5_1,2.9000,0.752138
2161,router_5_5,router_5_1,4.4001,0.750801
2162,router_5_1,router_5_5,1.3000,0.756172
2163,router_5_1,router_5_5,4.9001,0.747606
2164,router_5_1,router_5_5,2.1000,0.754554
2165,router_5_5,router_5_1,3.9001,0.752138
2166,router_5_5,router_5_1,2.9000,0.752138
2167,router_5_1,router_5_5,3.3001,0.750801
2168,router_5_1,router_5_5,2.5000,0.752942
2169,router_5_1,router_5_5,4.1001,0.749201
2170,router_5_5,router_5_1,2.9000,0.752808
2171,router_5_5,router_5_1,4.4001,0.749467
2172,router_5_1,router_5_5,2.5000,0.753479
2173,router_5_1,router_5_5,2.9001,0.752406
2174,router_5_1,router_5_5,1.7000,0.755632
2175,router_4_5,router_5_1,4.6001,0.694733
2176,router_4_1,router_5_1,1.2000,0.949813
2177,router_4_5,router_5_1,3.1000,0.700102
2178,router_4_1,router_5_1,0.8000,0.949813
2179,router_4_1,router_4_5,5.3001,0.745487
2180,router_4_1,router_4_5,3.7001,0.750267
2181,router_5_1,router_4_1,0.5000,0.949813
2182,router_4_1,router_4_5,2.5001,0.753479
2183,router_4_5,router_4_1,2.9000,0.752138
2184,router_4_5,router_4_1,4.4001,0.749467
2185,router_4_1,router_4_5,2.9001,0.754016
2186,router_4_1,router_4_5,2.5000,0.754016
2187,router_4_1,router_4_5,1.7000,0.755093
2188,router_4_5,router_4_1,1.9000,0.754824
2189,router_4_5,router_4_1,2.4000,0.753479
2190,router_4_1,router_4_5,2.5000,0.753479
2191,router_4_1,router_4_5,2.9001,0.752406
2192,router_4_1,router_4_5,2.1000,0.755093
2193,router_4_5,router_4_1,2.9000,0.752138
2194,router_4_5,router_4_1,2.9000,0.753479
2195,router_4_1,router_4_5,3.3001,0.751335
2196,router_4_1,router_4_5,2.5000,0.753479
2197,router_4_1,router_4_5,2.1000,0.754016
2198,router_4_5,router_4_1,2.4000,0.754151
2199,router_4_5,router_4_1,3.4001,0.752138
2200,router_4_1,router_4_5,3.3001,0.754016
2201,router_4_1,router_4_5,4.5001,0.749201
2202,router_4_1,router_4_5,2.1000,0.754016
2203,router_4_5,router_4_1,1.9000,0.754824
2204,router_4_5,router_4_1,3.4001,0.752138
2205,router_4_1,router_4_5,2.1000,0.754554
2206,router_4_1,router_4_5,2.1000,0.755093
2207,router_4_1,router_4_5,1.3000,0.756172
2208,router_4_5,router_4_1,4.9001,0.747473
2209,router_4_5,router_4_1,5.9001,0.746148
2210,router_4_1,router_4_5,2.1000,0.755093
2211,router_4_1,router_4_5,2.5000,0.754016
2212,router_4_1,router_4_5,2.1000,0.754016
2213,router_4_5,router_4_1,2.9000,0.752808
2214,router_4_5,router_4_1,3.9001,0.750134
2215,router_4_1,router_4_5,2.1000,0.754554
2216,router_4_1,router_4_5,3.3001,0.750801
2217,router_4_1,router_4_5,3.3001,0.752406
2218,router_3_5,router_4_1,3.1000,0.700582
2219,router_3_1,router_4_1,1.6001,0.949813
2220,router_3_5,router_4_1,3.6000,0.699382
2221,router_3_1,router_4_1,0.4000,0.949813
2222,router_3_1,router_3_5,2.9001,0.751870
2223,router_3_1,router_3_5,3.3001,0.751335
2224,router_4_1,router_3_1,1.0000,0.949813
2225,router_3_1,router_3_5,2.1000,0.754016
2226,router_3_5,router_3_1,2.4000,0.753479
2227,router_3_5,router_3_1,2.9000,0.752808
2228,router_3_1,router_3_5,3.3001,0.752406
2229,router_3_1,router_3_5,2.9001,0.754016
2230,router_3_1,router_3_5,1.7000,0.755632
2231,router_3_5,router_3_1,6.9002,0.741539
2232,router_3_5,router_3_1,2.9000,0.752808
2233,router_3_1,router_3_5,2.5000,0.753479
2234,router_3_1,router_3_5,1.3000,0.756172
2235,router_3_1,router_3_5,2.9001,0.751870
2236,router_3_5,router_3_1,1.9000,0.754824
2237,router_3_5,router_3_1,4.9001,0.746810
2238,router_3_1,router_3_5,2.5000,0.753479
2239,router_3_1,router_3_5,3.3001,0.751335
2240,router_3_1,router_3_5,2.5000,0.754016
2241,router_3_5,router_3_1,3.9001,0.749467
2242,router_3_5,router_3_1,2.9000,0.753479
2243,router_3_1,router_3_5,6.1002,0.743378
2244,router_3_1,router_3_5,2.1000,0.754016
2245,router_3_1,router_3_5,2.5000,0.753479
2246,router_3_5,router_3_1,2.9000,0.752138
2247,router_3_5,router_3_1,1.9000,0.754824
2248,router_3_1,router_3_5,1.7000,0.755093
2249,router_3_1,router_3_5,2.1000,0.754554
2250,router_3_1,router_3_5,1.3000,0.756172
2251,router_3_5,router_3_1,3.4001,0.750801
2252,router_3_5,router_3_1,1.4000,0.756172
2253,router_3_1,router_3_5,2.5000,0.754554
2254,router_3_1,router_3_5,1.7000,0.755093
2255,router_3_1,router_3_5,1.7000,0.755632
2256,router_3_5,router_3_1,1.9000,0.755497
2257,router_3_5,router_3_1,3.9001,0.752138
2258,router_3_1,router_3_5,2.1000,0.754554
2259,router_3_1,router_3_5,2.1000,0.754016
2260,router_3_1,router_3_5,2.5000,0.754016
2261,router_2_5,router_3_1,4.1001,0.698664
2262,router_2_1,router_3_1,2.4001,0.949813
2263,router_2_5,router_3_1,3.1000,0.700702
2264,router_2_1,router_3_1,0.4000,0.949813
2265,router_2_1,router_2_5,2.9001,0.752406
2266,router_2_1,router_2_5,2.1000,0.754554
2267,router_3_1,router_2_1,1.5000,0.949813
2268,router_2_1,router_2_5,2.1000,0.755093
2269,router_2_5,router_2_1,2.4000,0.754824
2270,router_2_5,router_2_1,2.4000,0.753479
2271,router_2_1,router_2_5,4.1001,0.748669
2272,router_2_1,router_2_5,2.9001,0.752942
2273,router_2_1,router_2_5,3.3001,0.750801
2274,router_2_5,router_2_1,3.9001,0.750801
2275,router_2_5,router_2_1,1.4000,0.756172
2276,router_2_1,router_2_5,3.7001,0.749734
2277,router_2_1,router_2_5,3.7001,0.752406
2278,router_2_1,router_2_5,2.5000,0.752942
2279,router_2_5,router_2_1,1.9000,0.755497
2280,router_2_5,router_2_1,4.9001,0.747473
2281,router_2_1,router_2_5,1.7000,0.755632
2282,router_2_1,router_2_5,1.7000,0.755632
2283,router_2_1,router_2_5,2.9001,0.752406
2284,router_2_5,router_2_1,3.4001,0.751469
2285,router_2_5,router_2_1,2.9000,0.752138
2286,router_2_1,router_2_5,2.1000,0.754016
2287,router_2_1,router_2_5,2.5000,0.753479
2288,router_2_1,router_2_5,2.9001,0.753479
2289,router_2_5,router_2_1,3.4001,0.751469
2290,router_2_5,router_2_1,2.4000,0.753479
2291,router_2_1,router_2_5,2.5000,0.752942
2292,router_2_1,router_2_5,3.3001,0.750801
2293,router_2_1,router_2_5,3.7001,0.749734
2294,router_2_5,router_2_1,1.9000,0.754824
2295,router_2_5,router_2_1,2.9000,0.752808
2296,router_2_1,router_2_5,4.5001,0.749201
2297,router_2_1,router_2_5,2.5000,0.752942
2298,router_2_1,router_2_5,2.1000,0.754554
2299,router_2_5,router_2_1,2.9000,0.752808
2300,router_2_5,router_2_1,2.9000,0.752808
2301,router_2_1,router_2_5,3.3001,0.751335
2302,router_2_1,router_2_5,3.7001,0.750267
2303,router_2_1,router_2_5,2.5000,0.753479
2304,router_1_5,router_2_1,3.6000,0.698903
2305,router_1_1,router_2_1,1.2000,0.949813
2306,router_1_5,router_2_1,5.1001,0.694140
2307,router_1_1,router_2_1,0.8000,0.949813
2308,router_1_1,router_1_5,2.9001,0.751870
2309,router_1_1,router_1_5,3.7001,0.750801
2310,router_2_1,router_1_1,0.5000,0.949813
2311,router_1_1,router_1_5,3.3001,0.750801
2312,router_1_5,router_1_1,3.4001,0.752808
2313,router_1_5,router_1_1,1.9000,0.755497
2314,router_1_1,router_1_5,1.7000,0.755093
2315,router_1_1,router_1_5,3.7001,0.751335
2316,router_1_1,router_1_5,2.1000,0.754554
2317,router_1_5,router_1_1,2.4000,0.754151
2318,router_1_5,router_1_1,2.4000,0.754824
2319,router_1_1,router_1_5,1.7000,0.755632
2320,router_1_1,router_1_5,2.9001,0.751870
2321,router_1_1,router_1_5,2.1000,0.755093
2322,router_1_5,router_1_1,3.4001,0.753479
2323,router_1_5,router_1_1,4.9001,0.748137
2324,router_1_1,router_1_5,2.1000,0.754016
2325,router_1_1,router_1_5,1.7000,0.755093
2326,router_1_1,router_1_5,5.3001,0.746016
2327,router_1_5,router_1_1,2.4000,0.754151
2328,router_1_5,router_1_1,3.4001,0.750801
2329,router_1_1,router_1_5,1.7000,0.755093
2330,router_1_1,router_1_5,1.7000,0.755093
2331,router_1_1,router_1_5,4.1001,0.750267
2332,router_1_5,router_1_1,2.4000,0.754151
2333,router_1_5,router_1_1,2.4000,0.754824
2334,router_1_1,router_1_5,2.5000,0.753479
2335,router_1_1,router_1_5,2.1000,0.754554
2336,router_1_1,router_1_5,2.5000,0.753479
2337,router_1_5,router_1_1,2.4000,0.753479
2338,router_1_5,router_1_1,3.4001,0.750801
2339,router_1_1,router_1_5,2.9001,0.752406
2340,router_1_1,router_1_5,3.3001,0.751870
2341,router_1_1,router_1_5,2.1000,0.754554
2342,router_1_5,router_1_1,2.9000,0.752808
2343,router_1_5,router_1_1,3.4001,0.751469
2344,router_1_1,router_1_5,1.7000,0.755093
2345,router_1_1,router_1_5,4.9001,0.746545
2346,router_1_1,router_1_5,3.3001,0.751335
2347,router_0_5,router_1_1,5.2001,0.698783
2348,router_0_1,router_1_1,0.4000,0.949813
2349,router_0_5,router_1_1,3.6000,0.699502
2350,router_0_1,router_1_1,0.4000,0.949813
2351,router_0_1,router_0_5,3.3001,0.751870
2352,router_0_1,router_0_5,2.1000,0.754554
2353,router_1_1,router_0_1,0.5000,0.949813
2354,router_0_1,router_0_5,2.9001,0.753479
2355,router_0_5,router_0_1,1.9000,0.754824
2356,router_0_5,router_0_1,2.9000,0.752808
2357,router_0_1,router_0_5,2.5000,0.753479
2358,router_0_1,router_0_5,2.5000,0.753479
2359,router_0_1,router_0_5,2.5000,0.753479
2360,router_0_5,router_0_1,3.9001,0.752138
2361,router_0_5,router_0_1,2.4000,0.754151
2362,router_0_1,router_0_5,1.7000,0.755632
2363,router_0_1,router_0_5,3.3001,0.752406
2364,router_0_1,router_0_5,2.1000,0.754016
2365,router_0_5,router_0_1,1.9000,0.754824
2366,router_0_5,router_0_1,4.9001,0.750134
2367,router_0_1,router_0_5,2.1000,0.754016
2368,router_0_1,router_0_5,1.7000,0.755093
2369,router_0_1,router_0_5,2.1000,0.754554
2370,router_0_5,router_0_1,5.4001,0.746810
2371,router_0_5,router_0_1,3.4001,0.750801
2372,router_0_1,router_0_5,2.1000,0.754554
2373,router_0_1,router_0_5,2.5000,0.753479
2374,router_0_1,router_0_5,2.1000,0.754016
2375,router_0_5,router_0_1,2.9000,0.752138
2376,router_0_5,router_0_1,2.9000,0.752808
2377,router_0_1,router_0_5,5.3001,0.747075
2378,router_0_1,router_0_5,2.9001,0.751870
2379,router_0_1,router_0_5,2.1000,0.754016
2380,router_0_5,router_0_1,2.9000,0.752138
2381,router_0_5,router_0_1,1.9000,0.754824
2382,router_0_1,router_0_5,2.5000,0.753479
2383,router_0_1,router_0_5,2.9001,0.751870
2384,router_0_1,router_0_5,3.3001,0.750801
2385,router_0_5,router_0_1,3.9001,0.750134
2386,router_0_5,router_0_1,3.4001,0.752808
2387,router_0_1,router_0_5,1.7000,0.755093
2388,router_0_1,router_0_5,2.9001,0.751870
2389,router_0_1,router_0_5,1.7000,0.755093
2390,router_7_4,router_0_1,7.5001,0.504423
2391,router_7_0,router_0_1,3.6000,0.574776
2392,router_7_4,router_0_1,6.0001,0.508527
2393,router_7_0,router_0_1,6.6001,0.568770
2394,router_7_0,router_7_4,2.5001,0.754554
2395,router_7_0,router_7_4,3.7001,0.751335
2396,router_0_1,router_7_0,3.3000,0.574689
2397,router_7_0,router_7_4,2.9001,0.751870
2398,router_7_4,router_7_0,2.9000,0.754151
2399,router_7_4,router_7_0,4.4001,0.750134
2400,router_7_0,router_7_4,1.7000,0.755632
2401,router_7_0,router_7_4,2.9001,0.752942
2402,router_7_0,router_7_4,2.1000,0.754016
2403,router_7_4,router_7_0,2.4000,0.753479
2404,router_7_4,router_7_0,5.4001,0.745487
2405,router_7_0,router_7_4,2.9001,0.755093
2406,router_7_0,router_7_4,2.5000,0.752942
2407,router_7_0,router_7_4,1.7000,0.755093
2408,router_7_4,router_7_0,1.9000,0.754824
2409,router_7_4,router_7_0,3.4001,0.751469
2410,router_7_0,router_7_4,4.9001,0.747075
2411,router_7_0,router_7_4,2.5000,0.754016
2412,router_7_0,router_7_4,2.5000,0.753479
2413,router_7_4,router_7_0,3.9001,0.752138
2414,router_7_4,router_7_0,4.4001,0.751469
2415,router_7_0,router_7_4,2.9001,0.751870
2416,router_7_0,router_7_4,1.7000,0.755093
2417,router_7_0,router_7_4,4.1001,0.748669
2418,router_7_4,router_7_0,2.4000,0.754824
2419,router_7_4,router_7_0,3.4001,0.751469
2420,router_7_0,router_7_4,2.1000,0.755093
2421,router_7_0,router_7_4,2.5000,0.752942
2422,router_7_0,router_7_4,2.9001,0.752942
2423,router_7_4,router_7_0,2.4000,0.753479
2424,router_7_4,router_7_0,2.9000,0.753479
2425,router_7_0,router_7_4,2.1000,0.754016
2426,router_7_0,router_7_4,1.7000,0.755093
2427,router_7_0,router_7_4,2.5000,0.753479
2428,router_7_4,router_7_0,3.9001,0.749467
2429,router_7_4,router_7_0,2.4000,0.754824
2430,router_7_0,router_7_4,1.7000,0.755632
2431,router_7_0,router_7_4,2.5000,0.754554
2432,router_7_0,router_7_4,2.1000,0.754554
2433,router_6_4,router_7_0,4.1001,0.698664
2434,router_6_0,router_7_0,0.4000,0.949813
2435,router_6_4,router_7_0,4.6001,0.697469
2436,router_6_0,router_7_0,1.2000,0.949813
2437,router_6_0,router_6_4,2.1000,0.754554
2438,router_6_0,router_6_4,1.7000,0.755632
2439,router_7_0,router_6_0,1.5000,0.949813
2440,router_6_0,router_6_4,2.9001,0.752406
2441,router_6_4,router_6_0,3.4001,0.751469
2442,router_6_4,router_6_0,3.4001,0.751469
2443,router_6_0,router_6_4,2.1000,0.755093
2444,router_6_0,router_6_4,2.1000,0.754016
2445,router_6_0,router_6_4,3.7001,0.749734
2446,router_6_4,router_6_0,2.9000,0.752808
2447,router_6_4,router_6_0,2.4000,0.754151
2448,router_6_0,router_6_4,2.1000,0.754554
2449,router_6_0,router_6_4,2.5000,0.753479
2450,router_6_0,router_6_4,2.1000,0.754554
2451,router_6_4,router_6_0,2.9000,0.752808
2452,router_6_4,router_6_0,4.4001,0.748137
2453,router_6_0,router_6_4,2.1000,0.754016
2454,router_6_0,router_6_4,2.1000,0.754016
2455,router_6_0,router_6_4,4.1001,0.749201
2456,router_6_4,router_6_0,2.9000,0.753479
2457,router_6_4,router_6_0,3.4001,0.750801
2458,router_6_0,router_6_4,3.3001,0.750801
2459,router_6_0,router_6_4,2.9001,0.752942
2460,router_6_0,router_6_4,4.9001,0.747606
2461,router_6_4,router_6_0,3.9001,0.752808
2462,router_6_4,router_6_0,2.9000,0.752138
2463,router_6_0,router_6_4,4.1001,0.749201
2464,router_6_0,router_6_4,2.1000,0.754016
2465,router_6_0,router_6_4,2.5000,0.752942
2466,router_6_4,router_6_0,1.9000,0.754824
2467,router_6_4,router_6_0,2.4000,0.754151
2468,router_6_0,router_6_4,3.7001,0.750801
2469,router_6_0,router_6_4,1.3000,0.756172
2470,router_6_0,router_6_4,2.9001,0.752406
2471,router_6_4,router_6_0,3.9001,0.751469
2472,router_6_4,router_6_0,2.9000,0.752138
2473,router_6_0,router_6_4,2.9001,0.754554
2474,router_6_0,router_6_4,3.3001,0.751870
2475,router_6_0,router_6_4,2.5000,0.752942
2476,router_5_4,router_6_0,3.6000,0.698305
2477,router_5_0,router_6_0,1.2000,0.949813
2478,router_5_4,router_6_0,2.6000,0.702388
2479,router_5_0,router_6_0,0.4000,0.949813
2480,router_5_0,router_5_4,2.1000,0.754554
2481,router_5_0,router_5_4,2.5000,0.753479
2482,router_6_0,router_5_0,1.5000,0.949813
2483,router_5_0,router_5_4,1.7000,0.755093
2484,router_5_4,router_5_0,2.9000,0.752808
2485,router_5_4,router_5_0,3.4001,0.751469
2486,router_5_0,router_5_4,4.5001,0.750801
2487,router_5_0,router_5_4,3.3001,0.751870
2488,router_5_0,router_5_4,2.1000,0.755093
2489,router_5_4,router_5_0,3.4001,0.753479
2490,router_5_4,router_5_0,2.4000,0.754151
2491,router_5_0,router_5_4,2.5000,0.752942
2492,router_5_0,router_5_4,2.1000,0.754016
2493,router_5_0,router_5_4,1.7000,0.755632
2494,router_5_4,router_5_0,1.4000,0.756172
2495,router_5_4,router_5_0,3.4001,0.751469
2496,router_5_0,router_5_4,2.9001,0.751870
2497,router_5_0,router_5_4,4.1001,0.749201
2498,router_5_0,router_5_4,1.3000,0.756172
2499,router_5_4,router_5_0,1.9000,0.754824
2500,router_5_4,router_5_0,3.9001,0.749467
2501,router_5_0,router_5_4,2.1000,0.754016
2502,router_5_0,router_5_4,2.9001,0.752942
2503,router_5_0,router_5_4,2.5000,0.753479
2504,router_5_4,router_5_0,1.9000,0.754824
2505,router_5_4,router_5_0,2.9000,0.753479
2506,router_5_0,router_5_4,2.5000,0.754554
2507,router_5_0,router_5_4,2.5000,0.754016
2508,router_5_0,router_5_4,2.1000,0.754554
2509,router_5_4,router_5_0,2.9000,0.752138
2510,router_5_4,router_5_0,2.4000,0.753479
2511,router_5_0,router_5_4,3.7001,0.750267
2512,router_5_0,router_5_4,2.9001,0.752406
2513,router_5_0,router_5_4,2.5000,0.754016
2514,router_5_4,router_5_0,2.4000,0.753479
2515,router_5_4,router_5_0,3.4001,0.752138
2516,router_5_0,router_5_4,2.1000,0.754016
2517,router_5_0,router_5_4,2.9001,0.751870
2518,router_5_0,router_5_4,2.9001,0.752406
2519,router_4_4,router_5_0,4.1001,0.697708
2520,router_4_0,router_5_0,1.6001,0.949813
2521,router_4_4,router_5_0,2.6000,0.702388
2522,router_4_0,router_5_0,3.2001,0.949813
2523,router_4_0,router_4_4,2.1000,0.754016
2524,router_4_0,router_4_4,1.7000,0.755093
2525,router_5_0,router_4_0,1.0000,0.949813
2526,router_4_0,router_4_4,2.1000,0.754554
2527,router_4_4,router_4_0,2.9000,0.752138
2528,router_4_4,router_4_0,2.4000,0.753479
2529,router_4_0,router_4_4,1.7000,0.755093
2530,router_4_0,router_4_4,5.3001,0.745487
2531,router_4_0,router_4_4,1.7000,0.755632
2532,router_4_4,router_4_0,2.9000,0.753479
2533,router_4_4,router_4_0,4.9001,0.747473
2534,router_4_0,router_4_4,4.9001,0.746545
2535,router_4_0,router_4_4,3.7001,0.750267
2536,router_4_0,router_4_4,3.7001,0.751870
2537,router_4_4,router_4_0,2.9000,0.753479
2538,router_4_4,router_4_0,4.9001,0.747473
2539,router_4_0,router_4_4,2.5000,0.754016
2540,router_4_0,router_4_4,1.7000,0.755093
2541,router_4_0,router_4_4,2.5000,0.753479
2542,router_4_4,router_4_0,3.9001,0.750801
2543,router_4_4,router_4_0,1.9000,0.754824
2544,router_4_0,router_4_4,2.1000,0.755093
2545,router_4_0,router_4_4,3.3001,0.752406
2546,router_4_0,router_4_4,2.5000,0.754016
2547,router_4_4,router_4_0,2.4000,0.753479
2548,router_4_4,router_4_0,2.9000,0.752138
2549,router_4_0,router_4_4,2.5000,0.752942
2550,router_4_0,router_4_4,2.9001,0.751870
2551,router_4_0,router_4_4,1.7000,0.755093
2552,router_4_4,router_4_0,3.9001,0.751469
2553,router_4_4,router_4_0,2.9000,0.752808
2554,router_4_0,router_4_4,1.7000,0.755093
2555,router_4_0,router_4_4,2.9001,0.752406
2556,router_4_0,router_4_4,2.5000,0.753479
2557,router_4_4,router_4_0,3.4001,0.750801
2558,router_4_4,router_4_0,2.9000,0.753479
2559,router_4_0,router_4_4,2.1000,0.754554
2560,router_4_0,router_4_4,2.9001,0.752406
2561,router_4_0,router_4_4,2.1000,0.754554
2562,router_3_4,router_4_0,6.1001,0.690014
2563,router_3_0,router_4_0,1.6001,0.949813
2564,router_3_4,router_4_0,3.6000,0.699502
2565,router_3_0,router_4_0,0.8000,0.949813
2566,router_3_0,router_3_4,2.5001,0.752942
2567,router_3_0,router_3_4,2.1000,0.754554
2568,router_4_0,router_3_0,2.0000,0.949813
2569,router_3_0,router_3_4,2.5001,0.752942
2570,router_3_4,router_3_0,2.4000,0.753479
2571,router_3_4,router_3_0,3.4001,0.753479
2572,router_3_0,router_3_4,2.9001,0.751870
2573,router_3_0,router_3_4,2.1000,0.754016
2574,router_3_0,router_3_4,4.9001,0.747606
2575,router_3_4,router_3_0,2.4000,0.753479
2576,router_3_4,router_3_0,3.4001,0.752138
2577,router_3_0,router_3_4,2.9001,0.753479
2578,router_3_0,router_3_4,2.9001,0.752942
2579,router_3_0,router_3_4,4.9001,0.746545
2580,router_3_4,router_3_0,4.9001,0.747473
2581,router_3_4,router_3_0,2.4000,0.754151
2582,router_3_0,router_3_4,1.7000,0.755632
2583,router_3_0,router_3_4,1.7000,0.755093
2584,router_3_0,router_3_4,2.9001,0.752406
2585,router_3_4,router_3_0,4.4001,0.748802
2586,router_3_4,router_3_0,1.9000,0.754824
2587,router_3_0,router_3_4,1.7000,0.755632
2588,router_3_0,router_3_4,2.1000,0.754016
2589,router_3_0,router_3_4,3.3001,0.751335
2590,router_3_4,router_3_0,2.9000,0.752138
2591,router_3_4,router_3_0,3.4001,0.752138
2592,router_3_0,router_3_4,4.5001,0.747606
2593,router_3_0,router_3_4,2.1000,0.756172
2594,router_3_0,router_3_4,3.3001,0.750801
2595,router_3_4,router_3_0,5.9001,0.744827
2596,router_3_4,router_3_0,1.9000,0.755497
2597,router_3_0,router_3_4,1.7000,0.755093
2598,router_3_0,router_3_4,4.5001,0.748669
2599,router_3_0,router_3_4,2.5000,0.753479
2600,router_3_4,router_3_0,2.4000,0.753479
2601,router_3_4,router_3_0,3.4001,0.751469
2602,router_3_0,router_3_4,3.3001,0.751870
2603,router_3_0,router_3_4,1.7000,0.755093
2604,router_3_0,router_3_4,3.3001,0.750801
2605,router_2_4,router_3_0,5.1001,0.693548
2606,router_2_0,router_3_0,2.0001,0.949813
2607,router_2_4,router_3_0,6.1001,0.693667
2608,router_2_0,router_3_0,0.4000,0.949813
2609,router_2_0,router_2_4,2.9001,0.752942
2610,router_2_0,router_2_4,1.7000,0.755093
2611,router_3_0,router_2_0,0.5000,0.949813
2612,router_2_0,router_2_4,2.9001,0.753479
2613,router_2_4,router_2_0,2.4000,0.754151
2614,router_2_4,router_2_0,2.9000,0.753479
2615,router_2_0,router_2_4,1.3000,0.756172
2616,router_2_0,router_2_4,2.5000,0.752942
2617,router_2_0,router_2_4,2.9001,0.751870
2618,router_2_4,router_2_0,4.4001,0.748802
2619,router_2_4,router_2_0,3.4001,0.751469
2620,router_2_0,router_2_4,3.7001,0.751870
2621,router_2_0,router_2_4,4.5001,0.747606
2622,router_2_0,router_2_4,3.3001,0.751335
2623,router_2_4,router_2_0,2.9000,0.752808
2624,router_2_4,router_2_0,5.4001,0.750134
2625,router_2_0,router_2_4,2.9001,0.752406
2626,router_2_0,router_2_4,2.5000,0.752942
2627,router_2_0,router_2_4,1.7000,0.755093
2628,router_2_4,router_2_0,6.4001,0.742852
2629,router_2_4,router_2_0,3.4001,0.751469
2630,router_2_0,router_2_4,1.7000,0.755093
2631,router_2_0,router_2_4,1.7000,0.755632
2632,router_2_0,router_2_4,2.5000,0.752942
2633,router_2_4,router_2_0,2.9000,0.753479
2634,router_2_4,router_2_0,2.9000,0.752138
2635,router_2_0,router_2_4,2.5000,0.754016
2636,router_2_0,router_2_4,2.1000,0.754554
2637,router_2_0,router_2_4,2.9001,0.751870
2638,router_2_4,router_2_0,2.9000,0.752808
2639,router_2_4,router_2_0,3.4001,0.750801
2640,router_2_0,router_2_4,2.1000,0.754016
2641,router_2_0,router_2_4,1.7000,0.755632
2642,router_2_0,router_2_4,2.9001,0.752942
2643,router_2_4,router_2_0,3.4001,0.752808
2644,router_2_4,router_2_0,3.4001,0.752138
2645,router_2_0,router_2_4,2.5000,0.752942
2646,router_2_0,router_2_4,2.9001,0.751870
2647,router_2_0,router_2_4,2.1000,0.754016
2648,router_1_4,router_2_0,3.6000,0.700462
2649,router_1_0,router_2_0,0.4000,0.949813
2650,router_1_4,router_2_0,3.1000,0.700582
2651,router_1_0,router_2_0,1.2000,0.949813
2652,router_1_0,router_1_4,1.7000,0.755093
2653,router_1_0,router_1_4,2.1000,0.754016
2654,router_2_0,router_1_0,0.5000,0.949813
2655,router_1_0,router_1_4,3.3001,0.751870
2656,router_1_4,router_1_0,2.4000,0.754151
2657,router_1_4,router_1_0,2.9000,0.752138
2658,router_1_0,router_1_4,2.1000,0.755632
2659,router_1_0,router_1_4,2.1000,0.754554
2660,router_1_0,router_1_4,2.5000,0.752942
2661,router_1_4,router_1_0,3.9001,0.751469
2662,router_1_4,router_1_0,4.4001,0.750134
2663,router_1_0,router_1_4,5.7001,0.744959
2664,router_1_0,router_1_4,2.9001,0.751870
2665,router_1_0,router_1_4,3.3001,0.751335
2666,router_1_4,router_1_0,5.4001,0.745487
2667,router_1_4,router_1_0,1.9000,0.754824
2668,router_1_0,router_1_4,2.1000,0.755093
2669,router_1_0,router_1_4,1.7000,0.755632
2670,router_1_0,router_1_4,2.9001,0.752406
2671,router_1_4,router_1_0,3.4001,0.751469
2672,router_1_4,router_1_0,3.4001,0.752138
2673,router_1_0,router_1_4,4.5001,0.749201
2674,router_1_0,router_1_4,1.7000,0.755093
2675,router_1_0,router_1_4,4.1001,0.748669
2676,router_1_4,router_1_0,1.4000,0.756172
2677,router_1_4,router_1_0,4.9001,0.746810
2678,router_1_0,router_1_4,5.7001,0.745487
2679,router_1_0,router_1_4,2.5000,0.754016
2680,router_1_0,router_1_4,2.9001,0.752406
2681,router_1_4,router_1_0,3.9001,0.752138
2682,router_1_4,router_1_0,1.9000,0.755497
2683,router_1_0,router_1_4,2.9001,0.751870
2684,router_1_0,router_1_4,3.7001,0.750267
2685,router_1_0,router_1_4,2.5000,0.753479
2686,router_1_4,router_1_0,2.9000,0.753479
2687,router_1_4,router_1_0,2.9000,0.752138
2688,router_1_0,router_1_4,1.7000,0.755093
2689,router_1_0,router_1_4,2.9001,0.751870
2690,router_1_0,router_1_4,2.9001,0.751870
2691,router_0_4,router_1_0,6.1001,0.690484
2692,router_0_0,router_1_0,3.6001,0.949813
2693,router_0_4,router_1_0,7.6001,0.687440
2694,router_0_0,router_1_0,0.4000,0.949813
2695,router_0_0,router_0_4,2.5001,0.754016
2696,router_0_0,router_0_4,5.3001,0.746016
2697,router_1_0,router_0_0,3.5001,0.949813
2698,router_0_0,router_0_4,3.7001,0.749734
2699,router_0_4,router_0_0,2.4000,0.754151
2700,router_0_4,router_0_0,2.4000,0.755497
2701,router_0_0,router_0_4,2.9001,0.751870
2702,router_0_0,router_0_4,2.5000,0.754016
2703,router_0_0,router_0_4,1.7000,0.755093
2704,router_0_4,router_0_0,2.4000,0.754151
2705,router_0_4,router_0_0,3.4001,0.751469
2706,router_0_0,router_0_4,4.1001,0.750267
2707,router_0_0,router_0_4,3.3001,0.750801
2708,router_0_0,router_0_4,2.5000,0.753479
2709,router_0_4,router_0_0,3.9001,0.751469
2710,router_0_4,router_0_0,3.9001,0.750801
2711,router_0_0,router_0_4,2.1000,0.754554
2712,router_0_0,router_0_4,4.9001,0.746545
2713,router_0_0,router_0_4,2.5000,0.754016
2714,router_0_4,router_0_0,2.9000,0.753479
2715,router_0_4,router_0_0,3.4001,0.752808
2716,router_0_0,router_0_4,1.7000,0.755632
2717,router_0_0,router_0_4,2.1000,0.754554
2718,router_0_0,router_0_4,1.7000,0.755093
2719,router_0_4,router_0_0,2.4000,0.753479
2720,router_0_4,router_0_0,1.9000,0.754824
2721,router_0_0,router_0_4,2.1000,0.754016
2722,router_0_0,router_0_4,2.5000,0.752942
2723,router_0_0,router_0_4,2.1000,0.754554
2724,router_0_4,router_0_0,5.4001,0.747473
2725,router_0_4,router_0_0,2.9000,0.753479
2726,router_0_0,router_0_4,3.3001,0.751870
2727,router_0_0,router_0_4,1.7000,0.755093
2728,router_0_0,router_0_4,2.1000,0.754016
2729,router_0_4,router_0_0,2.9000,0.752138
2730,router_0_4,router_0_0,3.4001,0.751469
2731,router_0_0,router_0_4,3.3001,0.751335
2732,router_0_0,router_0_4,2.5000,0.753479
2733,router_0_0,router_0_4,1.7000,0.755093
2734,router_7_3,router_0_0,8.5001,0.502396
2735,router_7_7,router_0_0,7.0001,0.414645
2736,router_7_3,router_0_0,9.0001,0.500051
2737,router_7_7,router_0_0,6.5001,0.415041
2738,router_7_7,router_7_3,2.9001,0.752138
2739,router_7_7,router_7_3,4.4001,0.750801
2740,router_0_0,router_7_7,7.7001,0.413420
2741,router_7_7,router_7_3,2.4000,0.753479

AVERAGES,,,2.8915,0.758178
E2E_LATENCY,,,10202.3604,
