Request_ID,Source,Destination,Latency_ms,Fidelity
0,router_3_3,router_2_3,0.5000,0.949813
1,router_3_3,router_2_3,0.5000,0.949813
2,router_3_3,router_2_3,1.0000,0.949813
3,router_3_3,router_2_3,1.0000,0.949813
4,router_3_3,router_2_3,1.0000,0.949813
5,router_3_3,router_2_3,1.0000,0.949813
7,router_3_3,router_2_3,2.0000,0.949813
7,router_3_3,router_2_3,1.0000,0.949813
8,router_3_3,router_2_3,1.0000,0.949813
9,router_3_3,router_2_3,0.5000,0.949813
9,router_3_3,router_2_3,1.0000,0.949813
11,router_3_3,router_2_3,0.5000,0.949813
13,router_3_3,router_2_3,1.0000,0.949813
14,router_3_3,router_2_3,1.5000,0.949813
15,router_3_3,router_2_3,1.5000,0.949813
15,router_3_3,router_2_3,1.0000,0.949813
17,router_3_3,router_2_3,3.0001,0.949813
17,router_3_3,router_2_3,0.5000,0.949813
18,router_3_3,router_2_3,0.5000,0.949813
19,router_3_3,router_2_3,2.0000,0.949813
20,router_3_3,router_2_3,0.5000,0.949813
21,router_3_3,router_2_3,2.0000,0.949813
22,router_3_3,router_2_3,0.5000,0.949813
23,router_3_3,router_1_3,2.8001,0.877627
24,router_3_3,router_2_3,1.0000,0.949813
25,router_3_3,router_2_3,1.5000,0.949813
26,router_3_3,router_2_3,2.0000,0.949813
27,router_3_3,router_1_3,1.8000,0.876790
28,router_3_3,router_2_3,0.5000,0.949813
29,router_3_3,router_2_3,1.0000,0.949813
30,router_3_3,router_1_3,5.8002,0.870140
31,router_3_3,router_1_3,1.3000,0.877627
32,router_3_3,router_2_3,4.0001,0.949813
33,router_3_3,router_2_3,0.5000,0.949813
34,router_3_3,router_1_3,3.8001,0.873456
35,router_3_3,router_1_3,3.8001,0.873456
36,router_3_3,router_2_3,0.5000,0.949813
37,router_3_3,router_1_3,1.8000,0.876790
38,router_3_3,router_1_3,2.8001,0.875121
39,router_3_3,router_1_3,4.3001,0.873456
40,router_3_3,router_2_3,0.5000,0.949813
41,router_3_3,router_1_3,1.8000,0.876790
42,router_3_3,router_1_3,1.8000,0.876790
43,router_3_3,router_1_3,1.8000,0.876790
44,router_3_3,router_1_3,1.8000,0.876790
45,router_3_3,router_1_3,0.8000,0.878464
46,router_3_3,router_1_3,1.8000,0.877627
47,router_3_3,router_1_3,3.3001,0.875121
48,router_3_3,router_1_3,1.3000,0.877627
49,router_3_3,router_1_3,1.8000,0.876790
50,router_3_3,router_1_3,1.3000,0.877627
51,router_3_3,router_1_3,3.8001,0.873456
52,router_2_3,router_1_3,1.0000,0.949813
53,router_3_3,router_1_3,2.3001,0.875955
54,router_3_3,router_1_3,2.3001,0.875955
55,router_3_3,router_1_3,3.8001,0.875121
56,router_3_3,router_0_3,2.6001,0.811911
57,router_2_3,router_1_3,0.5000,0.949813
58,router_3_3,router_1_3,1.8000,0.878464
59,router_3_3,router_1_3,0.8000,0.878464
60,router_3_3,router_1_3,3.3001,0.874288
61,router_3_3,router_0_3,1.9000,0.811761
63,router_2_3,router_1_3,2.0000,0.949813
63,router_2_3,router_1_3,1.0000,0.949813
64,router_3_3,router_1_3,0.8000,0.878464
65,router_3_3,router_1_3,0.8000,0.878464
66,router_3_3,router_0_3,1.9000,0.811761
67,router_3_3,router_0_3,1.9000,0.811761
69,router_2_3,router_1_3,2.5001,0.949813
69,router_2_3,router_1_3,0.5000,0.949813
70,router_3_3,router_1_3,0.8000,0.878464
71,router_3_3,router_1_3,1.8000,0.877627
72,router_3_3,router_0_3,2.4000,0.811013
73,router_3_3,router_0_3,3.4001,0.810265
74,router_2_3,router_1_3,1.0000,0.949813
75,router_2_3,router_1_3,1.0000,0.949813
76,router_2_3,router_1_3,0.5000,0.949813
77,router_3_3,router_1_3,1.3000,0.877627
78,router_3_3,router_0_3,1.4000,0.813261
79,router_3_3,router_0_3,2.1000,0.812661
80,router_3_3,router_0_3,2.6000,0.811911
81,router_2_3,router_1_3,0.5000,0.949813
82,router_2_3,router_1_3,1.0000,0.949813
83,router_2_3,router_1_3,1.0000,0.949813
84,router_3_3,router_1_3,1.8000,0.876790
85,router_3_3,router_0_3,1.4000,0.813261
86,router_3_3,router_0_3,2.1000,0.812661
87,router_3_3,router_0_3,2.6000,0.811911
88,router_2_3,router_1_3,1.5000,0.949813
89,router_2_3,router_1_3,2.0000,0.949813
90,router_2_3,router_1_3,3.0001,0.949813
91,router_2_3,router_1_3,0.5000,0.949813
92,router_3_3,router_0_3,3.1001,0.811162
93,router_3_3,router_0_3,3.4001,0.809519
94,router_3_3,router_0_3,1.9000,0.812511
95,router_3_3,router_0_3,2.4000,0.810265
96,router_2_3,router_1_3,0.5000,0.949813
97,router_2_3,router_1_3,0.5000,0.949813
98,router_2_3,router_1_3,0.5000,0.949813
99,router_2_3,router_1_3,3.5001,0.949813
100,router_3_3,router_0_3,3.1001,0.811162
101,router_3_3,router_0_3,3.9001,0.807285
102,router_3_3,router_0_3,2.9000,0.809519
103,router_3_3,router_0_3,4.4001,0.805060
104,router_2_3,router_1_3,1.0000,0.949813
105,router_2_3,router_1_3,1.0000,0.949813
106,router_2_3,router_1_3,1.5000,0.949813
107,router_2_3,router_0_3,1.8000,0.876790
108,router_3_3,router_0_3,2.4000,0.811013
109,router_3_3,router_0_3,3.9001,0.806543
110,router_3_3,router_0_3,2.9000,0.810265
111,router_3_3,router_3_2,1.5000,0.949813
112,router_2_3,router_1_3,1.0000,0.949813
113,router_2_3,router_1_3,1.5000,0.949813
114,router_2_3,router_1_3,2.0000,0.949813
115,router_2_3,router_0_3,1.8000,0.876790
116,router_3_3,router_0_3,2.4000,0.811013
117,router_3_3,router_0_3,1.9000,0.812511
118,router_3_3,router_0_3,2.4000,0.810265
119,router_3_3,router_3_2,0.5000,0.949813
120,router_2_3,router_1_3,0.5000,0.949813
121,router_2_3,router_1_3,0.5000,0.949813
122,router_2_3,router_0_3,2.8001,0.877627
123,router_2_3,router_0_3,0.8000,0.878464
124,router_3_3,router_0_3,2.9001,0.810265
125,router_3_3,router_0_3,2.4000,0.811761
126,router_3_3,router_3_2,0.5000,0.949813
127,router_3_3,router_3_2,2.0000,0.949813
128,router_2_3,router_1_3,1.0000,0.949813
129,router_2_3,router_1_3,0.5000,0.949813
130,router_2_3,router_0_3,0.8000,0.878464
131,router_2_3,router_0_3,2.8001,0.875955
132,router_3_3,router_0_3,2.1000,0.812661
133,router_3_3,router_0_3,2.9001,0.808773
134,router_3_3,router_3_2,0.5000,0.949813
135,router_3_3,router_3_2,2.5001,0.949813
136,router_2_3,router_1_3,1.0000,0.949813
137,router_2_3,router_0_3,1.8001,0.878464
138,router_2_3,router_0_3,2.3001,0.876790
139,router_2_3,router_0_3,5.8001,0.870967
140,router_3_3,router_0_3,1.9000,0.812511
141,router_3_3,router_3_2,2.5001,0.949813
142,router_3_3,router_3_2,1.0000,0.949813
143,router_3_3,router_3_2,0.5000,0.949813
144,router_2_3,router_1_3,3.5001,0.949813
145,router_2_3,router_0_3,1.3000,0.877627
146,router_2_3,router_0_3,1.8000,0.876790
147,router_2_3,router_0_3,0.8000,0.878464
148,router_3_3,router_0_3,5.4001,0.802108
149,router_3_3,router_3_2,1.5000,0.949813
149,router_3_3,router_3_2,1.0000,0.949813
150,router_3_3,router_3_2,0.5000,0.949813
152,router_2_3,router_0_3,2.7000,0.875288
153,router_2_3,router_0_3,0.8000,0.878464
154,router_2_3,router_0_3,2.8001,0.876790
155,router_2_3,router_0_3,1.3000,0.877627
156,router_3_3,router_3_2,1.0000,0.949813
156,router_3_3,router_3_2,1.0000,0.949813
157,router_3_3,router_3_2,1.0000,0.949813
158,router_3_3,router_3_2,2.0000,0.949813
160,router_2_3,router_0_3,1.3000,0.877627
161,router_2_3,router_0_3,4.8001,0.872625
162,router_2_3,router_0_3,2.8001,0.877627
163,router_2_3,router_0_3,2.8001,0.875121
164,router_3_3,router_3_2,1.5000,0.949813
164,router_3_3,router_3_2,5.5001,0.949813
165,router_3_3,router_3_2,0.5000,0.949813
167,router_3_3,router_3_2,3.5001,0.949813
168,router_1_3,router_0_3,0.5000,0.949813
169,router_2_3,router_0_3,2.2001,0.876122
170,router_2_3,router_0_3,2.8001,0.875121
171,router_2_3,router_0_3,1.3000,0.878464
172,router_2_3,router_3_2,2.8001,0.874954
173,router_3_3,router_3_2,1.5000,0.949813
173,router_3_3,router_3_2,1.5000,0.949813
174,router_3_3,router_3_2,1.0000,0.949813
176,router_3_3,router_2_2,1.8000,0.876790
177,router_1_3,router_0_3,2.0000,0.949813
178,router_2_3,router_0_3,1.8000,0.877627
179,router_2_3,router_0_3,2.3001,0.877627
180,router_2_3,router_0_3,1.8000,0.877627
181,router_2_3,router_3_2,1.9001,0.877459
182,router_3_3,router_3_2,3.0001,0.949813
182,router_3_3,router_3_2,1.0000,0.949813
183,router_3_3,router_3_2,1.0000,0.949813
185,router_3_3,router_2_2,0.8000,0.878464
187,router_1_3,router_0_3,1.5000,0.949813
187,router_1_3,router_0_3,0.5000,0.949813
188,router_2_3,router_0_3,1.3000,0.878464
189,router_2_3,router_0_3,2.8001,0.876790
190,router_2_3,router_3_2,2.3001,0.877794
191,router_2_3,router_3_2,1.8000,0.876623
192,router_3_3,router_3_2,1.0000,0.949813
193,router_3_3,router_3_2,0.5000,0.949813
194,router_3_3,router_2_2,1.8000,0.877627
195,router_3_3,router_2_2,1.3000,0.877627
196,router_1_3,router_0_3,1.0000,0.949813
197,router_1_3,router_0_3,1.0000,0.949813
198,router_2_3,router_0_3,0.8000,0.878464
199,router_2_3,router_0_3,1.8000,0.876790
200,router_2_3,router_3_2,0.8000,0.878296
201,router_2_3,router_3_2,1.3000,0.877459
202,router_3_3,router_3_2,1.0000,0.949813
203,router_3_3,router_3_2,0.5000,0.949813
204,router_3_3,router_2_2,1.3000,0.878464
205,router_3_3,router_2_2,1.8000,0.876790
206,router_1_3,router_0_3,0.5000,0.949813
207,router_1_3,router_0_3,0.5000,0.949813
208,router_1_3,router_0_3,1.5000,0.949813
209,router_2_3,router_0_3,1.3000,0.877627
210,router_2_3,router_3_2,1.3000,0.877459
211,router_2_3,router_3_2,1.3000,0.878129
212,router_2_3,router_3_2,1.3000,0.877459
213,router_3_3,router_3_2,1.0000,0.949813
214,router_3_3,router_2_2,1.3000,0.877627
215,router_3_3,router_2_2,1.8000,0.876790
216,router_3_3,router_2_2,0.8000,0.878464
217,router_1_3,router_0_3,0.5000,0.949813
218,router_1_3,router_0_3,0.5000,0.949813
219,router_1_3,router_0_3,1.0000,0.949813
220,router_2_3,router_0_3,2.3001,0.876790
221,router_2_3,router_3_2,1.3000,0.877459
222,router_2_3,router_3_2,2.7001,0.875288
223,router_2_3,router_3_2,1.8000,0.877961
224,router_3_3,router_3_2,1.5000,0.949813
225,router_3_3,router_2_2,1.8000,0.877627
226,router_3_3,router_2_2,1.8000,0.876790
227,router_3_3,router_2_2,1.3000,0.877627
228,router_1_3,router_0_3,0.5000,0.949813
229,router_1_3,router_0_3,0.5000,0.949813
230,router_1_3,router_0_3,0.5000,0.949813
231,router_1_3,router_0_3,0.5000,0.949813
232,router_2_3,router_3_2,1.3000,0.878129
233,router_2_3,router_3_2,2.8001,0.874954
234,router_2_3,router_3_2,2.8001,0.876957
235,router_2_3,router_3_2,1.3000,0.878129
236,router_3_3,router_2_2,2.8001,0.875955
237,router_3_3,router_2_2,1.3000,0.878464
238,router_3_3,router_2_2,1.3000,0.877627
239,router_3_3,router_2_2,0.8000,0.878464
240,router_1_3,router_0_3,3.0001,0.949813
241,router_1_3,router_0_3,1.0000,0.949813
242,router_1_3,router_0_3,3.0001,0.949813
243,router_1_3,router_0_3,0.5000,0.949813
244,router_2_3,router_3_2,1.3000,0.878129
245,router_2_3,router_3_2,1.9001,0.876623
246,router_2_3,router_3_2,0.8000,0.878296
247,router_2_3,router_3_2,2.3001,0.875788
248,router_3_3,router_2_2,1.8000,0.877627
249,router_3_3,router_2_2,1.3000,0.877627
250,router_3_3,router_2_2,1.3000,0.877627
251,router_3_3,router_2_2,1.3000,0.877627
253,router_1_3,router_0_3,1.5000,0.949813
254,router_1_3,router_0_3,2.5001,0.949813
254,router_1_3,router_0_3,1.0000,0.949813
255,router_1_3,router_3_2,2.2001,0.812436
256,router_2_3,router_3_2,1.3000,0.877459
257,router_2_3,router_3_2,3.3001,0.874122
258,router_2_3,router_3_2,1.5000,0.878129
259,router_2_3,router_2_2,0.5000,0.949813
260,router_3_3,router_2_2,3.8001,0.873456
261,router_3_3,router_2_2,1.3000,0.877627
262,router_3_3,router_2_2,0.8000,0.878464
263,router_3_3,router_1_2,1.9000,0.812511
265,router_1_3,router_0_3,0.5000,0.949813
266,router_1_3,router_0_3,1.5000,0.949813
266,router_1_3,router_0_3,2.0000,0.949813
267,router_1_3,router_3_2,4.2001,0.809444
268,router_2_3,router_3_2,3.9000,0.874122
269,router_2_3,router_3_2,2.3000,0.875788
270,router_2_3,router_3_2,2.3001,0.876456
271,router_2_3,router_2_2,0.5000,0.949813
272,router_3_3,router_2_2,2.3001,0.876790
273,router_3_3,router_2_2,2.3001,0.877627
274,router_3_3,router_2_2,1.3000,0.877627
275,router_3_3,router_1_2,2.6001,0.811911
276,router_1_3,router_0_3,0.5000,0.949813
277,router_1_3,router_0_3,1.5000,0.949813
278,router_1_3,router_3_2,1.4000,0.813637
279,router_1_3,router_3_2,2.9001,0.808699
280,router_2_3,router_3_2,1.1000,0.877961
281,router_2_3,router_3_2,3.3001,0.874788
282,router_2_3,router_2_2,1.5000,0.949813
283,router_2_3,router_2_2,1.0000,0.949813
284,router_3_3,router_2_2,1.8000,0.877627
285,router_3_3,router_2_2,1.8000,0.878464
286,router_3_3,router_1_2,2.9001,0.809519
287,router_3_3,router_1_2,4.4001,0.805060
288,router_1_3,router_0_3,2.0000,0.949813
289,router_1_3,router_0_3,0.5000,0.949813
290,router_1_3,router_3_2,1.8000,0.813036
291,router_1_3,router_3_2,2.9001,0.812136
292,router_2_3,router_3_2,3.1000,0.876289
293,router_2_3,router_3_2,1.3000,0.877459
295,router_2_3,router_2_2,1.0000,0.949813
295,router_2_3,router_2_2,1.5000,0.949813
296,router_3_3,router_2_2,1.3000,0.877627
297,router_3_3,router_2_2,1.3000,0.877627
298,router_3_3,router_1_2,1.9000,0.812511
299,router_3_3,router_1_2,4.4001,0.805801
300,router_1_3,router_0_3,1.5000,0.949813
301,router_1_3,router_3_2,4.5001,0.803951
302,router_1_3,router_3_2,2.5000,0.811686
303,router_1_3,router_3_2,2.2000,0.812586
304,router_2_3,router_3_2,1.8001,0.877292
305,router_2_3,router_2_2,1.0000,0.949813
305,router_2_3,router_2_2,0.5000,0.949813
307,router_2_3,router_2_2,2.0000,0.949813
308,router_3_3,router_2_2,1.3000,0.877627
309,router_3_3,router_1_2,2.4000,0.811013
310,router_3_3,router_1_2,3.1001,0.811162
311,router_3_3,router_1_2,6.4001,0.801372
312,router_1_3,router_0_3,1.0000,0.949813
313,router_1_3,router_3_2,2.4000,0.811237
314,router_1_3,router_3_2,1.4000,0.813036
315,router_1_3,router_3_2,2.1000,0.811686
316,router_2_3,router_3_2,4.8001,0.871630
318,router_2_3,router_2_2,1.0000,0.949813
319,router_2_3,router_2_2,1.5000,0.949813
319,router_2_3,router_2_2,1.0000,0.949813
320,router_3_3,router_2_2,1.3000,0.877627
321,router_3_3,router_1_2,2.4000,0.810265
322,router_3_3,router_1_2,1.9000,0.811761
323,router_3_3,router_1_2,2.9000,0.809519
324,router_1_3,router_3_2,1.9000,0.812136
325,router_1_3,router_3_2,2.9001,0.812136
326,router_1_3,router_3_2,2.1000,0.811088
327,router_1_3,router_3_2,2.4000,0.810041
328,router_2_3,router_2_2,0.5000,0.949813
329,router_2_3,router_2_2,0.5000,0.949813
330,router_2_3,router_2_2,1.5000,0.949813
331,router_2_3,router_2_2,0.5000,0.949813
332,router_3_3,router_1_2,1.4000,0.813261
333,router_3_3,router_1_2,3.9001,0.806543
334,router_3_3,router_1_2,2.4000,0.812511
335,router_3_3,router_1_2,3.9001,0.806543
336,router_1_3,router_3_2,1.4000,0.813036
337,router_1_3,router_3_2,3.0001,0.811237
338,router_1_3,router_3_2,1.8000,0.813036
339,router_1_3,router_3_2,1.4000,0.813637
341,router_2_3,router_2_2,1.0000,0.949813
341,router_2_3,router_2_2,1.5000,0.949813
342,router_2_3,router_2_2,1.5000,0.949813
343,router_2_3,router_2_2,1.0000,0.949813
344,router_3_3,router_1_2,2.4000,0.811761
345,router_3_3,router_1_2,2.4000,0.810265
346,router_3_3,router_1_2,1.4000,0.813261
347,router_3_3,router_1_2,2.4000,0.811013
348,router_0_3,router_3_2,2.9000,0.753479
349,router_1_3,router_3_2,1.4000,0.813637
350,router_1_3,router_3_2,4.6001,0.808848
351,router_1_3,router_3_2,2.4000,0.812436
352,router_1_3,router_2_2,2.7001,0.876122
354,router_2_3,router_2_2,3.0001,0.949813
355,router_2_3,router_2_2,0.5000,0.949813
355,router_2_3,router_2_2,1.5000,0.949813
356,router_2_3,router_1_2,1.3000,0.877627
357,router_3_3,router_1_2,3.4001,0.809519
358,router_3_3,router_1_2,2.1000,0.812661
359,router_3_3,router_1_2,4.9001,0.806543
360,router_3_3,router_0_2,4.4001,0.749467
361,router_0_3,router_3_2,3.3001,0.750801
362,router_1_3,router_3_2,4.1001,0.808848
363,router_1_3,router_3_2,2.9000,0.810938
364,router_1_3,router_3_2,3.9001,0.809743
365,router_1_3,router_2_2,3.1001,0.874621
367,router_2_3,router_2_2,0.5000,0.949813
367,router_2_3,router_2_2,1.0000,0.949813
368,router_2_3,router_2_2,1.0000,0.949813
369,router_2_3,router_1_2,1.8000,0.878464
370,router_3_3,router_1_2,3.1001,0.811162
371,router_3_3,router_1_2,2.4000,0.810265
372,router_3_3,router_1_2,2.9000,0.809519
373,router_3_3,router_0_2,2.4000,0.753479
374,router_0_3,router_3_2,2.5000,0.754285
375,router_0_3,router_3_2,2.1000,0.754016
376,router_1_3,router_3_2,2.5000,0.809892
377,router_1_3,router_3_2,3.7001,0.808401
378,router_1_3,router_2_2,1.3000,0.878129
379,router_1_3,router_2_2,1.1000,0.877961
380,router_2_3,router_2_2,1.5000,0.949813
381,router_2_3,router_2_2,2.0000,0.949813
382,router_2_3,router_1_2,2.3001,0.875955
383,router_2_3,router_1_2,1.8000,0.876790
384,router_3_3,router_1_2,1.9000,0.812511
385,router_3_3,router_1_2,1.9000,0.812511
386,router_3_3,router_0_2,2.4000,0.753479
387,router_3_3,router_0_2,4.4001,0.750801
388,router_0_3,router_3_2,1.7000,0.755632
389,router_0_3,router_3_2,2.5000,0.754016
390,router_1_3,router_3_2,3.3000,0.808848
391,router_1_3,router_3_2,3.4001,0.807657
392,router_1_3,router_2_2,1.3000,0.877459
393,router_1_3,router_2_2,2.3001,0.876456
394,router_2_3,router_2_2,1.5000,0.949813
395,router_2_3,router_2_2,2.5001,0.949813
396,router_2_3,router_1_2,1.8000,0.878464
397,router_2_3,router_1_2,1.3000,0.877627
398,router_3_3,router_1_2,1.9000,0.811761
399,router_3_3,router_1_2,2.6000,0.811911
400,router_3_3,router_0_2,2.4000,0.753479
401,router_3_3,router_0_2,2.4000,0.754151
402,router_0_3,router_3_2,2.5000,0.752942
403,router_0_3,router_3_2,3.3001,0.753076
404,router_0_3,router_3_2,1.7000,0.755632
405,router_1_3,router_3_2,2.4000,0.811237
406,router_1_3,router_2_2,1.3000,0.878129
407,router_1_3,router_2_2,3.8001,0.874621
408,router_1_3,router_2_2,3.8001,0.875288
409,router_2_3,router_2_2,2.0000,0.949813
410,router_2_3,router_1_2,1.3000,0.877627
411,router_2_3,router_1_2,1.3000,0.878464
412,router_2_3,router_1_2,1.3000,0.877627
413,router_3_3,router_1_2,4.1001,0.809668
414,router_3_3,router_0_2,2.9001,0.752138
415,router_3_3,router_0_2,4.4001,0.748802
416,router_3_3,router_0_2,2.9000,0.754824
417,router_0_3,router_3_2,4.4001,0.749467
418,router_0_3,router_3_2,2.1000,0.754016
419,router_0_3,router_3_2,1.7000,0.755228
420,router_1_3,router_3_2,3.9001,0.806765
421,router_1_3,router_2_2,2.3000,0.875788
422,router_1_3,router_2_2,1.3000,0.877459
423,router_1_3,router_2_2,1.5000,0.877292
424,router_2_3,router_2_2,1.5000,0.949813
425,router_2_3,router_1_2,2.3001,0.875955
426,router_2_3,router_1_2,1.3000,0.877627
427,router_2_3,router_1_2,2.3001,0.875955
428,router_3_3,router_1_2,3.9001,0.806543
429,router_3_3,router_0_2,1.9000,0.754824
430,router_3_3,router_0_2,6.9002,0.741539
431,router_3_3,router_0_2,3.9001,0.749467
432,router_0_3,router_3_2,4.9001,0.746678
433,router_0_3,router_3_2,3.9001,0.749734
434,router_0_3,router_3_2,2.4000,0.753748
435,router_0_3,router_3_2,1.7000,0.755093
436,router_1_3,router_2_2,3.3001,0.875455
437,router_1_3,router_2_2,0.8000,0.878296
438,router_1_3,router_2_2,0.8000,0.878296
439,router_1_3,router_2_2,2.3001,0.876790
440,router_2_3,router_1_2,1.8000,0.877627
441,router_2_3,router_1_2,2.8001,0.875955
442,router_2_3,router_1_2,3.3001,0.874288
443,router_2_3,router_1_2,1.8000,0.876790
444,router_3_3,router_0_2,1.9000,0.754824
445,router_3_3,router_0_2,2.4000,0.754824
446,router_3_3,router_0_2,2.4000,0.753479
447,router_3_3,router_0_2,1.9000,0.754824
448,router_0_3,router_3_2,2.5000,0.754016
449,router_0_3,router_3_2,2.9001,0.752406
450,router_0_3,router_3_2,3.3001,0.752004
451,router_0_3,router_3_2,1.7000,0.755228
452,router_1_3,router_2_2,1.1000,0.877961
453,router_1_3,router_2_2,2.3000,0.875788
454,router_1_3,router_2_2,1.3000,0.877459
455,router_1_3,router_2_2,0.8000,0.878296
456,router_2_3,router_1_2,1.3000,0.878464
457,router_2_3,router_1_2,1.3000,0.877627
458,router_2_3,router_1_2,1.8000,0.877627
459,router_2_3,router_1_2,1.3000,0.877627
460,router_3_3,router_0_2,2.9001,0.752138
461,router_3_3,router_0_2,3.9001,0.749467
462,router_3_3,router_0_2,3.4001,0.751469
463,router_3_3,router_0_2,5.4001,0.745487
464,router_0_3,router_3_2,2.9001,0.753345
465,router_0_3,router_3_2,2.1000,0.754151
466,router_0_3,router_3_2,3.7001,0.749734
467,router_0_3,router_2_2,1.9000,0.812136
468,router_1_3,router_2_2,3.1000,0.875455
469,router_1_3,router_2_2,1.3000,0.878129
470,router_1_3,router_2_2,1.3000,0.878129
471,router_1_3,router_1_2,0.5000,0.949813
472,router_2_3,router_1_2,1.3000,0.878464
473,router_2_3,router_1_2,2.3001,0.875955
474,router_2_3,router_1_2,1.3000,0.877627
475,router_2_3,router_0_2,3.6001,0.810415
476,router_3_3,router_0_2,2.9001,0.753479
477,router_3_3,router_0_2,2.4000,0.754151
478,router_3_3,router_0_2,3.9001,0.749467
479,router_3_3,router_3_1,0.8000,0.878464
480,router_0_3,router_3_2,2.5000,0.753479
481,router_0_3,router_3_2,1.7000,0.755632
482,router_0_3,router_3_2,1.7000,0.755093
483,router_0_3,router_2_2,2.1000,0.812286
484,router_1_3,router_2_2,1.5000,0.877292
485,router_1_3,router_2_2,2.3000,0.875788
486,router_1_3,router_2_2,1.1000,0.877961
487,router_1_3,router_1_2,1.0000,0.949813
488,router_2_3,router_1_2,1.8000,0.876790
489,router_2_3,router_1_2,1.8000,0.878464
490,router_2_3,router_1_2,1.8000,0.876790
491,router_2_3,router_0_2,3.9001,0.808029
492,router_3_3,router_0_2,4.4001,0.750801
493,router_3_3,router_0_2,2.9000,0.752808
494,router_3_3,router_0_2,2.9000,0.753479
495,router_3_3,router_3_1,2.3000,0.875955
496,router_0_3,router_3_2,2.9000,0.752406
497,router_0_3,router_3_2,2.4000,0.753211
498,router_0_3,router_2_2,1.7000,0.812286
499,router_0_3,router_2_2,1.9000,0.812736
500,router_1_3,router_2_2,5.3001,0.873456
501,router_1_3,router_2_2,4.3001,0.873456
502,router_1_3,router_1_2,0.5000,0.949813
503,router_1_3,router_1_2,1.5000,0.949813
504,router_2_3,router_1_2,3.8001,0.874288
505,router_2_3,router_1_2,0.8000,0.878464
506,router_2_3,router_0_2,1.9000,0.812511
507,router_2_3,router_0_2,1.4000,0.813261
508,router_3_3,router_0_2,1.9000,0.754824
509,router_3_3,router_0_2,6.9002,0.741539
510,router_3_3,router_3_1,1.8000,0.876790
511,router_3_3,router_3_1,0.8000,0.878464
512,router_0_3,router_3_2,2.4000,0.754824
513,router_0_3,router_3_2,3.3001,0.752540
514,router_0_3,router_2_2,1.4000,0.813036
515,router_0_3,router_2_2,1.7000,0.812886
516,router_1_3,router_2_2,1.3000,0.877459
517,router_1_3,router_2_2,2.7001,0.875288
518,router_1_3,router_1_2,0.5000,0.949813
519,router_1_3,router_1_2,1.0000,0.949813
520,router_2_3,router_1_2,2.8001,0.875121
521,router_2_3,router_1_2,1.3000,0.878464
522,router_2_3,router_0_2,1.9000,0.812511
523,router_2_3,router_0_2,1.9000,0.813261
524,router_3_3,router_0_2,3.4001,0.750801
525,router_3_3,router_0_2,2.4000,0.754151
526,router_3_3,router_3_1,1.8000,0.877627
527,router_3_3,router_3_1,4.8001,0.872625
528,router_0_3,router_3_2,1.7000,0.755228
529,router_0_3,router_2_2,4.9001,0.806172
530,router_0_3,router_2_2,2.9000,0.810340
531,router_0_3,router_2_2,2.9001,0.810191
532,router_1_3,router_2_2,3.3001,0.875455
533,router_1_3,router_1_2,1.5000,0.949813
534,router_1_3,router_1_2,3.0001,0.949813
535,router_1_3,router_1_2,0.5000,0.949813
536,router_2_3,router_1_2,2.3001,0.877627
537,router_2_3,router_0_2,3.9001,0.805801
538,router_2_3,router_0_2,2.1000,0.812661
539,router_2_3,router_0_2,2.4000,0.811761
540,router_3_3,router_0_2,2.9000,0.752138
541,router_3_3,router_3_1,1.3000,0.877627
542,router_3_3,router_3_1,2.8001,0.875121
543,router_3_3,router_3_1,2.3001,0.876790
544,router_0_3,router_3_2,2.1000,0.754016
545,router_0_3,router_2_2,1.9000,0.812736
546,router_0_3,router_2_2,2.6001,0.811836
547,router_0_3,router_2_2,2.4000,0.811237
548,router_1_3,router_2_2,2.8001,0.876289
549,router_1_3,router_1_2,1.5000,0.949813
550,router_1_3,router_1_2,0.5000,0.949813
551,router_1_3,router_1_2,0.5000,0.949813
552,router_2_3,router_1_2,0.8000,0.878464
553,router_2_3,router_0_2,2.4000,0.810265
554,router_2_3,router_0_2,5.4001,0.803582
555,router_2_3,router_0_2,4.4001,0.806543
556,router_3_3,router_0_2,3.4001,0.750801
557,router_3_3,router_3_1,2.7000,0.875288
558,router_3_3,router_3_1,3.8001,0.874288
559,router_3_3,router_3_1,1.8000,0.877627
560,router_0_3,router_2_2,1.9000,0.811537
561,router_0_3,router_2_2,2.1000,0.811836
562,router_0_3,router_2_2,1.4000,0.813637
563,router_0_3,router_2_2,1.7000,0.812286
564,router_1_3,router_1_2,0.5000,0.949813
565,router_1_3,router_1_2,0.5000,0.949813
566,router_1_3,router_1_2,0.5000,0.949813
567,router_1_3,router_1_2,0.5000,0.949813
568,router_2_3,router_0_2,1.9000,0.812511
569,router_2_3,router_0_2,3.4001,0.808029
570,router_2_3,router_0_2,2.6000,0.811911
571,router_2_3,router_0_2,3.4001,0.807285
572,router_3_3,router_3_1,1.8000,0.876790
573,router_3_3,router_3_1,4.8001,0.871796
574,router_3_3,router_3_1,2.3001,0.878464
575,router_3_3,router_3_1,2.3001,0.876790
576,router_0_3,router_2_2,1.4000,0.813036
577,router_0_3,router_2_2,2.5000,0.810489
578,router_0_3,router_2_2,1.9000,0.812736
579,router_0_3,router_2_2,1.7000,0.812286
580,router_1_3,router_1_2,1.0000,0.949813
581,router_1_3,router_1_2,1.0000,0.949813
582,router_1_3,router_1_2,1.0000,0.949813
583,router_1_3,router_1_2,1.0000,0.949813
584,router_2_3,router_0_2,4.9001,0.805801
585,router_2_3,router_0_2,3.1001,0.811162
586,router_2_3,router_0_2,1.4000,0.813261
587,router_2_3,router_0_2,3.9001,0.808773
588,router_3_3,router_3_1,3.3001,0.875955
589,router_3_3,router_3_1,1.8000,0.877627
590,router_3_3,router_3_1,2.3001,0.875955
591,router_3_3,router_3_1,2.3001,0.876790
592,router_3_2,router_2_2,1.0000,0.949813
593,router_0_3,router_2_2,1.7000,0.812286
594,router_0_3,router_2_2,1.8000,0.813186
595,router_0_3,router_2_2,2.9001,0.809743
596,router_0_3,router_1_2,3.3001,0.876122
598,router_1_3,router_1_2,2.0000,0.949813
599,router_1_3,router_1_2,0.5000,0.949813
599,router_1_3,router_1_2,1.0000,0.949813
600,router_1_3,router_0_2,3.3001,0.875121
601,router_2_3,router_0_2,1.6000,0.813412
602,router_2_3,router_0_2,1.9000,0.812511
603,router_2_3,router_0_2,1.9000,0.811761
604,router_2_3,router_3_1,2.4001,0.810788
605,router_3_3,router_3_1,1.3000,0.877627
606,router_3_3,router_3_1,3.3001,0.875121
607,router_3_3,router_3_1,0.8000,0.878464
608,router_3_3,router_2_1,2.9001,0.811761
609,router_3_2,router_2_2,2.5001,0.949813
610,router_0_3,router_2_2,3.9001,0.805579
611,router_0_3,router_2_2,1.9000,0.813337
612,router_0_3,router_2_2,2.9001,0.811537
613,router_0_3,router_1_2,0.8000,0.878296
615,router_1_3,router_1_2,0.5000,0.949813
616,router_1_3,router_1_2,1.0000,0.949813
616,router_1_3,router_1_2,0.5000,0.949813
617,router_1_3,router_0_2,1.8000,0.877627
618,router_2_3,router_0_2,1.4000,0.813261
619,router_2_3,router_0_2,2.6000,0.811911
620,router_2_3,router_0_2,4.9001,0.802844
621,router_2_3,router_3_1,3.9001,0.808699
622,router_3_3,router_3_1,0.8000,0.878464
623,router_3_3,router_3_1,3.3001,0.875955
624,router_3_3,router_3_1,1.3000,0.877627
625,router_3_3,router_2_1,3.9001,0.809519
627,router_3_2,router_2_2,1.5000,0.949813
627,router_3_2,router_2_2,0.5000,0.949813
628,router_0_3,router_2_2,1.7000,0.812286
629,router_0_3,router_2_2,1.7000,0.812286
630,router_0_3,router_1_2,1.1000,0.877961
631,router_0_3,router_1_2,1.8000,0.876623
633,router_1_3,router_1_2,0.5000,0.949813
633,router_1_3,router_1_2,2.0000,0.949813
634,router_1_3,router_0_2,1.8000,0.876790
635,router_1_3,router_0_2,2.3001,0.875955
636,router_2_3,router_0_2,4.1001,0.809668
637,router_2_3,router_0_2,3.6001,0.811162
638,router_2_3,router_3_1,5.5000,0.802329
639,router_2_3,router_3_1,2.9001,0.809295
640,router_3_3,router_3_1,1.8000,0.878464
641,router_3_3,router_3_1,1.8000,0.876790
642,router_3_3,router_2_1,1.9000,0.811761
643,router_3_3,router_2_1,2.9000,0.809519
645,router_3_2,router_2_2,3.5001,0.949813
645,router_3_2,router_2_2,0.5000,0.949813
646,router_0_3,router_2_2,2.6001,0.811836
647,router_0_3,router_2_2,1.7000,0.812286
648,router_0_3,router_1_2,1.5000,0.878129
649,router_0_3,router_1_2,1.1000,0.877961
650,router_1_3,router_1_2,6.0001,0.949813
651,router_1_3,router_1_2,2.5001,0.949813
652,router_1_3,router_0_2,1.3000,0.877627
653,router_1_3,router_0_2,2.3001,0.877627
654,router_2_3,router_0_2,2.9001,0.810265
655,router_2_3,router_0_2,2.9000,0.810265
656,router_2_3,router_3_1,1.9000,0.811686
657,router_2_3,router_3_1,2.4000,0.811537
658,router_3_3,router_3_1,1.3000,0.878464
659,router_3_3,router_3_1,1.3000,0.877627
660,router_3_3,router_2_1,2.4000,0.811013
661,router_3_3,router_2_1,2.9000,0.809519
662,router_3_2,router_2_2,0.5000,0.949813
663,router_3_2,router_2_2,1.5000,0.949813
664,router_3_2,router_2_2,0.5000,0.949813
665,router_0_3,router_2_2,2.4000,0.811237
666,router_0_3,router_1_2,1.3000,0.877459
667,router_0_3,router_1_2,0.8000,0.878296
668,router_0_3,router_1_2,2.3001,0.875955
669,router_1_3,router_1_2,1.0000,0.949813
670,router_1_3,router_0_2,2.8001,0.877627
671,router_1_3,router_0_2,3.8001,0.873456
672,router_1_3,router_0_2,0.8000,0.878464
673,router_2_3,router_0_2,2.9001,0.810265
674,router_2_3,router_3_1,2.4000,0.810938
675,router_2_3,router_3_1,2.9000,0.810639
676,router_2_3,router_3_1,2.4000,0.810191
677,router_3_3,router_3_1,3.3001,0.875955
678,router_3_3,router_2_1,2.4000,0.811013
679,router_3_3,router_2_1,2.4000,0.811761
680,router_3_3,router_2_1,2.9000,0.809519
681,router_3_2,router_2_2,1.5000,0.949813
682,router_3_2,router_2_2,0.5000,0.949813
683,router_3_2,router_2_2,1.0000,0.949813
684,router_0_3,router_2_2,3.0001,0.811387
685,router_0_3,router_1_2,1.8000,0.876623
686,router_0_3,router_1_2,2.8001,0.876957
687,router_0_3,router_1_2,1.5000,0.878129
688,router_1_3,router_1_2,3.5001,0.949813
689,router_1_3,router_0_2,1.3000,0.877627
690,router_1_3,router_0_2,0.8000,0.878464
691,router_1_3,router_0_2,1.8000,0.876790
692,router_2_3,router_0_2,2.6001,0.811911
693,router_2_3,router_3_1,2.4000,0.812136
694,router_2_3,router_3_1,2.9000,0.810489
695,router_2_3,router_3_1,2.4000,0.811986
696,router_3_3,router_3_1,1.8000,0.876790
697,router_3_3,router_2_1,1.9000,0.812511
698,router_3_3,router_2_1,3.4001,0.807285
699,router_3_3,router_2_1,1.9000,0.813261
700,router_3_2,router_2_2,0.5000,0.949813
701,router_3_2,router_2_2,1.0000,0.949813
702,router_3_2,router_2_2,1.0000,0.949813
703,router_3_2,router_2_2,1.0000,0.949813
704,router_0_3,router_1_2,1.5000,0.878129
705,router_0_3,router_1_2,0.8000,0.878296
706,router_0_3,router_1_2,1.8000,0.876623
707,router_0_3,router_1_2,3.1001,0.875455
708,router_1_3,router_0_2,2.3001,0.875955
709,router_1_3,router_0_2,1.3000,0.877627
710,router_1_3,router_0_2,2.3001,0.875955
711,router_1_3,router_0_2,1.3000,0.877627
712,router_2_3,router_3_1,1.8000,0.813186
713,router_2_3,router_3_1,1.4000,0.813186
714,router_2_3,router_3_1,1.9000,0.811686
715,router_2_3,router_3_1,1.4000,0.813787
716,router_3_3,router_2_1,2.4000,0.810265
717,router_3_3,router_2_1,4.9001,0.806543
718,router_3_3,router_2_1,3.4001,0.807285
719,router_3_3,router_2_1,2.4000,0.810265
720,router_3_2,router_2_2,2.0000,0.949813
720,router_3_2,router_2_2,0.5000,0.949813
721,router_3_2,router_2_2,1.5000,0.949813
722,router_3_2,router_2_2,1.0000,0.949813
724,router_0_3,router_1_2,3.8001,0.873290
725,router_0_3,router_1_2,0.8000,0.878296
726,router_0_3,router_1_2,2.3001,0.875955
727,router_0_3,router_1_2,1.1000,0.877961
728,router_1_3,router_0_2,1.3000,0.877627
729,router_1_3,router_0_2,1.3000,0.877627
730,router_1_3,router_0_2,0.8000,0.878464
731,router_1_3,router_0_2,0.8000,0.878464
732,router_2_3,router_3_1,4.4001,0.806172
733,router_2_3,router_3_1,1.4000,0.813787
734,router_2_3,router_3_1,2.4000,0.811387
735,router_2_3,router_3_1,2.4000,0.810788
736,router_3_3,router_2_1,3.9001,0.809519
737,router_3_3,router_2_1,2.6000,0.811911
738,router_3_3,router_2_1,1.9000,0.812511
739,router_3_3,router_2_1,1.6000,0.813412
740,router_3_2,router_2_2,1.0000,0.949813
740,router_3_2,router_2_2,3.0001,0.949813
742,router_3_2,router_2_2,1.5000,0.949813
743,router_3_2,router_1_2,1.3000,0.877627
744,router_0_3,router_1_2,3.8001,0.873955
745,router_0_3,router_1_2,1.9001,0.876623
746,router_0_3,router_1_2,0.8000,0.878296
747,router_0_3,router_0_2,1.0000,0.949813
748,router_1_3,router_0_2,1.3000,0.878464
749,router_1_3,router_0_2,1.8000,0.876790
750,router_1_3,router_0_2,1.3000,0.878464
751,router_1_3,router_3_1,1.9000,0.754689
752,router_2_3,router_3_1,3.0001,0.811387
753,router_2_3,router_3_1,2.6001,0.811986
754,router_2_3,router_3_1,3.4001,0.807211
755,router_2_3,router_2_1,2.3000,0.875955
756,router_3_3,router_2_1,1.9000,0.811761
757,router_3_3,router_2_1,1.9000,0.811761
758,router_3_3,router_2_1,2.4000,0.811761
759,router_3_3,router_1_1,2.4000,0.754824
760,router_3_2,router_2_2,2.0000,0.949813
761,router_3_2,router_2_2,2.5001,0.949813
762,router_3_2,router_2_2,1.0000,0.949813
763,router_3_2,router_1_2,6.3001,0.869314
764,router_0_3,router_1_2,0.8000,0.878296
765,router_0_3,router_1_2,1.5000,0.877292
766,router_0_3,router_1_2,1.5000,0.877292
767,router_0_3,router_0_2,2.0000,0.949813
768,router_1_3,router_0_2,1.8000,0.878464
769,router_1_3,router_0_2,3.8001,0.875121
770,router_1_3,router_0_2,2.3001,0.877627
771,router_1_3,router_3_1,2.9000,0.752540
772,router_2_3,router_3_1,1.9000,0.812436
773,router_2_3,router_3_1,7.4002,0.796177
774,router_2_3,router_3_1,8.9002,0.791680
775,router_2_3,router_2_1,1.8000,0.876790
776,router_3_3,router_2_1,2.4000,0.811761
777,router_3_3,router_2_1,6.6001,0.805949
778,router_3_3,router_2_1,3.4001,0.811761
779,router_3_3,router_1_1,5.4001,0.746148
780,router_3_2,router_2_2,2.5001,0.949813
781,router_3_2,router_2_2,0.5000,0.949813
782,router_3_2,router_1_2,4.8001,0.871796
783,router_3_2,router_1_2,3.3001,0.875121
784,router_0_3,router_1_2,1.1000,0.877961
785,router_0_3,router_1_2,1.1000,0.877961
786,router_0_3,router_0_2,1.0000,0.949813
787,router_0_3,router_0_2,1.5000,0.949813
788,router_1_3,router_0_2,0.8000,0.878464
789,router_1_3,router_0_2,2.3001,0.876790
790,router_1_3,router_3_1,2.9000,0.753076
791,router_1_3,router_3_1,2.4000,0.753345
792,router_2_3,router_3_1,2.4000,0.810191
793,router_2_3,router_3_1,3.4001,0.810041
794,router_2_3,router_2_1,1.3000,0.877627
795,router_2_3,router_2_1,0.8000,0.878464
796,router_3_3,router_2_1,3.9001,0.810265
797,router_3_3,router_2_1,1.9000,0.812511
798,router_3_3,router_1_1,2.9000,0.752138
799,router_3_3,router_1_1,2.9000,0.752808
801,router_3_2,router_2_2,1.0000,0.949813
801,router_3_2,router_2_2,0.5000,0.949813
802,router_3_2,router_1_2,1.8000,0.877627
803,router_3_2,router_1_2,2.3001,0.877627
804,router_0_3,router_1_2,1.8000,0.876623
805,router_0_3,router_1_2,1.1000,0.877961
807,router_0_3,router_0_2,1.5000,0.949813
807,router_0_3,router_0_2,1.5000,0.949813
809,router_1_3,router_0_2,2.8001,0.875121
809,router_1_3,router_0_2,1.8000,0.878464
810,router_1_3,router_3_1,5.4001,0.746016
811,router_1_3,router_3_1,2.9000,0.753345
812,router_2_3,router_3_1,1.9000,0.812286
813,router_2_3,router_3_1,3.4001,0.808401
814,router_2_3,router_2_1,2.3000,0.876790
815,router_2_3,router_2_1,1.8000,0.876790
816,router_3_3,router_2_1,4.6001,0.808922
817,router_3_3,router_2_1,1.6000,0.813412
818,router_3_3,router_1_1,3.4001,0.752808
819,router_3_3,router_1_1,4.9001,0.747473
820,router_3_2,router_2_2,1.5000,0.949813
821,router_3_2,router_1_2,2.3000,0.875955
822,router_3_2,router_1_2,0.8000,0.878464
823,router_3_2,router_1_2,1.3000,0.877627
824,router_0_3,router_1_2,1.1000,0.877961
825,router_0_3,router_0_2,0.5000,0.949813
826,router_0_3,router_0_2,1.0000,0.949813
827,router_0_3,router_0_2,0.5000,0.949813
828,router_1_3,router_0_2,3.8001,0.874288
829,router_1_3,router_3_1,2.9000,0.753613
830,router_1_3,router_3_1,3.9001,0.750667
831,router_1_3,router_3_1,2.4000,0.754689
832,router_2_3,router_3_1,2.4000,0.810788
833,router_2_3,router_2_1,1.3000,0.877627
834,router_2_3,router_2_1,1.8000,0.877627
835,router_2_3,router_2_1,4.3001,0.873456
836,router_3_3,router_2_1,2.4000,0.810265
837,router_3_3,router_1_1,3.4001,0.752808
838,router_3_3,router_1_1,2.4000,0.753479
839,router_3_3,router_1_1,2.9000,0.752138
840,router_3_2,router_2_2,0.5000,0.949813
841,router_3_2,router_1_2,0.8000,0.878464
842,router_3_2,router_1_2,6.3002,0.869314
843,router_3_2,router_1_2,1.3000,0.877627
844,router_0_3,router_1_2,0.8000,0.878296
845,router_0_3,router_0_2,0.5000,0.949813
846,router_0_3,router_0_2,2.0000,0.949813
847,router_0_3,router_0_2,2.5001,0.949813
848,router_1_3,router_0_2,1.8000,0.877627
849,router_1_3,router_3_1,1.9000,0.755228
850,router_1_3,router_3_1,1.9000,0.754689
851,router_1_3,router_3_1,1.9000,0.754689
852,router_2_3,router_3_1,1.9000,0.811686
853,router_2_3,router_2_1,1.3000,0.877627
854,router_2_3,router_2_1,6.3002,0.870967
855,router_2_3,router_2_1,1.3000,0.878464
856,router_3_3,router_2_1,2.1000,0.812661
857,router_3_3,router_1_1,5.9001,0.745487
858,router_3_3,router_1_1,4.4001,0.748802
859,router_3_3,router_1_1,2.9000,0.752808
860,router_3_2,router_1_2,2.8001,0.875121
861,router_3_2,router_1_2,1.3000,0.878464
862,router_3_2,router_1_2,1.3000,0.877627
863,router_3_2,router_1_2,3.3001,0.875121
864,router_0_3,router_0_2,1.0000,0.949813
865,router_0_3,router_0_2,1.0000,0.949813
866,router_0_3,router_0_2,1.5000,0.949813
867,router_0_3,router_0_2,1.5000,0.949813
868,router_1_3,router_3_1,2.1000,0.754151
869,router_1_3,router_3_1,1.7000,0.755228
870,router_1_3,router_3_1,2.9000,0.753345
871,router_1_3,router_3_1,3.9001,0.750667
872,router_2_3,router_2_1,1.8000,0.876790
873,router_2_3,router_2_1,1.3000,0.877627
874,router_2_3,router_2_1,1.3000,0.877627
875,router_2_3,router_2_1,3.3001,0.877627
876,router_3_3,router_1_1,2.4000,0.753479
877,router_3_3,router_1_1,3.9001,0.752808
878,router_3_3,router_1_1,1.9000,0.754824
879,router_3_3,router_1_1,2.9000,0.752138
880,router_3_2,router_1_2,2.8001,0.875121
881,router_3_2,router_1_2,2.8001,0.875955
882,router_3_2,router_1_2,0.8000,0.878464
883,router_3_2,router_1_2,1.3000,0.878464
885,router_0_3,router_0_2,1.5000,0.949813
886,router_0_3,router_0_2,0.5000,0.949813
887,router_0_3,router_0_2,1.0000,0.949813
887,router_0_3,router_0_2,1.0000,0.949813
888,router_1_3,router_3_1,3.9001,0.749334
889,router_1_3,router_3_1,1.9000,0.755228
890,router_1_3,router_3_1,1.7000,0.755767
891,router_1_3,router_3_1,2.1000,0.754151
892,router_2_3,router_2_1,1.3000,0.877627
893,router_2_3,router_2_1,1.3000,0.878464
894,router_2_3,router_2_1,1.3000,0.877627
895,router_2_3,router_2_1,0.8000,0.878464
896,router_3_3,router_1_1,1.4000,0.756172
897,router_3_3,router_1_1,2.4000,0.754824
898,router_3_3,router_1_1,2.9000,0.754151
899,router_3_3,router_1_1,2.9000,0.752138
900,router_2_2,router_1_2,0.5000,0.949813
901,router_3_2,router_1_2,1.3000,0.878464
902,router_3_2,router_1_2,1.3000,0.878464
903,router_3_2,router_1_2,1.3000,0.877627
904,router_3_2,router_0_2,1.9000,0.811761
905,router_0_3,router_0_2,0.5000,0.949813
906,router_0_3,router_0_2,4.5001,0.949813
907,router_0_3,router_0_2,1.0000,0.949813
908,router_0_3,router_3_1,3.1000,0.700943
909,router_1_3,router_3_1,2.1000,0.754151
910,router_1_3,router_3_1,3.9001,0.751870
911,router_1_3,router_3_1,3.9001,0.749334
912,router_1_3,router_2_1,2.6001,0.811986
913,router_2_3,router_2_1,1.8000,0.876790
914,router_2_3,router_2_1,3.8001,0.873456
915,router_2_3,router_2_1,1.8000,0.876790
916,router_2_3,router_1_1,3.4001,0.808773
917,router_3_3,router_1_1,2.9000,0.752138
918,router_3_3,router_1_1,2.4000,0.753479
919,router_3_3,router_1_1,2.4000,0.754151
920,router_3_3,router_0_1,4.1001,0.697051
921,router_2_2,router_1_2,0.5000,0.949813
922,router_3_2,router_1_2,2.2001,0.876957
923,router_3_2,router_1_2,3.3001,0.875955
924,router_3_2,router_1_2,1.8000,0.876790
925,router_3_2,router_0_2,2.6001,0.812661
926,router_0_3,router_0_2,1.0000,0.949813
927,router_0_3,router_0_2,0.5000,0.949813
928,router_0_3,router_0_2,1.5000,0.949813
929,router_0_3,router_3_1,8.6002,0.683145
930,router_1_3,router_3_1,1.7000,0.755228
931,router_1_3,router_3_1,3.4001,0.752674
932,router_1_3,router_3_1,3.3001,0.750934
933,router_1_3,router_2_1,2.9000,0.811237
934,router_2_3,router_2_1,1.8000,0.876790
935,router_2_3,router_2_1,2.3001,0.875955
936,router_2_3,router_2_1,1.3000,0.878464
937,router_2_3,router_1_1,1.4000,0.813261
938,router_3_3,router_1_1,3.4001,0.753479
939,router_3_3,router_1_1,3.9001,0.749467
940,router_3_3,router_1_1,1.9000,0.755497
941,router_3_3,router_0_1,2.6000,0.701846
943,router_2_2,router_1_2,1.5000,0.949813
943,router_2_2,router_1_2,1.0000,0.949813
944,router_3_2,router_1_2,1.3000,0.877627
945,router_3_2,router_1_2,2.8001,0.875955
946,router_3_2,router_0_2,3.4001,0.808029
947,router_3_2,router_0_2,2.4000,0.811013
948,router_0_3,router_0_2,0.5000,0.949813
949,router_0_3,router_0_2,0.5000,0.949813
950,router_0_3,router_3_1,3.6000,0.699742
951,router_0_3,router_3_1,5.1001,0.694851
952,router_1_3,router_3_1,2.1000,0.755902
953,router_1_3,router_3_1,2.1000,0.755362
954,router_1_3,router_2_1,1.9000,0.813637
955,router_1_3,router_2_1,2.4000,0.813487
956,router_2_3,router_2_1,1.3000,0.877627
957,router_2_3,router_2_1,1.8000,0.878464
958,router_2_3,router_1_1,2.6001,0.812661
959,router_2_3,router_1_1,2.9001,0.810265
960,router_3_3,router_1_1,3.4001,0.751469
961,router_3_3,router_1_1,3.9001,0.749467
962,router_3_3,router_0_1,5.1001,0.694673
963,router_3_3,router_0_1,3.6000,0.699442
965,router_2_2,router_1_2,0.5000,0.949813
965,router_2_2,router_1_2,1.0000,0.949813
966,router_3_2,router_1_2,2.3001,0.875955
967,router_3_2,router_1_2,1.8000,0.878464
968,router_3_2,router_0_2,2.4000,0.811761
969,router_3_2,router_0_2,1.4000,0.813261
970,router_0_3,router_0_2,2.0001,0.949813
970,router_0_3,router_0_2,0.5000,0.949813
972,router_0_3,router_3_1,5.6001,0.691071
973,router_0_3,router_3_1,3.6000,0.699262
974,router_1_3,router_3_1,3.4001,0.750667
975,router_1_3,router_3_1,2.1000,0.754151
976,router_1_3,router_2_1,2.4000,0.810938
977,router_1_3,router_2_1,2.4000,0.810191
978,router_2_3,router_2_1,4.3001,0.875121
979,router_2_3,router_2_1,1.3000,0.877627
980,router_2_3,router_1_1,2.1000,0.812661
981,router_2_3,router_1_1,2.4000,0.810265
982,router_3_3,router_1_1,1.4000,0.756172
983,router_3_3,router_1_1,2.4000,0.753479
984,router_3_3,router_0_1,10.1002,0.678378
985,router_3_3,router_0_1,5.6001,0.691130
987,router_2_2,router_1_2,0.5000,0.949813
988,router_2_2,router_1_2,1.5000,0.949813
988,router_2_2,router_1_2,1.5000,0.949813
989,router_3_2,router_1_2,3.3001,0.874288
990,router_3_2,router_0_2,4.4001,0.806543
991,router_3_2,router_0_2,1.9000,0.811761
992,router_3_2,router_0_2,4.1001,0.811911
993,router_0_3,router_0_2,3.0001,0.949813
994,router_0_3,router_3_1,4.1001,0.698066
995,router_0_3,router_3_1,5.1001,0.693785
996,router_0_3,router_3_1,6.1001,0.690249
997,router_1_3,router_3_1,4.5001,0.747739
998,router_1_3,router_2_1,1.9000,0.812436
999,router_1_3,router_2_1,1.9000,0.812286
1000,router_1_3,router_2_1,2.2000,0.812586
1001,router_2_3,router_2_1,3.3001,0.874288
1002,router_2_3,router_1_1,1.6000,0.813412
1003,router_2_3,router_1_1,1.4000,0.813261
1004,router_2_3,router_1_1,2.4000,0.811013
1005,router_3_3,router_1_1,2.4000,0.753479
1006,router_3_3,router_0_1,4.6001,0.694673
1007,router_3_3,router_0_1,4.6001,0.698843
1008,router_3_3,router_0_1,4.6001,0.696456
1009,router_2_2,router_1_2,1.5000,0.949813
1011,router_2_2,router_1_2,0.5000,0.949813
1011,router_2_2,router_1_2,2.5001,0.949813
1012,router_3_2,router_1_2,2.8001,0.878464
1013,router_3_2,router_0_2,3.1001,0.811911
1014,router_3_2,router_0_2,4.1001,0.809668
1015,router_3_2,router_0_2,2.4000,0.810265
1016,router_0_3,router_0_2,0.5000,0.949813
1017,router_0_3,router_3_1,3.1000,0.699982
1018,router_0_3,router_3_1,4.6001,0.696039
1019,router_0_3,router_3_1,6.1001,0.690366
1020,router_1_3,router_3_1,4.4001,0.752406
1021,router_1_3,router_2_1,3.8001,0.810191
1022,router_1_3,router_2_1,1.9000,0.812286
1023,router_1_3,router_2_1,2.4000,0.812886
1024,router_2_3,router_2_1,2.8001,0.875955
1025,router_2_3,router_1_1,4.1001,0.811911
1026,router_2_3,router_1_1,3.4001,0.807285
1027,router_2_3,router_1_1,3.4001,0.808029
1028,router_3_3,router_1_1,3.4001,0.751469
1029,router_3_3,router_0_1,3.1000,0.700642
1030,router_3_3,router_0_1,4.1001,0.698245
1031,router_3_3,router_0_1,3.1000,0.700042
1032,router_2_2,router_1_2,0.5000,0.949813
1033,router_2_2,router_1_2,0.5000,0.949813
1034,router_2_2,router_1_2,1.0000,0.949813
1035,router_2_2,router_1_2,1.5000,0.949813
1036,router_3_2,router_0_2,3.6001,0.810415
1037,router_3_2,router_0_2,3.1001,0.812661
1038,router_3_2,router_0_2,3.6001,0.811162
1039,router_3_2,router_0_2,1.9000,0.812511
1040,router_0_3,router_3_1,5.7001,0.694970
1041,router_0_3,router_3_1,3.3001,0.700222
1042,router_0_3,router_3_1,6.9002,0.688141
1043,router_0_3,router_3_1,3.3001,0.699262
1044,router_1_3,router_2_1,2.6001,0.811986
1045,router_1_3,router_2_1,1.4000,0.813787
1046,router_1_3,router_2_1,1.4000,0.813787
1047,router_1_3,router_2_1,2.4000,0.810191
1048,router_2_3,router_1_1,1.9000,0.812511
1049,router_2_3,router_1_1,3.6001,0.810415
1050,router_2_3,router_1_1,3.1001,0.811162
1051,router_2_3,router_1_1,2.9001,0.810265
1052,router_3_3,router_0_1,4.6001,0.697648
1053,router_3_3,router_0_1,4.1001,0.698843
1054,router_3_3,router_0_1,4.1001,0.697648
1055,router_3_3,router_0_1,5.1001,0.695861
1057,router_2_2,router_1_2,0.5000,0.949813
1058,router_2_2,router_1_2,0.5000,0.949813
1059,router_2_2,router_1_2,0.5000,0.949813
1059,router_2_2,router_1_2,6.0001,0.949813
1060,router_3_2,router_0_2,2.4000,0.811761
1061,router_3_2,router_0_2,1.4000,0.813261
1062,router_3_2,router_0_2,1.9000,0.811761
1063,router_3_2,router_0_2,2.4000,0.811761
1064,router_0_3,router_3_1,4.1001,0.697588
1065,router_0_3,router_3_1,3.7001,0.698783
1066,router_0_3,router_3_1,4.1001,0.696396
1067,router_0_3,router_3_1,4.1001,0.696396
1068,router_1_3,router_2_1,2.4000,0.810191
1069,router_1_3,router_2_1,1.9000,0.812886
1070,router_1_3,router_2_1,1.4000,0.813186
1071,router_1_3,router_2_1,4.4001,0.804838
1072,router_2_3,router_1_1,2.1000,0.813412
1073,router_2_3,router_1_1,3.4001,0.809519
1074,router_2_3,router_1_1,2.4000,0.811013
1075,router_2_3,router_1_1,2.6000,0.811911
1076,router_3_3,router_0_1,4.7001,0.698006
1077,router_3_3,router_0_1,5.1001,0.695861
1078,router_3_3,router_0_1,3.1000,0.701244
1079,router_3_3,router_0_1,3.6000,0.700042
1080,router_2_2,router_1_2,3.0001,0.949813
1081,router_2_2,router_1_2,4.5001,0.949813
1082,router_2_2,router_1_2,1.0000,0.949813
1083,router_2_2,router_0_2,1.8000,0.877627
1084,router_3_2,router_0_2,1.6000,0.813412
1085,router_3_2,router_0_2,1.9000,0.811761
1086,router_3_2,router_0_2,6.4001,0.798439
1087,router_3_2,router_3_1,2.5001,0.949813
1088,router_0_3,router_3_1,4.1000,0.697827
1089,router_0_3,router_3_1,3.7001,0.698783
1090,router_0_3,router_3_1,3.7001,0.698305
1091,router_0_3,router_2_1,3.9001,0.749334
1092,router_1_3,router_2_1,1.9000,0.811686
1093,router_1_3,router_2_1,2.6001,0.811986
1094,router_1_3,router_2_1,1.4000,0.813186
1095,router_1_3,router_1_1,0.8000,0.878464
1096,router_2_3,router_1_1,4.9001,0.804321
1097,router_2_3,router_1_1,2.4000,0.812511
1098,router_2_3,router_1_1,1.4000,0.813261
1099,router_2_3,router_0_1,2.4000,0.753479
1100,router_3_3,router_0_1,5.1001,0.693489
1101,router_3_3,router_0_1,3.6000,0.700042
1102,router_3_3,router_0_1,3.6000,0.700042
1103,router_3_3,router_3_0,2.6001,0.811911
1104,router_2_2,router_1_2,0.5000,0.949813
1105,router_2_2,router_1_2,1.5000,0.949813
1106,router_2_2,router_1_2,0.5000,0.949813
1107,router_2_2,router_0_2,1.3000,0.877627
1108,router_3_2,router_0_2,2.4000,0.812511
1109,router_3_2,router_0_2,3.1001,0.811162
1110,router_3_2,router_0_2,1.9000,0.812511
1111,router_3_2,router_3_1,1.0000,0.949813
1112,router_0_3,router_3_1,4.9001,0.694614
1113,router_0_3,router_3_1,6.6001,0.689545
1114,router_0_3,router_3_1,3.3001,0.699742
1115,router_0_3,router_2_1,2.9001,0.752004
1116,router_1_3,router_2_1,1.9000,0.811686
1117,router_1_3,router_2_1,3.4001,0.807954
1118,router_1_3,router_2_1,1.9000,0.811686
1119,router_1_3,router_1_1,1.3000,0.878464
1120,router_2_3,router_1_1,1.4000,0.813261
1121,router_2_3,router_1_1,3.4001,0.811013
1122,router_2_3,router_1_1,3.9001,0.809519
1123,router_2_3,router_0_1,2.9000,0.753479
1124,router_3_3,router_0_1,6.6001,0.690542
1125,router_3_3,router_0_1,4.1001,0.698245
1126,router_3_3,router_0_1,4.1001,0.697051
1127,router_3_3,router_3_0,2.9001,0.810265
1128,router_2_2,router_1_2,2.0001,0.949813
1129,router_2_2,router_1_2,4.0001,0.949813
1130,router_2_2,router_0_2,2.3001,0.876790
1131,router_2_2,router_0_2,1.3000,0.878464
1132,router_3_2,router_0_2,4.9001,0.802844
1133,router_3_2,router_0_2,2.1000,0.812661
1134,router_3_2,router_3_1,0.5000,0.949813
1135,router_3_2,router_3_1,0.5000,0.949813
1136,router_0_3,router_3_1,5.6001,0.693667
1137,router_0_3,router_3_1,3.3000,0.699262
1138,router_0_3,router_2_1,1.9000,0.754689
1139,router_0_3,router_2_1,2.4000,0.753345
1140,router_1_3,router_2_1,4.9001,0.804838
1141,router_1_3,router_2_1,3.4001,0.807211
1142,router_1_3,router_1_1,1.3000,0.878464
1143,router_1_3,router_1_1,1.8000,0.876790
1144,router_2_3,router_1_1,2.4000,0.811013
1145,router_2_3,router_1_1,3.4001,0.811013
1146,router_2_3,router_0_1,3.4001,0.752138
1147,router_2_3,router_0_1,2.4000,0.753479
1148,router_3_3,router_0_1,5.2001,0.698006
1149,router_3_3,router_0_1,7.6001,0.685868
1150,router_3_3,router_3_0,2.8001,0.809817
1151,router_3_3,router_3_0,3.9001,0.808029
1152,router_2_2,router_1_2,0.5000,0.949813
1153,router_2_2,router_1_2,2.0000,0.949813
1154,router_2_2,router_0_2,0.8000,0.878464
1155,router_2_2,router_0_2,3.8001,0.875955
1156,router_3_2,router_0_2,2.9001,0.808773
1157,router_3_2,router_0_2,1.9000,0.812511
1158,router_3_2,router_3_1,2.0000,0.949813
1158,router_3_2,router_3_1,1.5000,0.949813
1160,router_0_3,router_3_1,3.1000,0.701063
1161,router_0_3,router_3_1,4.1001,0.697827
1162,router_0_3,router_2_1,2.9001,0.752540
1163,router_0_3,router_2_1,2.1000,0.755362
1164,router_1_3,router_2_1,1.4000,0.813186
1165,router_1_3,router_2_1,4.4001,0.804247
1166,router_1_3,router_1_1,1.3000,0.877627
1167,router_1_3,router_1_1,1.3000,0.877627
1168,router_2_3,router_1_1,3.9001,0.805801
1169,router_2_3,router_1_1,1.9000,0.812511
1170,router_2_3,router_0_1,2.4000,0.753479
1171,router_2_3,router_0_1,3.4001,0.752138
1172,router_3_3,router_0_1,3.6000,0.700642
1173,router_3_3,router_0_1,3.1000,0.700642
1174,router_3_3,router_3_0,1.9000,0.812511
1175,router_3_3,router_3_0,1.4000,0.813261
1176,router_2_2,router_1_2,0.5000,0.949813
1177,router_2_2,router_0_2,6.3001,0.877627
1178,router_2_2,router_0_2,2.3001,0.876790
1179,router_2_2,router_0_2,1.8000,0.877627
1180,router_3_2,router_0_2,2.9001,0.810265
1181,router_3_2,router_3_1,0.5000,0.949813
1182,router_3_2,router_3_1,1.0000,0.949813
1183,router_3_2,router_3_1,0.5000,0.949813
1184,router_0_3,router_3_1,4.1001,0.698305
1185,router_0_3,router_2_1,3.4001,0.751335
1186,router_0_3,router_2_1,2.4000,0.754016
1187,router_0_3,router_2_1,4.5001,0.747739
1188,router_1_3,router_2_1,3.4001,0.810788
1189,router_1_3,router_1_1,1.8000,0.876790
1190,router_1_3,router_1_1,1.3000,0.877627
1191,router_1_3,router_1_1,2.3001,0.878464
1192,router_2_3,router_1_1,1.9000,0.811761
1193,router_2_3,router_0_1,4.9001,0.748137
1194,router_2_3,router_0_1,2.4000,0.754824
1195,router_2_3,router_0_1,2.4000,0.754151
1196,router_3_3,router_0_1,6.1001,0.689955
1197,router_3_3,router_3_0,1.9000,0.811761
1198,router_3_3,router_3_0,2.6000,0.811911
1199,router_3_3,router_3_0,2.9001,0.808773
1200,router_2_2,router_1_2,1.0000,0.949813
1201,router_2_2,router_0_2,1.8000,0.878464
1202,router_2_2,router_0_2,2.3001,0.877627
1203,router_2_2,router_0_2,1.3000,0.877627
1204,router_3_2,router_0_2,2.1000,0.813412
1205,router_3_2,router_3_1,0.5000,0.949813
1205,router_3_2,router_3_1,2.0000,0.949813
1206,router_3_2,router_3_1,0.5000,0.949813
1208,router_0_3,router_3_1,3.1000,0.701063
1209,router_0_3,router_2_1,4.1000,0.749334
1210,router_0_3,router_2_1,1.9000,0.755228
1211,router_0_3,router_2_1,2.9000,0.752004
1212,router_1_3,router_2_1,1.9000,0.812436
1213,router_1_3,router_1_1,3.8001,0.873456
1214,router_1_3,router_1_1,2.3001,0.876790
1215,router_1_3,router_1_1,1.8000,0.876790
1216,router_2_3,router_1_1,2.4000,0.811761
1217,router_2_3,router_0_1,2.4000,0.754151
1218,router_2_3,router_0_1,3.4001,0.751469
1219,router_2_3,router_0_1,3.9001,0.750801
1220,router_3_3,router_0_1,3.1000,0.701244
1221,router_3_3,router_3_0,2.9001,0.809519
1222,router_3_3,router_3_0,2.6000,0.811911
1223,router_3_3,router_3_0,3.1001,0.811162
1224,router_2_2,router_0_2,2.8001,0.875121
1225,router_2_2,router_0_2,2.3001,0.877627
1226,router_2_2,router_0_2,2.8001,0.875121
1227,router_2_2,router_0_2,1.8000,0.876790
1228,router_3_2,router_3_1,0.5000,0.949813
1229,router_3_2,router_3_1,1.0000,0.949813
1230,router_3_2,router_3_1,0.5000,0.949813
1231,router_3_2,router_3_1,0.5000,0.949813
1232,router_0_3,router_2_1,1.9000,0.754689
1233,router_0_3,router_2_1,4.1001,0.749334
1234,router_0_3,router_2_1,1.7000,0.755228
1235,router_0_3,router_2_1,2.9000,0.752004
1236,router_1_3,router_1_1,3.3001,0.874288
1237,router_1_3,router_1_1,1.8000,0.876790
1238,router_1_3,router_1_1,1.8000,0.877627
1239,router_1_3,router_1_1,2.3001,0.875955
1240,router_2_3,router_0_1,3.9001,0.752138
1241,router_2_3,router_0_1,6.4001,0.744168
1242,router_2_3,router_0_1,3.4001,0.750801
1243,router_2_3,router_0_1,3.4001,0.752138
1244,router_3_3,router_3_0,1.9000,0.812511
1245,router_3_3,router_3_0,1.6000,0.813412
1246,router_3_3,router_3_0,2.1000,0.812661
1247,router_3_3,router_3_0,3.9001,0.806543
1248,router_2_2,router_0_2,1.8000,0.876790
1249,router_2_2,router_0_2,2.3001,0.875955
1250,router_2_2,router_0_2,2.3001,0.875955
1251,router_2_2,router_0_2,2.3001,0.876790
1252,router_3_2,router_3_1,1.0000,0.949813
1253,router_3_2,router_3_1,0.5000,0.949813
1254,router_3_2,router_3_1,1.0000,0.949813
1255,router_3_2,router_3_1,3.0001,0.949813
1256,router_0_3,router_2_1,2.4000,0.754016
1257,router_0_3,router_2_1,2.4000,0.753345
1258,router_0_3,router_2_1,2.9001,0.752004
1259,router_0_3,router_2_1,3.4001,0.752674
1260,router_1_3,router_1_1,1.3000,0.877627
1261,router_1_3,router_1_1,2.8001,0.875121
1262,router_1_3,router_1_1,2.3001,0.876790
1263,router_1_3,router_1_1,1.3000,0.878464
1264,router_2_3,router_0_1,3.9001,0.750134
1265,router_2_3,router_0_1,3.4001,0.750801
1266,router_2_3,router_0_1,4.4001,0.748137
1267,router_2_3,router_0_1,2.9000,0.754824
1268,router_3_3,router_3_0,2.4000,0.812511
1269,router_3_3,router_3_0,1.9000,0.811761
1270,router_3_3,router_3_0,3.1001,0.811162
1271,router_3_3,router_3_0,2.6000,0.811911
1272,router_1_2,router_0_2,1.5000,0.949813
1273,router_2_2,router_0_2,2.2000,0.876122
1274,router_2_2,router_0_2,1.3000,0.877627
1275,router_2_2,router_0_2,0.8000,0.878464
1276,router_2_2,router_3_1,1.3000,0.878129
1277,router_3_2,router_3_1,2.0000,0.949813
1278,router_3_2,router_3_1,2.5001,0.949813
1279,router_3_2,router_3_1,0.5000,0.949813
1280,router_3_2,router_2_1,2.3000,0.875955
1281,router_0_3,router_2_1,1.4000,0.756037
1282,router_0_3,router_2_1,3.9001,0.749334
1283,router_0_3,router_2_1,2.9001,0.752674
1284,router_0_3,router_1_1,1.4000,0.813186
1285,router_1_3,router_1_1,0.8000,0.878464
1286,router_1_3,router_1_1,3.8001,0.874288
1287,router_1_3,router_1_1,1.3000,0.877627
1288,router_1_3,router_0_1,1.4000,0.813261
1289,router_2_3,router_0_1,1.9000,0.754824
1290,router_2_3,router_0_1,1.9000,0.754824
1291,router_2_3,router_0_1,1.9000,0.754824
1292,router_2_3,router_3_0,4.9001,0.747473
1293,router_3_3,router_3_0,1.6000,0.813412
1294,router_3_3,router_3_0,2.4000,0.811013
1295,router_3_3,router_3_0,2.6000,0.811911
1296,router_3_3,router_2_0,2.9001,0.754151
1297,router_1_2,router_0_2,0.5000,0.949813
1298,router_2_2,router_0_2,2.2001,0.876122
1299,router_2_2,router_0_2,1.3000,0.877627
1300,router_2_2,router_0_2,1.3000,0.877627
1301,router_2_2,router_3_1,2.3001,0.877125
1302,router_3_2,router_3_1,1.0000,0.949813
1303,router_3_2,router_3_1,0.5000,0.949813
1304,router_3_2,router_3_1,0.5000,0.949813
1305,router_3_2,router_2_1,2.8001,0.875121
1306,router_0_3,router_2_1,3.9001,0.753479
1307,router_0_3,router_2_1,3.9001,0.750000
1308,router_0_3,router_2_1,1.4000,0.756037
1309,router_0_3,router_1_1,1.9000,0.812286
1310,router_1_3,router_1_1,0.8000,0.878464
1311,router_1_3,router_1_1,1.8000,0.876790
1312,router_1_3,router_1_1,5.3001,0.870967
1313,router_1_3,router_0_1,4.1001,0.809668
1314,router_2_3,router_0_1,2.4000,0.753479
1315,router_2_3,router_0_1,2.9000,0.752138
1316,router_2_3,router_0_1,2.9000,0.752808
1317,router_2_3,router_3_0,2.5001,0.754554
1318,router_3_3,router_3_0,2.1000,0.812661
1319,router_3_3,router_3_0,2.6000,0.812661
1320,router_3_3,router_3_0,2.4000,0.811013
1321,router_3_3,router_2_0,3.4001,0.752138
1322,router_1_2,router_0_2,1.0000,0.949813
1323,router_1_2,router_0_2,1.0000,0.949813
1324,router_2_2,router_0_2,0.8000,0.878464
1325,router_2_2,router_0_2,2.8001,0.875955
1326,router_2_2,router_3_1,2.8001,0.876289
1327,router_2_2,router_3_1,2.3001,0.875955
1329,router_3_2,router_3_1,0.5000,0.949813
1329,router_3_2,router_3_1,1.0000,0.949813
1330,router_3_2,router_2_1,3.3001,0.874288
1331,router_3_2,router_2_1,1.3000,0.877627
1332,router_0_3,router_2_1,2.5000,0.753613
1333,router_0_3,router_2_1,2.4000,0.754016
1334,router_0_3,router_1_1,6.9002,0.798220
1335,router_0_3,router_1_1,4.4001,0.805727
1336,router_1_3,router_1_1,1.8000,0.876790
1337,router_1_3,router_1_1,2.8001,0.875121
1338,router_1_3,router_0_1,1.9000,0.812511
1339,router_1_3,router_0_1,2.4000,0.811761
1340,router_2_3,router_0_1,3.4001,0.752808
1341,router_2_3,router_0_1,1.9000,0.754824
1342,router_2_3,router_3_0,3.9001,0.749867
1343,router_2_3,router_3_0,2.4000,0.754151
1344,router_3_3,router_3_0,5.9001,0.800638
1345,router_3_3,router_3_0,1.4000,0.813261
1346,router_3_3,router_2_0,2.9000,0.753479
1347,router_3_3,router_2_0,2.4000,0.754151
1348,router_1_2,router_0_2,0.5000,0.949813
1349,router_1_2,router_0_2,0.5000,0.949813
1350,router_2_2,router_0_2,1.8000,0.876790
1351,router_2_2,router_0_2,1.3000,0.877627
1352,router_2_2,router_3_1,0.8000,0.878296
1353,router_2_2,router_3_1,1.1000,0.877961
1354,router_3_2,router_3_1,2.0000,0.949813
1355,router_3_2,router_3_1,0.5000,0.949813
1356,router_3_2,router_2_1,3.3001,0.874288
1357,router_3_2,router_2_1,1.3000,0.877627
1358,router_0_3,router_2_1,2.1000,0.754689
1359,router_0_3,router_2_1,3.4001,0.750667
1360,router_0_3,router_1_1,3.9001,0.806320
1361,router_0_3,router_1_1,4.6001,0.808997
1362,router_1_3,router_1_1,5.3001,0.875121
1363,router_1_3,router_1_1,1.8000,0.878464
1364,router_1_3,router_0_1,2.9001,0.811761
1365,router_1_3,router_0_1,1.9000,0.812511
1366,router_2_3,router_0_1,4.9001,0.747473
1367,router_2_3,router_0_1,2.4000,0.754151
1368,router_2_3,router_3_0,2.5000,0.753211
1369,router_2_3,router_3_0,2.9000,0.752674
1370,router_3_3,router_3_0,4.9001,0.806394
1371,router_3_3,router_3_0,2.6000,0.811911
1372,router_3_3,router_2_0,1.9000,0.754824
1373,router_3_3,router_2_0,6.9002,0.742852
1374,router_1_2,router_0_2,1.5000,0.949813
1375,router_1_2,router_0_2,1.0000,0.949813
1376,router_1_2,router_0_2,0.5000,0.949813
1377,router_2_2,router_0_2,2.3001,0.875955
1378,router_2_2,router_3_1,3.3001,0.874122
1379,router_2_2,router_3_1,1.5000,0.877292
1380,router_2_2,router_3_1,0.8000,0.878296
1381,router_3_2,router_3_1,0.5000,0.949813
1382,router_3_2,router_2_1,1.3000,0.878464
1383,router_3_2,router_2_1,0.8000,0.878464
1384,router_3_2,router_2_1,1.3000,0.877627
1385,router_0_3,router_2_1,2.1000,0.754689
1386,router_0_3,router_1_1,2.9000,0.811986
1387,router_0_3,router_1_1,1.9000,0.812286
1388,router_0_3,router_1_1,1.4000,0.813186
1389,router_1_3,router_1_1,2.8001,0.875955
1390,router_1_3,router_0_1,2.9000,0.810265
1391,router_1_3,router_0_1,3.4001,0.808029
1392,router_1_3,router_0_1,2.4000,0.811013
1393,router_2_3,router_0_1,2.9000,0.752138
1394,router_2_3,router_3_0,2.4000,0.753882
1395,router_2_3,router_3_0,1.4000,0.756037
1396,router_2_3,router_3_0,2.4000,0.753345
1397,router_3_3,router_3_0,2.9001,0.811013
1398,router_3_3,router_2_0,5.4001,0.747473
1399,router_3_3,router_2_0,3.9001,0.750801
1400,router_3_3,router_2_0,1.9000,0.755497
1401,router_1_2,router_0_2,1.0000,0.949813
1402,router_1_2,router_0_2,1.0000,0.949813
1403,router_1_2,router_0_2,2.0000,0.949813
1404,router_2_2,router_0_2,1.3000,0.877627
1405,router_2_2,router_3_1,2.3000,0.876790
1406,router_2_2,router_3_1,1.9001,0.876623
1407,router_2_2,router_3_1,1.5000,0.877292
1408,router_3_2,router_3_1,0.5000,0.949813
1409,router_3_2,router_2_1,0.8000,0.878464
1410,router_3_2,router_2_1,1.3000,0.877627
1411,router_3_2,router_2_1,2.8001,0.875121
1412,router_0_3,router_2_1,2.9001,0.752540
1413,router_0_3,router_1_1,2.6001,0.811986
1414,router_0_3,router_1_1,2.4000,0.811537
1415,router_0_3,router_1_1,2.4000,0.810191
1416,router_1_3,router_1_1,3.3001,0.874288
1417,router_1_3,router_0_1,3.6001,0.810415
1418,router_1_3,router_0_1,4.9001,0.805801
1419,router_1_3,router_0_1,1.9000,0.813261
1420,router_2_3,router_0_1,2.4000,0.754824
1421,router_2_3,router_3_0,2.9000,0.752004
1422,router_2_3,router_3_0,1.4000,0.756037
1423,router_2_3,router_3_0,4.1001,0.748935
1424,router_3_3,router_3_0,3.4001,0.808029
1425,router_3_3,router_2_0,2.9000,0.753479
1426,router_3_3,router_2_0,3.4001,0.751469
1427,router_3_3,router_2_0,3.4001,0.753479
1429,router_1_2,router_0_2,1.0000,0.949813
1430,router_1_2,router_0_2,4.5001,0.949813
1431,router_1_2,router_0_2,1.5000,0.949813
1431,router_1_2,router_0_2,2.5001,0.949813
1432,router_2_2,router_3_1,0.8000,0.878296
1433,router_2_2,router_3_1,1.3000,0.877459
1434,router_2_2,router_3_1,5.3001,0.870802
1435,router_2_2,router_3_1,2.7001,0.876122
1436,router_3_2,router_2_1,6.3002,0.869314
1437,router_3_2,router_2_1,1.8000,0.876790
1438,router_3_2,router_2_1,2.8001,0.875121
1439,router_3_2,router_2_1,3.8001,0.873456
1440,router_0_3,router_1_1,2.9001,0.810191
1441,router_0_3,router_1_1,2.4000,0.812736
1442,router_0_3,router_1_1,1.4000,0.813787
1443,router_0_3,router_1_1,1.9000,0.811686
1444,router_1_3,router_0_1,3.4001,0.808029
1445,router_1_3,router_0_1,3.6001,0.810415
1446,router_1_3,router_0_1,2.1000,0.812661
1447,router_1_3,router_0_1,4.4001,0.805060
1448,router_2_3,router_3_0,3.4001,0.751737
1449,router_2_3,router_3_0,3.9001,0.749867
1450,router_2_3,router_3_0,2.4000,0.753479
1451,router_2_3,router_3_0,2.4000,0.754420
1452,router_3_3,router_2_0,4.9001,0.748802
1453,router_3_3,router_2_0,2.4000,0.754824
1454,router_3_3,router_2_0,2.9000,0.753479
1455,router_3_3,router_2_0,1.9000,0.754824
1457,router_1_2,router_0_2,1.0000,0.949813
1458,router_1_2,router_0_2,1.0000,0.949813
1459,router_1_2,router_0_2,1.0000,0.949813
1459,router_1_2,router_0_2,1.5000,0.949813
1460,router_2_2,router_3_1,1.9001,0.877459
1461,router_2_2,router_3_1,1.8000,0.877961
1462,router_2_2,router_3_1,2.8001,0.875621
1463,router_2_2,router_3_1,1.8000,0.876623
1464,router_3_2,router_2_1,1.3000,0.877627
1465,router_3_2,router_2_1,3.3001,0.874288
1466,router_3_2,router_2_1,2.8001,0.875121
1467,router_3_2,router_2_1,1.3000,0.877627
1468,router_0_3,router_1_1,1.9000,0.812886
1469,router_0_3,router_1_1,2.4000,0.811686
1470,router_0_3,router_1_1,1.9000,0.812286
1471,router_0_3,router_1_1,1.9000,0.813036
1472,router_1_3,router_0_1,2.4000,0.810265
1473,router_1_3,router_0_1,2.6000,0.811911
1474,router_1_3,router_0_1,2.6000,0.812661
1475,router_1_3,router_0_1,3.1001,0.811162
1476,router_2_3,router_3_0,2.9001,0.752004
1477,router_2_3,router_3_0,2.9001,0.752138
1478,router_2_3,router_3_0,6.4001,0.743378
1479,router_2_3,router_3_0,1.9000,0.754689
1480,router_3_3,router_2_0,2.4000,0.754824
1481,router_3_3,router_2_0,2.9000,0.753479
1482,router_3_3,router_2_0,2.9000,0.753479
1483,router_3_3,router_2_0,3.4001,0.751469
1484,router_1_2,router_0_2,0.5000,0.949813
1485,router_1_2,router_0_2,0.5000,0.949813
1486,router_1_2,router_0_2,0.5000,0.949813
1487,router_1_2,router_3_1,2.4000,0.810639
1488,router_2_2,router_3_1,2.3001,0.877125
1489,router_2_2,router_3_1,0.8000,0.878296
1490,router_2_2,router_3_1,2.8001,0.874954
1491,router_2_2,router_2_1,0.5000,0.949813
1492,router_3_2,router_2_1,1.3000,0.878464
1493,router_3_2,router_2_1,1.3000,0.878464
1494,router_3_2,router_2_1,3.3001,0.874288
1495,router_3_2,router_1_1,1.9000,0.811761
1496,router_0_3,router_1_1,3.4001,0.809295
1497,router_0_3,router_1_1,3.0001,0.812136
1498,router_0_3,router_1_1,2.4000,0.810191
1499,router_0_3,router_0_1,2.3000,0.875955
1500,router_1_3,router_0_1,3.1001,0.811162
1501,router_1_3,router_0_1,2.4000,0.812511
1502,router_1_3,router_0_1,2.4000,0.811013
1503,router_1_3,router_3_0,5.1001,0.694022
1504,router_2_3,router_3_0,2.9000,0.752138
1505,router_2_3,router_3_0,2.4000,0.753882
1506,router_2_3,router_3_0,4.4001,0.748137
1507,router_2_3,router_2_0,3.9001,0.808029
1508,router_3_3,router_2_0,5.9001,0.748137
1509,router_3_3,router_2_0,2.4000,0.754151
1510,router_3_3,router_2_0,1.9000,0.754824
1511,router_3_3,router_1_0,5.1001,0.696456
1512,router_1_2,router_0_2,1.5000,0.949813
1513,router_1_2,router_0_2,0.5000,0.949813
1514,router_1_2,router_0_2,1.0000,0.949813
1515,router_1_2,router_3_1,4.2001,0.809444
1516,router_2_2,router_3_1,1.8001,0.876623
1517,router_2_2,router_3_1,0.8000,0.878296
1518,router_2_2,router_3_1,1.5000,0.877292
1519,router_2_2,router_2_1,2.0001,0.949813
1520,router_3_2,router_2_1,3.8001,0.874288
1521,router_3_2,router_2_1,3.8001,0.875955
1522,router_3_2,router_2_1,3.8001,0.873456
1523,router_3_2,router_1_1,2.9001,0.810265
1524,router_0_3,router_1_1,5.9001,0.800417
1525,router_0_3,router_1_1,2.9000,0.811387
1526,router_0_3,router_1_1,1.9000,0.811686
1527,router_0_3,router_0_1,1.3000,0.877627
1528,router_1_3,router_0_1,2.9001,0.809519
1529,router_1_3,router_0_1,1.4000,0.813261
1530,router_1_3,router_0_1,2.4000,0.812511
1531,router_1_3,router_3_0,3.6000,0.699382
1532,router_2_3,router_3_0,3.9001,0.751202
1533,router_2_3,router_3_0,2.9001,0.752138
1534,router_2_3,router_3_0,2.4000,0.753345
1535,router_2_3,router_2_0,1.9000,0.812511
1536,router_3_3,router_2_0,1.9000,0.754824
1537,router_3_3,router_2_0,1.9000,0.754824
1538,router_3_3,router_2_0,2.9000,0.753479
1539,router_3_3,router_1_0,3.6000,0.699442
1541,router_1_2,router_0_2,1.5000,0.949813
1541,router_1_2,router_0_2,1.5000,0.949813
1542,router_1_2,router_3_1,3.3001,0.807508
1543,router_1_2,router_3_1,4.9001,0.803804
1544,router_2_2,router_3_1,2.8001,0.875621
1545,router_2_2,router_3_1,3.3001,0.874788
1546,router_2_2,router_2_1,1.0000,0.949813
1547,router_2_2,router_2_1,0.5000,0.949813
1548,router_3_2,router_2_1,0.8000,0.878464
1549,router_3_2,router_2_1,2.8001,0.875955
1550,router_3_2,router_1_1,4.4001,0.805060
1551,router_3_2,router_1_1,2.6000,0.811911
1552,router_0_3,router_1_1,2.4000,0.812886
1553,router_0_3,router_1_1,1.4000,0.813186
1554,router_0_3,router_0_1,0.8000,0.878464
1555,router_0_3,router_0_1,3.3001,0.875121
1556,router_1_3,router_0_1,4.9001,0.803582
1557,router_1_3,router_0_1,2.9000,0.811013
1558,router_1_3,router_3_0,3.6000,0.700222
1559,router_1_3,router_3_0,6.1001,0.692839
1560,router_2_3,router_3_0,1.4000,0.756037
1561,router_2_3,router_3_0,3.9001,0.750935
1562,router_2_3,router_2_0,1.4000,0.813261
1563,router_2_3,router_2_0,2.4000,0.811761
1564,router_3_3,router_2_0,4.4001,0.748137
1565,router_3_3,router_2_0,1.9000,0.754824
1566,router_3_3,router_1_0,4.1001,0.697051
1567,router_3_3,router_1_0,5.6001,0.694673
1568,router_1_2,router_0_2,1.0000,0.949813
1569,router_1_2,router_0_2,1.5000,0.949813
1570,router_1_2,router_3_1,3.4001,0.808848
1571,router_1_2,router_3_1,1.7000,0.812286
1572,router_2_2,router_3_1,2.3000,0.875955
1573,router_2_2,router_3_1,3.5001,0.873955
1574,router_2_2,router_2_1,0.5000,0.949813
1575,router_2_2,router_2_1,1.5000,0.949813
1576,router_3_2,router_2_1,2.8001,0.875121
1577,router_3_2,router_2_1,1.3000,0.878464
1578,router_3_2,router_1_1,3.4001,0.808773
1579,router_3_2,router_1_1,1.4000,0.813261
1580,router_0_3,router_1_1,3.9001,0.806468
1581,router_0_3,router_1_1,3.9001,0.805727
1582,router_0_3,router_0_1,1.8000,0.876790
1583,router_0_3,router_0_1,0.8000,0.878464
1584,router_1_3,router_0_1,2.4000,0.810265
1585,router_1_3,router_0_1,1.6000,0.813412
1586,router_1_3,router_3_0,4.1001,0.697350
1587,router_1_3,router_3_0,3.1000,0.699982
1588,router_2_3,router_3_0,2.1000,0.754285
1589,router_2_3,router_3_0,1.4000,0.756037
1590,router_2_3,router_2_0,2.4000,0.811013
1591,router_2_3,router_2_0,1.9000,0.811761
1592,router_3_3,router_2_0,4.4001,0.749467
1593,router_3_3,router_2_0,1.9000,0.755497
1594,router_3_3,router_1_0,4.2001,0.700402
1595,router_3_3,router_1_0,4.1001,0.698245
1596,router_1_2,router_0_2,2.0001,0.949813
1597,router_1_2,router_3_1,2.4000,0.811237
1598,router_1_2,router_3_1,1.9000,0.812736
1599,router_1_2,router_3_1,3.7001,0.807657
1600,router_2_2,router_3_1,4.3001,0.875121
1601,router_2_2,router_2_1,0.5000,0.949813
1602,router_2_2,router_2_1,2.5001,0.949813
1603,router_2_2,router_2_1,2.0000,0.949813
1604,router_3_2,router_2_1,1.3000,0.878464
1605,router_3_2,router_1_1,4.9001,0.805801
1606,router_3_2,router_1_1,5.4001,0.802108
1607,router_3_2,router_1_1,3.6001,0.810415
1608,router_0_3,router_1_1,1.9000,0.812436
1609,router_0_3,router_0_1,1.3000,0.877627
1610,router_0_3,router_0_1,1.3000,0.877627
1611,router_0_3,router_0_1,2.3001,0.875955
1612,router_1_3,router_0_1,1.9000,0.812511
1613,router_1_3,router_3_0,6.6001,0.687557
1614,router_1_3,router_3_0,5.1001,0.695326
1615,router_1_3,router_3_0,3.7001,0.698903
1616,router_2_3,router_3_0,1.9000,0.755902
1617,router_2_3,router_2_0,2.4000,0.811761
1618,router_2_3,router_2_0,3.9001,0.808029
1619,router_2_3,router_2_0,2.9000,0.809519
1620,router_3_3,router_2_0,3.4001,0.751469
1621,router_3_3,router_1_0,3.6000,0.698843
1622,router_3_3,router_1_0,4.1001,0.698843
1623,router_3_3,router_1_0,6.1001,0.689955
1624,router_1_2,router_0_2,1.5000,0.949813
1625,router_1_2,router_3_1,2.9001,0.809146
1626,router_1_2,router_3_1,1.4000,0.813036
1627,router_1_2,router_3_1,2.9000,0.809743
1628,router_2_2,router_3_1,3.3001,0.874788
1630,router_2_2,router_2_1,1.0000,0.949813
1631,router_2_2,router_2_1,5.5001,0.949813
1631,router_2_2,router_2_1,0.5000,0.949813
1632,router_3_2,router_2_1,1.8001,0.876790
1633,router_3_2,router_1_1,2.6001,0.811911
1634,router_3_2,router_1_1,2.9001,0.808773
1635,router_3_2,router_1_1,2.1000,0.812661
1636,router_0_3,router_1_1,1.9000,0.811686
1637,router_0_3,router_0_1,1.8000,0.877627
1638,router_0_3,router_0_1,2.3001,0.875955
1639,router_0_3,router_0_1,3.3001,0.875955
1640,router_1_3,router_0_1,2.9001,0.808773
1641,router_1_3,router_3_0,3.1000,0.701545
1642,router_1_3,router_3_0,4.1001,0.698185
1643,router_1_3,router_3_0,5.6001,0.692721
1644,router_2_3,router_3_0,2.9001,0.754151
1645,router_2_3,router_2_0,4.6001,0.808922
1646,router_2_3,router_2_0,1.9000,0.812511
1647,router_2_3,router_2_0,3.6001,0.811162
1648,router_3_3,router_2_0,2.4000,0.753479
1649,router_3_3,router_1_0,4.1001,0.697051
1650,router_3_3,router_1_0,5.6001,0.692308
1651,router_3_3,router_1_0,3.1000,0.700042
1652,router_1_2,router_3_1,1.7000,0.812286
1653,router_1_2,router_3_1,3.3001,0.809892
1654,router_1_2,router_3_1,1.4000,0.813637
1655,router_1_2,router_3_1,1.4000,0.813036
1656,router_2_2,router_2_1,0.5000,0.949813
1657,router_2_2,router_2_1,1.0000,0.949813
1658,router_2_2,router_2_1,1.0000,0.949813
1659,router_2_2,router_2_1,0.5000,0.949813
1660,router_3_2,router_1_1,2.4000,0.812511
1661,router_3_2,router_1_1,2.4000,0.811761
1662,router_3_2,router_1_1,2.9000,0.811013
1663,router_3_2,router_1_1,3.9001,0.808773
1664,router_0_3,router_0_1,1.8000,0.877627
1665,router_0_3,router_0_1,1.3000,0.877627
1666,router_0_3,router_0_1,0.8000,0.878464
1667,router_0_3,router_0_1,3.3001,0.874288
1668,router_1_3,router_3_0,3.7001,0.698544
1669,router_1_3,router_3_0,2.9000,0.701785
1670,router_1_3,router_3_0,3.1000,0.699982
1671,router_1_3,router_3_0,5.1001,0.694496
1672,router_2_3,router_2_0,3.1001,0.811162
1673,router_2_3,router_2_0,1.9000,0.811761
1674,router_2_3,router_2_0,3.6001,0.810415
1675,router_2_3,router_2_0,4.4001,0.806543
1676,router_3_3,router_1_0,4.6001,0.698245
1677,router_3_3,router_1_0,3.1000,0.700642
1678,router_3_3,router_1_0,5.1001,0.694081
1679,router_3_3,router_1_0,4.6001,0.699442
1680,router_1_2,router_3_1,1.9000,0.811537
1681,router_1_2,router_3_1,2.9000,0.811537
1682,router_1_2,router_3_1,2.5000,0.809892
1683,router_1_2,router_3_1,4.9001,0.803213
1684,router_2_2,router_2_1,0.5000,0.949813
1685,router_2_2,router_2_1,0.5000,0.949813
1686,router_2_2,router_2_1,3.5001,0.949813
1687,router_2_2,router_2_1,0.5000,0.949813
1688,router_3_2,router_1_1,3.9001,0.809519
1689,router_3_2,router_1_1,4.4001,0.805060
1690,router_3_2,router_1_1,1.4000,0.813261
1691,router_3_2,router_1_1,3.6001,0.811162
1692,router_0_3,router_0_1,0.8000,0.878464
1693,router_0_3,router_0_1,2.8001,0.875121
1694,router_0_3,router_0_1,3.3001,0.875955
1695,router_0_3,router_0_1,1.3000,0.878464
1696,router_1_3,router_3_0,3.6000,0.699143
1697,router_1_3,router_3_0,3.6000,0.698185
1698,router_1_3,router_3_0,3.1000,0.700943
1699,router_1_3,router_3_0,4.9001,0.694259
1700,router_2_3,router_2_0,2.9001,0.809519
1701,router_2_3,router_2_0,1.9000,0.813261
1702,router_2_3,router_2_0,2.9000,0.811013
1703,router_2_3,router_2_0,2.4000,0.811761
1704,router_3_3,router_1_0,5.7001,0.699202
1705,router_3_3,router_1_0,4.6001,0.697051
1706,router_3_3,router_1_0,8.6002,0.683550
1707,router_3_3,router_1_0,3.6000,0.699442
1708,router_0_2,router_3_1,2.9001,0.752942
1709,router_1_2,router_3_1,3.3001,0.807508
1710,router_1_2,router_3_1,4.6001,0.809743
1711,router_1_2,router_3_1,2.1000,0.811088
1712,router_1_2,router_2_1,1.3000,0.878129
1713,router_2_2,router_2_1,0.5000,0.949813
1715,router_2_2,router_2_1,1.0000,0.949813
1715,router_2_2,router_2_1,0.5000,0.949813
1716,router_2_2,router_1_1,1.8000,0.876790
1717,router_3_2,router_1_1,2.1000,0.812661
1718,router_3_2,router_1_1,3.9001,0.808773
1719,router_3_2,router_1_1,2.4000,0.811013
1720,router_3_2,router_0_1,2.9000,0.752138
1721,router_0_3,router_0_1,1.8000,0.876790
1721,router_0_3,router_0_1,3.3001,0.875955
1722,router_0_3,router_0_1,0.8000,0.878464
1724,router_0_3,router_3_0,6.3002,0.647478
1725,router_1_3,router_3_0,4.1001,0.697111
1726,router_1_3,router_3_0,4.9001,0.693667
1727,router_1_3,router_3_0,4.6001,0.694733
1728,router_1_3,router_2_0,2.5001,0.755228
1729,router_2_3,router_2_0,1.4000,0.813261
1730,router_2_3,router_2_0,2.9000,0.808773
1731,router_2_3,router_2_0,1.9000,0.811761
1732,router_2_3,router_1_0,2.9000,0.752138
1733,router_3_3,router_1_0,3.6000,0.698245
1734,router_3_3,router_1_0,4.6001,0.698245
1735,router_3_3,router_1_0,5.6001,0.691130
1736,router_3_3,router_0_0,4.1001,0.653350
1737,router_0_2,router_3_1,1.9000,0.754554
1738,router_1_2,router_3_1,1.4000,0.813036
1739,router_1_2,router_3_1,1.4000,0.813036
1740,router_1_2,router_3_1,1.9000,0.812136
1741,router_1_2,router_2_1,2.3000,0.875788
1742,router_2_2,router_2_1,4.0001,0.949813
1743,router_2_2,router_2_1,3.0001,0.949813
1744,router_2_2,router_2_1,3.5001,0.949813
1745,router_2_2,router_1_1,1.3000,0.877627
1746,router_3_2,router_1_1,2.9001,0.810265
1747,router_3_2,router_1_1,3.4001,0.809519
1748,router_3_2,router_1_1,3.4001,0.808773
1749,router_3_2,router_0_1,4.4001,0.750134
1751,router_0_3,router_0_1,1.3000,0.877627
1752,router_0_3,router_0_1,2.2000,0.876957
1752,router_0_3,router_0_1,1.3000,0.878464
1753,router_0_3,router_3_0,3.6000,0.652813
1754,router_1_3,router_3_0,2.6000,0.702268
1755,router_1_3,router_3_0,3.3001,0.699862
1756,router_1_3,router_3_0,3.6000,0.698903
1757,router_1_3,router_2_0,2.4000,0.753345
1758,router_2_3,router_2_0,4.4001,0.808773
1759,router_2_3,router_2_0,1.4000,0.813261
1760,router_2_3,router_2_0,1.6000,0.813412
1761,router_2_3,router_1_0,3.9001,0.750801
1762,router_3_3,router_1_0,6.1001,0.689955
1763,router_3_3,router_1_0,5.1001,0.693489
1764,router_3_3,router_1_0,4.1001,0.697648
1765,router_3_3,router_0_0,5.6001,0.648008
1766,router_0_2,router_3_1,2.4000,0.753748
1767,router_0_2,router_3_1,2.5000,0.753076
1768,router_1_2,router_3_1,1.7000,0.812286
1769,router_1_2,router_3_1,2.1000,0.812436
1770,router_1_2,router_2_1,1.9000,0.877459
1771,router_1_2,router_2_1,0.8000,0.878296
1772,router_2_2,router_2_1,2.5001,0.949813
1772,router_2_2,router_2_1,0.5000,0.949813
1774,router_2_2,router_1_1,1.3000,0.878464
1775,router_2_2,router_1_1,0.8000,0.878464
1776,router_3_2,router_1_1,1.9000,0.812511
1777,router_3_2,router_1_1,1.4000,0.813261
1778,router_3_2,router_0_1,4.4001,0.748802
1779,router_3_2,router_0_1,2.9000,0.753479
1780,router_0_3,router_0_1,2.8001,0.875121
1781,router_0_3,router_0_1,1.3000,0.877627
1782,router_0_3,router_3_0,4.1001,0.651526
1783,router_0_3,router_3_0,4.1001,0.652920
1784,router_1_3,router_3_0,10.1002,0.677408
1785,router_1_3,router_3_0,4.1001,0.696873
1786,router_1_3,router_2_0,1.9000,0.754689
1787,router_1_3,router_2_0,2.4000,0.753345
1788,router_2_3,router_2_0,2.9000,0.810265
1789,router_2_3,router_2_0,4.6001,0.808922
1790,router_2_3,router_1_0,4.4001,0.748137
1791,router_2_3,router_1_0,3.4001,0.752808
1792,router_3_3,router_1_0,3.1000,0.700042
1793,router_3_3,router_1_0,5.1001,0.694673
1794,router_3_3,router_0_0,4.6001,0.649603
1795,router_3_3,router_0_0,3.6000,0.652813
1796,router_0_2,router_3_1,2.5000,0.754016
1797,router_0_2,router_3_1,1.9000,0.754554
1798,router_1_2,router_3_1,2.9000,0.810191
1799,router_1_2,router_3_1,2.5000,0.810489
1800,router_1_2,router_2_1,2.3000,0.875788
1801,router_1_2,router_2_1,0.8000,0.878296
1802,router_2_2,router_2_1,2.0000,0.949813
1802,router_2_2,router_2_1,0.5000,0.949813
1804,router_2_2,router_1_1,1.8000,0.877627
1805,router_2_2,router_1_1,1.3000,0.877627
1806,router_3_2,router_1_1,1.9000,0.811761
1807,router_3_2,router_1_1,2.6000,0.811911
1808,router_3_2,router_0_1,3.4001,0.752808
1809,router_3_2,router_0_1,2.9000,0.754151
1810,router_0_3,router_0_1,3.6000,0.874621
1811,router_0_3,router_0_1,1.8000,0.877627
1812,router_0_3,router_3_0,4.1001,0.652169
1813,router_0_3,router_3_0,6.6001,0.643155
1814,router_1_3,router_3_0,6.0002,0.699622
1815,router_1_3,router_3_0,4.1001,0.696515
1816,router_1_3,router_2_0,2.5001,0.754554
1817,router_1_3,router_2_0,2.9000,0.752004
1818,router_2_3,router_2_0,2.6000,0.811911
1819,router_2_3,router_2_0,2.1000,0.812661
1820,router_2_3,router_1_0,1.9000,0.755497
1821,router_2_3,router_1_0,3.9001,0.749467
1822,router_3_3,router_1_0,3.1000,0.701244
1823,router_3_3,router_1_0,4.6001,0.696456
1824,router_3_3,router_0_0,4.5001,0.651954
1825,router_3_3,router_0_0,4.6001,0.650136
1826,router_0_2,router_3_1,2.9001,0.751870
1827,router_0_2,router_3_1,4.4001,0.748935
1828,router_0_2,router_3_1,2.9001,0.752004
1829,router_1_2,router_3_1,2.4001,0.811237
1830,router_1_2,router_2_1,1.3000,0.877459
1831,router_1_2,router_2_1,1.8000,0.877961
1832,router_1_2,router_2_1,0.8000,0.878296
1833,router_2_2,router_2_1,0.5000,0.949813
1834,router_2_2,router_1_1,1.3000,0.877627
1835,router_2_2,router_1_1,1.8000,0.876790
1836,router_2_2,router_1_1,2.8001,0.876790
1837,router_3_2,router_1_1,4.1001,0.809668
1838,router_3_2,router_0_1,3.9001,0.750134
1839,router_3_2,router_0_1,3.4001,0.750801
1840,router_3_2,router_0_1,2.4000,0.754824
1841,router_0_3,router_0_1,2.3000,0.875955
1842,router_0_3,router_3_0,4.1001,0.651740
1843,router_0_3,router_3_0,3.1001,0.655507
1844,router_0_3,router_3_0,5.6001,0.647372
1845,router_1_3,router_3_0,2.9000,0.700823
1846,router_1_3,router_2_0,1.9000,0.754689
1847,router_1_3,router_2_0,2.1000,0.754958
1848,router_1_3,router_2_0,1.9000,0.754689
1849,router_2_3,router_2_0,2.4000,0.810265
1850,router_2_3,router_1_0,5.4001,0.746810
1851,router_2_3,router_1_0,3.4001,0.751469
1852,router_2_3,router_1_0,1.9000,0.754824
1853,router_3_3,router_1_0,3.1000,0.700042
1854,router_3_3,router_0_0,3.1000,0.654427
1855,router_3_3,router_0_0,5.0001,0.649816
1856,router_3_3,router_0_0,4.5001,0.651954
1857,router_0_2,router_3_1,1.7000,0.755767
1858,router_0_2,router_3_1,4.5001,0.748403
1859,router_0_2,router_3_1,3.7001,0.751870
1860,router_1_2,router_3_1,2.9001,0.809743
1861,router_1_2,router_2_1,1.8000,0.876623
1862,router_1_2,router_2_1,1.3000,0.878129
1863,router_1_2,router_2_1,1.1000,0.877961
1864,router_2_2,router_2_1,0.5000,0.949813
1865,router_2_2,router_1_1,1.8000,0.876790
1866,router_2_2,router_1_1,2.3001,0.875955
1867,router_2_2,router_1_1,1.8000,0.878464
1868,router_3_2,router_1_1,2.9001,0.808773
1869,router_3_2,router_0_1,2.9000,0.752808
1870,router_3_2,router_0_1,3.4001,0.752138
1871,router_3_2,router_0_1,3.4001,0.751469
1872,router_0_3,router_0_1,1.3000,0.877627
1873,router_0_3,router_3_0,3.6000,0.652706
1874,router_0_3,router_3_0,3.6000,0.653135
1875,router_0_3,router_3_0,4.6001,0.649497
1876,router_1_3,router_3_0,3.6000,0.698903
1877,router_1_3,router_2_0,2.5001,0.754554
1878,router_1_3,router_2_0,2.9001,0.752808
1879,router_1_3,router_2_0,1.9000,0.754689
1880,router_2_3,router_2_0,3.4001,0.808029
1881,router_2_3,router_1_0,5.4001,0.746810
1882,router_2_3,router_1_0,2.4000,0.754824
1883,router_2_3,router_1_0,1.4000,0.756172
1884,router_3_3,router_1_0,3.6000,0.700642
1885,router_3_3,router_0_0,3.1000,0.654427
1886,router_3_3,router_0_0,3.6000,0.653350
1887,router_3_3,router_0_0,4.1001,0.651740
1888,router_0_2,router_3_1,1.9000,0.754554
1889,router_0_2,router_3_1,2.4000,0.753211
1890,router_0_2,router_3_1,2.1000,0.755362
1891,router_0_2,router_3_1,1.9000,0.754554
1892,router_1_2,router_2_1,1.5000,0.878129
1893,router_1_2,router_2_1,1.8000,0.876623
1894,router_1_2,router_2_1,2.3001,0.875955
1895,router_1_2,router_2_1,1.5000,0.877292
1896,router_2_2,router_1_1,1.8000,0.876790
1897,router_2_2,router_1_1,5.3001,0.870967
1898,router_2_2,router_1_1,1.8000,0.876790
1899,router_2_2,router_1_1,2.8001,0.875121
1900,router_3_2,router_0_1,2.4000,0.754151
1901,router_3_2,router_0_1,4.9001,0.746810
1902,router_3_2,router_0_1,2.9000,0.752138
1903,router_3_2,router_0_1,4.4001,0.748802
1904,router_0_3,router_3_0,5.1001,0.648433
1905,router_0_3,router_3_0,5.1001,0.648433
1906,router_0_3,router_3_0,5.3001,0.648433
1907,router_0_3,router_3_0,4.1001,0.651526
1908,router_1_3,router_2_0,2.9001,0.752674
1909,router_1_3,router_2_0,2.9000,0.752004
1910,router_1_3,router_2_0,2.4000,0.753345
1911,router_1_3,router_2_0,4.1001,0.750934
1912,router_2_3,router_1_0,2.9000,0.753479
1913,router_2_3,router_1_0,2.4000,0.754151
1914,router_2_3,router_1_0,3.9001,0.750134
1915,router_2_3,router_1_0,3.4001,0.750801
1916,router_3_3,router_0_0,3.6000,0.652813
1917,router_3_3,router_0_0,3.6000,0.653350
1918,router_3_3,router_0_0,6.1001,0.645891
1919,router_3_3,router_0_0,4.0001,0.653028
1920,router_0_2,router_3_1,1.9000,0.755093
1921,router_0_2,router_3_1,2.5000,0.753479
1922,router_0_2,router_3_1,2.9000,0.752942
1923,router_0_2,router_3_1,2.9001,0.752406
1924,router_1_2,router_2_1,1.8000,0.877292
1925,router_1_2,router_2_1,0.8000,0.878296
1926,router_1_2,router_2_1,0.8000,0.878296
1927,router_1_2,router_2_1,2.3001,0.875955
1928,router_2_2,router_1_1,1.8000,0.876790
1929,router_2_2,router_1_1,2.3001,0.876790
1930,router_2_2,router_1_1,3.8001,0.873456
1931,router_2_2,router_1_1,1.8000,0.878464
1932,router_3_2,router_0_1,3.4001,0.752138
1933,router_3_2,router_0_1,2.4000,0.753479
1934,router_3_2,router_0_1,2.9000,0.754824
1935,router_3_2,router_0_1,2.4000,0.754151
1936,router_0_3,router_3_0,4.9001,0.649710
1937,router_0_3,router_3_0,3.6000,0.653135
1938,router_0_3,router_3_0,2.6000,0.655940
1939,router_0_3,router_3_0,6.1001,0.644731
1940,router_1_3,router_2_0,3.9001,0.752272
1941,router_1_3,router_2_0,4.4001,0.748536
1942,router_1_3,router_2_0,1.9000,0.754689
1943,router_1_3,router_2_0,2.4000,0.753345
1944,router_2_3,router_1_0,4.9001,0.746810
1945,router_2_3,router_1_0,2.4000,0.754151
1946,router_2_3,router_1_0,1.9000,0.754824
1947,router_2_3,router_1_0,2.4000,0.753479
1948,router_3_3,router_0_0,7.0001,0.646102
1949,router_3_3,router_0_0,4.1001,0.652813
1950,router_3_3,router_0_0,3.6000,0.654427
1951,router_3_3,router_0_0,2.6000,0.656048
1952,router_0_2,router_3_1,2.9001,0.752406
1953,router_0_2,router_3_1,2.1000,0.754151
1954,router_0_2,router_3_1,1.9000,0.755093
1955,router_0_2,router_2_1,2.9000,0.810340
1956,router_1_2,router_2_1,3.3001,0.874122
1957,router_1_2,router_2_1,1.8000,0.876623
1958,router_1_2,router_2_1,2.3001,0.875788
1959,router_1_2,router_1_1,0.5000,0.949813
1960,router_2_2,router_1_1,1.8000,0.876790
1961,router_2_2,router_1_1,0.8000,0.878464
1962,router_2_2,router_1_1,1.3000,0.877627
1963,router_2_2,router_0_1,2.9001,0.809519
1964,router_3_2,router_0_1,2.4000,0.754151
1965,router_3_2,router_0_1,3.9001,0.749467
1966,router_3_2,router_0_1,2.4000,0.753479
1967,router_3_2,router_3_0,1.8000,0.876790
1968,router_0_3,router_3_0,6.6001,0.643155
1969,router_0_3,router_3_0,4.5001,0.651526
1970,router_0_3,router_3_0,5.1001,0.649497
1971,router_0_3,router_2_0,5.6001,0.693785
1972,router_1_3,router_2_0,1.9000,0.754689
1973,router_1_3,router_2_0,2.1000,0.754958
1974,router_1_3,router_2_0,3.9001,0.750534
1975,router_1_3,router_1_0,1.4000,0.813261
1976,router_2_3,router_1_0,3.4001,0.752138
1977,router_2_3,router_1_0,3.9001,0.749467
1978,router_2_3,router_1_0,3.4001,0.751469
1979,router_2_3,router_0_0,7.6001,0.686450
1980,router_3_3,router_0_0,4.5001,0.651954
1981,router_3_3,router_0_0,7.1001,0.642213
1982,router_3_3,router_0_0,4.6001,0.650670
1983,router_0_2,router_3_1,5.9001,0.744431
1984,router_0_2,router_3_1,2.1000,0.754016
1985,router_0_2,router_3_1,2.9001,0.751870
1986,router_0_2,router_2_1,2.2000,0.812436
1987,router_1_2,router_2_1,1.9000,0.876623
1988,router_1_2,router_2_1,1.8000,0.877292
1989,router_1_2,router_2_1,1.1000,0.877961
1990,router_1_2,router_1_1,1.0000,0.949813
1991,router_2_2,router_1_1,1.8000,0.876790
1992,router_2_2,router_1_1,5.3001,0.871796
1993,router_2_2,router_1_1,1.3000,0.877627
1994,router_2_2,router_0_1,2.1000,0.813412
1995,router_3_2,router_0_1,2.4000,0.755497
1996,router_3_2,router_0_1,3.4001,0.751469
1997,router_3_2,router_0_1,2.4000,0.754151
1998,router_3_2,router_3_0,2.8001,0.876790
1999,router_0_3,router_3_0,3.3000,0.653781
2000,router_0_3,router_3_0,3.7001,0.653028
2001,router_0_3,router_3_0,4.1001,0.653028
2002,router_0_3,router_2_0,4.9001,0.694733
2003,router_1_3,router_2_0,2.4000,0.753345
2004,router_1_3,router_2_0,5.9001,0.747606
2005,router_1_3,router_2_0,2.4000,0.754151
2006,router_1_3,router_1_0,2.9000,0.808773
2007,router_2_3,router_1_0,3.4001,0.752808
2008,router_2_3,router_1_0,2.4000,0.754824
2009,router_2_3,router_1_0,1.9000,0.754824
2010,router_2_3,router_0_0,3.6000,0.699442
2011,router_3_3,router_0_0,5.1001,0.649603
2012,router_3_3,router_0_0,5.1001,0.649071
2013,router_3_3,router_0_0,6.0001,0.648220
2014,router_0_2,router_3_1,3.3001,0.750934
2015,router_0_2,router_3_1,2.1000,0.754554
2016,router_0_2,router_2_1,2.1000,0.811836
2017,router_0_2,router_2_1,2.9001,0.809444
2018,router_1_2,router_2_1,1.8000,0.877292
2019,router_1_2,router_2_1,0.8000,0.878296
2020,router_1_2,router_1_1,1.0000,0.949813
2021,router_1_2,router_1_1,1.0000,0.949813
2022,router_2_2,router_1_1,0.8000,0.878464
2023,router_2_2,router_1_1,1.3000,0.877627
2024,router_2_2,router_0_1,3.9001,0.808773
2025,router_2_2,router_0_1,2.9000,0.810265
2026,router_3_2,router_0_1,1.9000,0.755497
2027,router_3_2,router_0_1,3.9001,0.749467
2028,router_3_2,router_3_0,5.3001,0.873456
2029,router_3_2,router_3_0,1.8000,0.877627
2030,router_0_3,router_3_0,4.1001,0.651098
2031,router_0_3,router_3_0,3.6000,0.652813
2032,router_0_3,router_2_0,5.1001,0.693903
2033,router_0_3,router_2_0,3.2001,0.702268
2034,router_1_3,router_2_0,3.9001,0.749334
2035,router_1_3,router_2_0,2.5000,0.753211
2036,router_1_3,router_1_0,1.9000,0.813261
2037,router_1_3,router_1_0,3.9001,0.806543
2038,router_2_3,router_1_0,2.9000,0.752138
2039,router_2_3,router_1_0,3.9001,0.750134
2040,router_2_3,router_0_0,4.1001,0.698245
2041,router_2_3,router_0_0,4.6001,0.698843
2042,router_3_3,router_0_0,4.5001,0.652491
2043,router_3_3,router_0_0,6.6001,0.644310
2044,router_0_2,router_3_1,4.4001,0.748403
2045,router_0_2,router_3_1,3.7001,0.751870
2046,router_0_2,router_2_1,2.4000,0.811237
2047,router_0_2,router_2_1,3.3001,0.807508
2048,router_1_2,router_2_1,1.1000,0.877961
2049,router_1_2,router_2_1,0.8000,0.878296
2050,router_1_2,router_1_1,1.5000,0.949813
2051,router_1_2,router_1_1,0.5000,0.949813
2052,router_2_2,router_1_1,2.3001,0.875955
2053,router_2_2,router_1_1,1.3000,0.877627
2054,router_2_2,router_0_1,2.9001,0.811013
2055,router_2_2,router_0_1,3.4001,0.808773
2056,router_3_2,router_0_1,1.9000,0.755497
2057,router_3_2,router_0_1,2.9000,0.752138
2058,router_3_2,router_3_0,1.3000,0.878464
2059,router_3_2,router_3_0,4.3001,0.874288
2060,router_0_3,router_3_0,3.6000,0.652706
2061,router_0_3,router_3_0,4.6001,0.649923
2062,router_0_3,router_2_0,3.1000,0.701545
2063,router_0_3,router_2_0,4.1001,0.697588
2064,router_1_3,router_2_0,2.4000,0.753345
2065,router_1_3,router_2_0,2.1000,0.754958
2066,router_1_3,router_1_0,3.9001,0.806543
2067,router_1_3,router_1_0,1.9000,0.811761
2068,router_2_3,router_1_0,2.4000,0.753479
2069,router_2_3,router_1_0,2.9000,0.753479
2070,router_2_3,router_0_0,6.1001,0.690542
2071,router_2_3,router_0_0,3.6000,0.700042
2072,router_3_3,router_0_0,3.1000,0.654427
2073,router_3_3,router_0_0,5.6001,0.646948
2074,router_0_2,router_3_1,3.4001,0.751068
2075,router_0_2,router_2_1,1.9000,0.812136
2076,router_0_2,router_2_1,1.8000,0.813036
2077,router_0_2,router_2_1,2.1000,0.811088
2078,router_1_2,router_2_1,2.3001,0.876456
2079,router_1_2,router_1_1,1.0000,0.949813
2079,router_1_2,router_1_1,0.5000,0.949813
2081,router_1_2,router_1_1,1.0000,0.949813
2082,router_2_2,router_1_1,1.3000,0.877627
2083,router_2_2,router_0_1,2.6001,0.811911
2084,router_2_2,router_0_1,2.4000,0.811761
2085,router_2_2,router_0_1,1.9000,0.812511
2086,router_3_2,router_0_1,3.4001,0.750801
2087,router_3_2,router_3_0,4.3001,0.872625
2088,router_3_2,router_3_0,2.3000,0.876790
2089,router_3_2,router_3_0,1.3000,0.877627
2090,router_0_3,router_3_0,5.1001,0.650136
2091,router_0_3,router_2_0,4.1001,0.697708
2092,router_0_3,router_2_0,3.7001,0.698544
2093,router_0_3,router_2_0,3.6000,0.699622
2094,router_1_3,router_2_0,2.9001,0.752004
2095,router_1_3,router_1_0,2.6000,0.813412
2096,router_1_3,router_1_0,2.9001,0.808773
2097,router_1_3,router_1_0,4.4001,0.805801
2098,router_2_3,router_1_0,5.4001,0.746148
2099,router_2_3,router_0_0,4.6001,0.695861
2100,router_2_3,router_0_0,6.2001,0.697409
2101,router_2_3,router_0_0,4.1001,0.696456
2102,router_3_3,router_0_0,3.6000,0.654427
2103,router_0_2,router_3_1,2.1001,0.754554
2104,router_0_2,router_2_1,2.2001,0.813336
2105,router_0_2,router_2_1,3.4001,0.808848
2106,router_0_2,router_2_1,3.9001,0.807359
2107,router_1_2,router_2_1,1.8001,0.876623
2108,router_1_2,router_1_1,1.0000,0.949813
2110,router_1_2,router_1_1,0.5000,0.949813
2110,router_1_2,router_1_1,0.5000,0.949813
2111,router_2_2,router_1_1,2.3001,0.876790
2112,router_2_2,router_0_1,3.4001,0.807285
2113,router_2_2,router_0_1,2.4000,0.811761
2114,router_2_2,router_0_1,4.4001,0.806543
2115,router_3_2,router_0_1,3.9001,0.752138
2116,router_3_2,router_3_0,0.8000,0.878464
2117,router_3_2,router_3_0,3.3001,0.875121
2118,router_3_2,router_3_0,3.3001,0.874288
2119,router_0_3,router_3_0,4.6001,0.650457
2120,router_0_3,router_2_0,7.1001,0.692249
2121,router_0_3,router_2_0,5.1001,0.696634
2122,router_0_3,router_2_0,6.0002,0.698664
2123,router_1_3,router_2_0,3.9001,0.750000
2124,router_1_3,router_1_0,2.9000,0.810265
2125,router_1_3,router_1_0,3.1001,0.811162
2126,router_1_3,router_1_0,4.4001,0.805060
2127,router_2_3,router_1_0,3.4001,0.751469
2128,router_2_3,router_0_0,3.6000,0.698843
2129,router_2_3,router_0_0,4.6001,0.695861
2130,router_2_3,router_0_0,2.6000,0.702449
2131,router_3_3,router_0_0,4.6001,0.650136
2132,router_0_2,router_2_1,2.9001,0.809743
2133,router_0_2,router_2_1,3.4001,0.810639
2134,router_0_2,router_2_1,2.1000,0.811088
2135,router_0_2,router_2_1,1.9000,0.812136
2136,router_1_2,router_1_1,0.5000,0.949813
2137,router_1_2,router_1_1,1.5000,0.949813
2138,router_1_2,router_1_1,1.5000,0.949813
2139,router_1_2,router_1_1,1.0000,0.949813
2140,router_2_2,router_0_1,2.6001,0.811911
2141,router_2_2,router_0_1,2.4000,0.811013
2142,router_2_2,router_0_1,2.4000,0.810265
2143,router_2_2,router_0_1,3.9001,0.808773
2144,router_3_2,router_3_0,1.3000,0.877627
2145,router_3_2,router_3_0,2.3000,0.876790
2146,router_3_2,router_3_0,1.3000,0.877627
2147,router_3_2,router_3_0,3.8001,0.875121
2148,router_0_3,router_2_0,5.6001,0.691071
2149,router_0_3,router_2_0,4.1001,0.696873
2150,router_0_3,router_2_0,5.1001,0.696158
2151,router_0_3,router_2_0,4.1001,0.696396
2152,router_1_3,router_1_0,3.6001,0.811162
2153,router_1_3,router_1_0,3.1001,0.811162
2154,router_1_3,router_1_0,1.4000,0.813261
2155,router_1_3,router_1_0,3.4001,0.810265
2156,router_2_3,router_0_0,3.1000,0.701244
2157,router_2_3,router_0_0,3.1000,0.700042
2158,router_2_3,router_0_0,3.6000,0.699442
2159,router_2_3,router_0_0,5.6001,0.692898
2160,router_0_2,router_2_1,2.2001,0.812586
2161,router_0_2,router_2_1,1.4000,0.813637
2162,router_0_2,router_2_1,3.4001,0.812286
2163,router_0_2,router_2_1,1.8000,0.813036
2164,router_1_2,router_1_1,0.5000,0.949813
2165,router_1_2,router_1_1,1.0000,0.949813
2166,router_1_2,router_1_1,1.5000,0.949813
2167,router_1_2,router_1_1,1.0000,0.949813
2168,router_2_2,router_0_1,3.1001,0.811162
2169,router_2_2,router_0_1,3.9001,0.808773
2170,router_2_2,router_0_1,1.6000,0.813412
2171,router_2_2,router_0_1,3.4001,0.810265
2172,router_3_2,router_3_0,0.8000,0.878464
2173,router_3_2,router_3_0,2.8001,0.877627
2174,router_3_2,router_3_0,1.8000,0.876790
2175,router_3_2,router_3_0,1.8000,0.876790
2176,router_0_3,router_2_0,4.1001,0.698305
2177,router_0_3,router_2_0,3.1000,0.701424
2178,router_0_3,router_2_0,2.6000,0.701785
2179,router_0_3,router_2_0,4.6001,0.695801
2180,router_1_3,router_1_0,2.6001,0.811911
2181,router_1_3,router_1_0,1.4000,0.813261
2182,router_1_3,router_1_0,4.6001,0.810415
2183,router_1_3,router_1_0,1.4000,0.813261
2184,router_2_3,router_0_0,2.6000,0.701846
2185,router_2_3,router_0_0,4.6001,0.694673
2186,router_2_3,router_0_0,6.6001,0.690542
2187,router_2_3,router_0_0,3.6000,0.699442
2188,router_3_1,router_2_1,0.5000,0.949813
2189,router_0_2,router_2_1,1.4000,0.813036
2190,router_0_2,router_2_1,2.5000,0.810489
2191,router_0_2,router_2_1,2.6001,0.812736
2192,router_0_2,router_1_1,4.3001,0.872459
2193,router_1_2,router_1_1,3.0001,0.949813
2194,router_1_2,router_1_1,1.5000,0.949813
2195,router_1_2,router_1_1,0.5000,0.949813
2196,router_1_2,router_0_1,4.3001,0.874288
2197,router_2_2,router_0_1,3.1001,0.811162
2198,router_2_2,router_0_1,4.4001,0.808029
2199,router_2_2,router_0_1,5.6001,0.807434
2200,router_2_2,router_3_0,3.9001,0.809146
2201,router_3_2,router_3_0,1.3000,0.877627
2202,router_3_2,router_3_0,1.3000,0.877627
2203,router_3_2,router_3_0,1.3000,0.878464
2204,router_3_2,router_2_0,5.1001,0.808177
2205,router_0_3,router_2_0,3.7001,0.698903
2206,router_0_3,router_2_0,5.1001,0.696158
2207,router_0_3,router_2_0,3.2001,0.702147
2208,router_0_3,router_1_0,2.4000,0.753345
2209,router_1_3,router_1_0,1.9000,0.812511
2210,router_1_3,router_1_0,2.1000,0.812661
2211,router_1_3,router_1_0,3.4001,0.810265
2212,router_1_3,router_0_0,1.9000,0.755497
2213,router_2_3,router_0_0,3.1000,0.700642
2214,router_2_3,router_0_0,4.6001,0.694673
2215,router_2_3,router_0_0,3.1000,0.700642
2216,router_2_3,router_3_3,0.8000,0.949813
2217,router_3_3,router_2_3,0.5000,0.949813
2218,router_3_1,router_2_1,0.5000,0.949813
2219,router_0_2,router_2_1,3.9001,0.808550
2220,router_0_2,router_2_1,4.4001,0.806468
2221,router_0_2,router_2_1,2.9000,0.811537
2222,router_0_2,router_1_1,3.5001,0.875621
2223,router_1_2,router_1_1,0.5000,0.949813
2224,router_1_2,router_1_1,1.0000,0.949813
2225,router_1_2,router_1_1,0.5000,0.949813
2226,router_1_2,router_0_1,1.8000,0.876790
2227,router_2_2,router_0_1,2.4000,0.811013
2228,router_2_2,router_0_1,2.4000,0.810265
2229,router_2_2,router_0_1,4.9001,0.805801
2230,router_2_2,router_3_0,2.4001,0.811537
2232,router_3_2,router_3_0,1.8000,0.877627
2233,router_3_2,router_3_0,1.3000,0.877627
2233,router_3_2,router_3_0,1.8000,0.877627
2234,router_3_2,router_2_0,3.1001,0.811162
2235,router_0_3,router_2_0,5.1001,0.692957
2236,router_0_3,router_2_0,3.7001,0.697946
2237,router_0_3,router_2_0,5.6001,0.692957
2238,router_0_3,router_1_0,1.9000,0.754689
2239,router_1_3,router_1_0,1.9000,0.813261
2240,router_1_3,router_1_0,1.4000,0.813261
2241,router_1_3,router_1_0,1.9000,0.811761
2242,router_1_3,router_0_0,2.9000,0.752138
2243,router_2_3,router_0_0,3.1000,0.701244
2244,router_2_3,router_0_0,5.1001,0.694081
2245,router_2_3,router_0_0,4.6001,0.695861
2246,router_2_3,router_3_3,0.8000,0.949813
2247,router_3_3,router_2_3,1.0000,0.949813
2249,router_3_1,router_2_1,0.5000,0.949813
2249,router_3_1,router_2_1,0.5000,0.949813
2250,router_0_2,router_2_1,1.9000,0.811537
2251,router_0_2,router_2_1,2.5000,0.811088
2252,router_0_2,router_1_1,1.8000,0.876623
2253,router_0_2,router_1_1,4.3001,0.872459
2254,router_1_2,router_1_1,0.5000,0.949813
2254,router_1_2,router_1_1,3.0001,0.949813
2256,router_1_2,router_0_1,2.8001,0.875121
2257,router_1_2,router_0_1,0.8000,0.878464
2258,router_2_2,router_0_1,1.9000,0.811761
2259,router_2_2,router_0_1,4.6001,0.809668
2260,router_2_2,router_3_0,1.4000,0.813186
2261,router_2_2,router_3_0,6.4001,0.802771
2262,router_3_2,router_3_0,4.3001,0.873456
2263,router_3_2,router_3_0,1.3000,0.877627
2264,router_3_2,router_2_0,2.6001,0.811911
2265,router_3_2,router_2_0,2.9001,0.808773
2266,router_0_3,router_2_0,4.6001,0.695089
2267,router_0_3,router_2_0,3.6000,0.698664
2268,router_0_3,router_1_0,2.1000,0.754958
2269,router_0_3,router_1_0,2.4000,0.754016
2270,router_1_3,router_1_0,3.9001,0.806543
2271,router_1_3,router_1_0,2.9000,0.809519
2272,router_1_3,router_0_0,2.4000,0.754151
2273,router_1_3,router_0_0,2.4000,0.754151
2274,router_2_3,router_0_0,7.1001,0.687032
2275,router_2_3,router_0_0,3.6000,0.698843
2276,router_2_3,router_3_3,1.6000,0.949813
2277,router_2_3,router_3_3,0.4000,0.949813
2278,router_3_3,router_2_3,0.5000,0.949813
2278,router_3_3,router_2_3,5.0001,0.949813
2281,router_3_1,router_2_1,0.5000,0.949813
2281,router_3_1,router_2_1,2.0000,0.949813
2282,router_0_2,router_2_1,2.9001,0.810340
2283,router_0_2,router_2_1,3.7001,0.809444
2284,router_0_2,router_1_1,4.8001,0.874288
2285,router_0_2,router_1_1,2.3001,0.877125
2286,router_1_2,router_1_1,2.5001,0.949813
2286,router_1_2,router_1_1,0.5000,0.949813
2288,router_1_2,router_0_1,1.3000,0.877627
2289,router_1_2,router_0_1,1.8000,0.876790
2290,router_2_2,router_0_1,2.4000,0.810265
2291,router_2_2,router_0_1,2.9000,0.810265
2292,router_2_2,router_3_0,2.8001,0.810340
2293,router_2_2,router_3_0,1.4000,0.813787
2295,router_3_2,router_3_0,1.3000,0.877627
2295,router_3_2,router_3_0,0.8000,0.878464
2296,router_3_2,router_2_0,2.4000,0.810265
2297,router_3_2,router_2_0,2.4000,0.811761
2298,router_0_3,router_2_0,3.6000,0.700342
2299,router_0_3,router_2_0,5.6001,0.693903
2300,router_0_3,router_1_0,8.4002,0.738924
2301,router_0_3,router_1_0,2.9000,0.754420
2302,router_1_3,router_1_0,1.9000,0.812511
2303,router_1_3,router_1_0,4.4001,0.805801
2304,router_1_3,router_0_0,1.9000,0.755497
2305,router_1_3,router_0_0,1.9000,0.755497
2306,router_2_3,router_0_0,5.1001,0.693489
2307,router_2_3,router_0_0,4.6001,0.694673
2308,router_2_3,router_3_3,2.4001,0.949813
2309,router_2_3,router_3_3,1.6001,0.949813
2310,router_3_3,router_2_3,0.5000,0.949813
2311,router_3_3,router_2_3,1.0000,0.949813
2312,router_3_1,router_2_1,1.0000,0.949813
2313,router_3_1,router_2_1,1.5000,0.949813
2314,router_3_1,router_2_1,1.5000,0.949813
2315,router_0_2,router_2_1,2.4000,0.810639
2316,router_0_2,router_1_1,0.8000,0.878296
2317,router_0_2,router_1_1,0.8000,0.878296
2318,router_0_2,router_1_1,1.3000,0.877459
2319,router_1_2,router_1_1,1.5000,0.949813
2320,router_1_2,router_0_1,1.8000,0.877627
2321,router_1_2,router_0_1,3.3001,0.874288
2322,router_1_2,router_0_1,1.3000,0.877627
2323,router_2_2,router_0_1,2.4000,0.811013
2324,router_2_2,router_3_0,2.4000,0.812886
2325,router_2_2,router_3_0,4.4001,0.804247
2326,router_2_2,router_3_0,2.4000,0.811387
2327,router_3_2,router_3_0,1.8000,0.878464
2328,router_3_2,router_2_0,1.9000,0.811761
2329,router_3_2,router_2_0,2.4000,0.812511
2330,router_3_2,router_2_0,2.1000,0.812661
2331,router_0_3,router_2_0,6.6001,0.687557
2332,router_0_3,router_1_0,3.9001,0.749867
2333,router_0_3,router_1_0,4.4001,0.749334
2334,router_0_3,router_1_0,1.4000,0.756037
2335,router_1_3,router_1_0,4.9001,0.803582
2336,router_1_3,router_0_0,1.9000,0.754824
2337,router_1_3,router_0_0,2.9000,0.752138
2338,router_1_3,router_0_0,5.4001,0.746148
2339,router_2_3,router_0_0,4.6001,0.697051
2340,router_2_3,router_3_3,0.8000,0.949813
2341,router_2_3,router_3_3,0.4000,0.949813
2342,router_2_3,router_3_3,0.4000,0.949813
2343,router_3_3,router_2_3,0.5000,0.949813
2344,router_3_3,router_2_3,0.5000,0.949813
2345,router_3_3,router_2_3,1.0000,0.949813
2346,router_3_1,router_2_1,2.0000,0.949813
2347,router_3_1,router_2_1,0.5000,0.949813
2348,router_3_1,router_2_1,0.5000,0.949813
2349,router_0_2,router_2_1,5.4001,0.803508
2350,router_0_2,router_1_1,1.3000,0.877459
2351,router_0_2,router_1_1,1.9001,0.876623
2352,router_0_2,router_1_1,1.9001,0.876623
2353,router_1_2,router_1_1,1.5000,0.949813
2354,router_1_2,router_0_1,0.8000,0.878464
2355,router_1_2,router_0_1,1.8000,0.877627
2356,router_1_2,router_0_1,4.3001,0.872625
2357,router_2_2,router_0_1,2.4000,0.811013
2358,router_2_2,router_3_0,2.9000,0.808699
2359,router_2_2,router_3_0,1.9000,0.811686
2360,router_2_2,router_3_0,4.4001,0.806617
2361,router_3_2,router_3_0,3.8001,0.874288
2362,router_3_2,router_2_0,2.9000,0.810265
2363,router_3_2,router_2_0,2.9000,0.808773
2364,router_3_2,router_2_0,3.9001,0.809519
2365,router_0_3,router_2_0,3.3000,0.700823
2366,router_0_3,router_1_0,2.9001,0.753479
2367,router_0_3,router_1_0,2.4000,0.753345
2368,router_0_3,router_1_0,1.9000,0.754689
2369,router_1_3,router_1_0,2.1000,0.812661
2370,router_1_3,router_0_0,3.4001,0.751469
2371,router_1_3,router_0_0,2.9000,0.752138
2372,router_1_3,router_0_0,3.4001,0.750801
2373,router_2_3,router_0_0,5.2001,0.699802
2374,router_2_3,router_3_3,0.4000,0.949813
2375,router_2_3,router_3_3,1.6000,0.949813
2376,router_2_3,router_3_3,0.8000,0.949813
2377,router_3_3,router_2_3,0.5000,0.949813
2378,router_3_3,router_2_3,0.5000,0.949813
2379,router_3_3,router_2_3,1.0000,0.949813
2381,router_3_1,router_2_1,2.0000,0.949813
2382,router_3_1,router_2_1,1.0000,0.949813
2383,router_3_1,router_2_1,1.5000,0.949813
2383,router_3_1,router_2_1,0.5000,0.949813
2384,router_0_2,router_1_1,2.3001,0.876456
2385,router_0_2,router_1_1,1.1000,0.877961
2386,router_0_2,router_1_1,1.3000,0.878129
2387,router_0_2,router_1_1,1.8000,0.876623
2388,router_1_2,router_0_1,0.8000,0.878464
2389,router_1_2,router_0_1,2.8001,0.876790
2390,router_1_2,router_0_1,1.8000,0.876790
2391,router_1_2,router_0_1,1.8000,0.878464
2392,router_2_2,router_3_0,1.9000,0.811686
2393,router_2_2,router_3_0,3.0001,0.812136
2394,router_2_2,router_3_0,2.9001,0.809295
2395,router_2_2,router_3_0,3.4001,0.809146
2396,router_3_2,router_2_0,3.6001,0.810415
2397,router_3_2,router_2_0,2.6000,0.811911
2398,router_3_2,router_2_0,5.4001,0.801372
2399,router_3_2,router_2_0,1.4000,0.813261
2400,router_0_3,router_1_0,2.4000,0.754151
2401,router_0_3,router_1_0,3.4001,0.751202
2402,router_0_3,router_1_0,1.9000,0.754689
2403,router_0_3,router_1_0,6.4001,0.744036
2404,router_1_3,router_0_0,2.9000,0.752138
2405,router_1_3,router_0_0,4.4001,0.749467
2406,router_1_3,router_0_0,1.4000,0.756172
2407,router_1_3,router_0_0,2.4000,0.753479
2408,router_2_3,router_3_3,0.4000,0.949813
2409,router_2_3,router_3_3,2.0001,0.949813
2410,router_2_3,router_3_3,1.6000,0.949813
2411,router_2_3,router_3_3,0.4000,0.949813
2412,router_3_3,router_2_3,1.5000,0.949813
2413,router_3_3,router_2_3,0.5000,0.949813
2414,router_3_3,router_2_3,1.5000,0.949813
2415,router_3_3,router_2_3,0.5000,0.949813
2416,router_3_1,router_2_1,2.0000,0.949813
2417,router_3_1,router_2_1,0.5000,0.949813
2418,router_3_1,router_2_1,1.0000,0.949813
2419,router_3_1,router_2_1,0.5000,0.949813
2420,router_0_2,router_1_1,4.3001,0.873789
2421,router_0_2,router_1_1,1.8000,0.876623
2422,router_0_2,router_1_1,0.8000,0.878296
2423,router_0_2,router_1_1,0.8000,0.878296
2424,router_1_2,router_0_1,3.8001,0.875955
2425,router_1_2,router_0_1,0.8000,0.878464
2426,router_1_2,router_0_1,1.3000,0.877627
2427,router_1_2,router_0_1,1.8000,0.877627
2428,router_2_2,router_3_0,1.4000,0.813186
2429,router_2_2,router_3_0,1.4000,0.813186
2430,router_2_2,router_3_0,3.9001,0.807954
2431,router_2_2,router_3_0,5.4001,0.806914
2432,router_3_2,router_2_0,2.9001,0.808773
2433,router_3_2,router_2_0,3.9001,0.807285
2434,router_3_2,router_2_0,1.9000,0.812511
2435,router_3_2,router_2_0,1.6000,0.813412
2436,router_0_3,router_1_0,2.1000,0.754958
2437,router_0_3,router_1_0,2.4000,0.754554
2438,router_0_3,router_1_0,2.4000,0.753882
2439,router_0_3,router_1_0,4.4001,0.748004
2440,router_1_3,router_0_0,3.9001,0.750134
2441,router_1_3,router_0_0,2.4000,0.754824
2442,router_1_3,router_0_0,1.9000,0.755497
2443,router_1_3,router_0_0,1.9000,0.755497
2444,router_2_3,router_3_3,0.4000,0.949813
2445,router_2_3,router_3_3,0.4000,0.949813
2446,router_2_3,router_3_3,2.0001,0.949813
2447,router_2_3,router_3_3,0.4000,0.949813
2448,router_3_3,router_2_3,0.5000,0.949813
2449,router_3_3,router_2_3,0.5000,0.949813
2450,router_3_3,router_2_3,0.5000,0.949813
2451,router_3_3,router_2_3,1.0000,0.949813
2452,router_3_1,router_2_1,0.5000,0.949813
2453,router_3_1,router_2_1,2.0000,0.949813
2454,router_3_1,router_2_1,0.5000,0.949813
2455,router_3_1,router_1_1,3.8001,0.873456
2456,router_0_2,router_1_1,1.3000,0.877459
2457,router_0_2,router_1_1,1.1000,0.877961
2458,router_0_2,router_1_1,2.3001,0.876456
2459,router_0_2,router_0_1,0.5000,0.949813
2460,router_1_2,router_0_1,1.3000,0.877627
2461,router_1_2,router_0_1,1.8000,0.876790
2462,router_1_2,router_0_1,2.3001,0.875955
2463,router_1_2,router_3_0,3.4001,0.750667
2464,router_2_2,router_3_0,2.4000,0.811387
2465,router_2_2,router_3_0,2.9000,0.808699
2466,router_2_2,router_3_0,4.4001,0.806023
2467,router_2_2,router_2_0,2.8001,0.877627
2468,router_3_2,router_2_0,1.9000,0.811761
2469,router_3_2,router_2_0,4.6001,0.808922
2470,router_3_2,router_2_0,1.9000,0.811761
2471,router_3_2,router_1_0,2.9000,0.752138
2472,router_0_3,router_1_0,1.9000,0.755497
2473,router_0_3,router_1_0,2.4000,0.753345
2474,router_0_3,router_1_0,2.9000,0.752808
2475,router_0_3,router_0_0,1.6000,0.813412
2476,router_1_3,router_0_0,2.4000,0.754151
2477,router_1_3,router_0_0,3.9001,0.750134
2478,router_1_3,router_0_0,1.9000,0.754824
2479,router_1_3,router_3_3,0.7000,0.878464
2480,router_2_3,router_3_3,0.8000,0.949813
2481,router_2_3,router_3_3,0.4000,0.949813
2482,router_2_3,router_3_3,1.6000,0.949813
2483,router_3_3,router_2_3,0.5000,0.949813
2484,router_3_3,router_2_3,0.5000,0.949813
2485,router_3_3,router_2_3,2.5001,0.949813
2486,router_3_3,router_1_3,2.3001,0.875955
2487,router_3_1,router_2_1,1.0000,0.949813
2488,router_3_1,router_2_1,1.0000,0.949813
2489,router_3_1,router_2_1,1.5000,0.949813
2490,router_3_1,router_1_1,1.3000,0.877627
2491,router_0_2,router_1_1,0.8000,0.878296
2492,router_0_2,router_1_1,1.8000,0.877292
2493,router_0_2,router_1_1,1.1000,0.877961
2494,router_0_2,router_0_1,2.5001,0.949813
2495,router_1_2,router_0_1,1.8000,0.878464
2496,router_1_2,router_0_1,1.3000,0.878464
2497,router_1_2,router_0_1,1.3000,0.877627
2498,router_1_2,router_3_0,5.4001,0.745355
2499,router_2_2,router_3_0,2.9001,0.809444
2500,router_2_2,router_3_0,2.4000,0.810191
2501,router_2_2,router_3_0,2.2000,0.812586
2502,router_2_2,router_2_0,2.3000,0.876790
2503,router_3_2,router_2_0,1.9000,0.812511
2504,router_3_2,router_2_0,3.1001,0.812661
2505,router_3_2,router_2_0,2.4000,0.810265
2506,router_3_2,router_1_0,4.4001,0.748802
2507,router_0_3,router_1_0,2.4000,0.754554
2508,router_0_3,router_1_0,1.9000,0.754689
2509,router_0_3,router_1_0,4.5001,0.748536
2510,router_0_3,router_0_0,2.4000,0.811013
2511,router_1_3,router_0_0,2.9000,0.752138
2512,router_1_3,router_0_0,2.4000,0.753479
2513,router_1_3,router_0_0,4.4001,0.748802
2514,router_1_3,router_3_3,1.1000,0.877794
2515,router_2_3,router_3_3,0.4000,0.949813
2516,router_2_3,router_3_3,0.4000,0.949813
2517,router_2_3,router_3_3,0.4000,0.949813
2518,router_3_3,router_2_3,1.5000,0.949813
2519,router_3_3,router_2_3,1.5000,0.949813
2520,router_3_3,router_2_3,0.5000,0.949813
2521,router_3_3,router_1_3,1.3000,0.877627
2523,router_3_1,router_2_1,1.0000,0.949813
2523,router_3_1,router_2_1,0.5000,0.949813
2524,router_3_1,router_1_1,2.8001,0.875121
2525,router_3_1,router_1_1,1.3000,0.877627
2526,router_0_2,router_1_1,2.3001,0.875955
2526,router_0_2,router_1_1,0.0000,0.878296
2527,router_0_2,router_1_1,1.3000,0.878129
2528,router_0_2,router_0_1,0.0000,0.949813
2528,router_0_2,router_0_1,1.5000,0.949813
2529,router_0_2,router_0_1,1.5000,0.949813
2530,router_1_2,router_0_1,2.3001,0.875955
2531,router_1_2,router_0_1,3.3001,0.876790
2532,router_1_2,router_3_0,2.4000,0.753882
2533,router_1_2,router_3_0,1.7000,0.755228
2534,router_2_2,router_3_0,2.9000,0.808699
2535,router_2_2,router_3_0,2.9000,0.810191
2536,router_2_2,router_2_0,1.3000,0.877627
2537,router_2_2,router_2_0,1.8000,0.877627
2538,router_3_2,router_2_0,3.4001,0.809519
2539,router_3_2,router_2_0,2.6000,0.811911
2540,router_3_2,router_1_0,4.9001,0.747473
2541,router_3_2,router_1_0,2.9000,0.752808
2542,router_0_3,router_1_0,2.1000,0.754958
2543,router_0_3,router_1_0,3.4001,0.752138
2544,router_0_3,router_0_0,3.4001,0.810265
2545,router_0_3,router_0_0,2.9000,0.809519
2546,router_1_3,router_0_0,5.4001,0.747473
2547,router_1_3,router_0_0,2.9000,0.752138
2548,router_1_3,router_3_3,1.9001,0.877125
2549,router_1_3,router_3_3,0.7000,0.878464
2550,router_2_3,router_3_3,0.4000,0.949813
2551,router_2_3,router_3_3,0.8000,0.949813
2552,router_3_3,router_2_3,1.0000,0.949813
2553,router_3_3,router_2_3,1.0000,0.949813
2554,router_3_3,router_1_3,1.8000,0.877627
2555,router_3_3,router_1_3,4.3001,0.874288
2557,router_3_1,router_2_1,1.0000,0.949813
2557,router_3_1,router_2_1,0.5000,0.949813
2558,router_3_1,router_1_1,0.8000,0.878464
2559,router_3_1,router_1_1,2.8001,0.876790
2560,router_0_2,router_1_1,1.8001,0.876623
2561,router_0_2,router_1_1,3.1001,0.874621
2563,router_0_2,router_0_1,0.5000,0.949813
2563,router_0_2,router_0_1,1.0000,0.949813
2565,router_1_2,router_0_1,1.3000,0.877627
2565,router_1_2,router_0_1,2.3001,0.876790
2566,router_1_2,router_3_0,2.4000,0.754554
2567,router_1_2,router_3_0,1.4000,0.756037
2568,router_2_2,router_3_0,2.4000,0.810938
2569,router_2_2,router_3_0,1.9000,0.811686
2570,router_2_2,router_2_0,3.8001,0.874288
2571,router_2_2,router_2_0,2.8001,0.875121
2572,router_3_2,router_2_0,2.1000,0.812661
2573,router_3_2,router_2_0,3.9001,0.807285
2574,router_3_2,router_1_0,3.4001,0.752808
2575,router_3_2,router_1_0,2.9000,0.753479
2576,router_0_3,router_1_0,1.9000,0.754689
2577,router_0_3,router_1_0,4.9001,0.746678
2578,router_0_3,router_0_0,3.4001,0.807285
2579,router_0_3,router_0_0,1.9000,0.812511
2580,router_1_3,router_0_0,2.4000,0.753479
2581,router_1_3,router_0_0,2.9000,0.753479
2582,router_1_3,router_3_3,1.1000,0.877794
2583,router_1_3,router_3_3,1.1000,0.877794
2584,router_2_3,router_3_3,0.4000,0.949813
2585,router_2_3,router_3_3,0.4000,0.949813
2586,router_3_3,router_2_3,2.5001,0.949813
2587,router_3_3,router_2_3,1.0000,0.949813
2588,router_3_3,router_1_3,1.8000,0.877627
2589,router_3_3,router_1_3,4.3001,0.876790
2590,router_3_1,router_2_1,1.0000,0.949813
2591,router_3_1,router_1_1,3.3001,0.875121
2592,router_3_1,router_1_1,1.8000,0.876790
2593,router_3_1,router_1_1,1.8000,0.876790
2594,router_0_2,router_1_1,1.8000,0.876623
2595,router_0_2,router_0_1,4.0001,0.949813
2596,router_0_2,router_0_1,0.5000,0.949813
2597,router_0_2,router_0_1,0.5000,0.949813
2598,router_1_2,router_0_1,0.8000,0.878464
2599,router_1_2,router_3_0,3.9001,0.749867
2600,router_1_2,router_3_0,2.9001,0.752540
2601,router_1_2,router_3_0,3.3001,0.753076
2602,router_2_2,router_3_0,3.4001,0.810639
2603,router_2_2,router_2_0,0.8000,0.878464
2604,router_2_2,router_2_0,0.8000,0.878464
2605,router_2_2,router_2_0,4.3001,0.873456
2606,router_3_2,router_2_0,3.9001,0.806543
2607,router_3_2,router_1_0,3.4001,0.752808
2608,router_3_2,router_1_0,3.9001,0.750801
2609,router_3_2,router_1_0,1.9000,0.754824
2610,router_0_3,router_1_0,6.4002,0.744959
2611,router_0_3,router_0_0,1.4000,0.813261
2612,router_0_3,router_0_0,1.9000,0.811761
2613,router_0_3,router_0_0,1.9000,0.812511
2614,router_1_3,router_0_0,2.9000,0.752808
2615,router_1_3,router_3_3,1.5000,0.877125
2616,router_1_3,router_3_3,1.9000,0.876456
2617,router_1_3,router_3_3,2.3001,0.875788
2618,router_2_3,router_3_3,0.4000,0.949813
2619,router_3_3,router_2_3,0.5000,0.949813
2620,router_3_3,router_1_3,0.8000,0.878464
2621,router_3_3,router_1_3,1.8000,0.876790
2622,router_3_3,router_1_3,0.8000,0.878464
2623,router_3_1,router_2_1,0.5000,0.949813
2624,router_3_1,router_1_1,1.3000,0.878464
2625,router_3_1,router_1_1,1.8000,0.876790
2626,router_3_1,router_1_1,0.8000,0.878464
2627,router_0_2,router_1_1,1.8000,0.877292
2628,router_0_2,router_0_1,0.5000,0.949813
2629,router_0_2,router_0_1,0.5000,0.949813
2630,router_0_2,router_0_1,0.5000,0.949813
2631,router_1_2,router_0_1,2.3001,0.878464
2632,router_1_2,router_3_0,2.9001,0.753211
2633,router_1_2,router_3_0,3.3001,0.753076
2634,router_1_2,router_3_0,3.4001,0.754285
2635,router_2_2,router_3_0,2.2000,0.812586
2636,router_2_2,router_2_0,3.8001,0.874288
2637,router_2_2,router_2_0,2.3001,0.875955
2638,router_2_2,router_2_0,0.8000,0.878464
2639,router_3_2,router_2_0,2.1000,0.812661
2640,router_3_2,router_1_0,1.9000,0.754824
2641,router_3_2,router_1_0,4.4001,0.748137
2642,router_3_2,router_1_0,3.4001,0.752138
2643,router_0_3,router_1_0,2.4000,0.754151
2644,router_0_3,router_0_0,2.6000,0.811911
2645,router_0_3,router_0_0,2.9001,0.808773
2646,router_0_3,router_0_0,2.6000,0.811911
2647,router_1_3,router_0_0,4.4001,0.749467
2648,router_1_3,router_3_3,1.9000,0.877125
2649,router_1_3,router_3_3,1.1000,0.877794
2650,router_1_3,router_3_3,0.7000,0.878464
2651,router_2_3,router_3_3,0.4000,0.949813
2652,router_3_3,router_2_3,2.0000,0.949813
2653,router_3_3,router_1_3,1.8000,0.876790
2654,router_3_3,router_1_3,2.8001,0.877627
2655,router_3_3,router_1_3,1.8000,0.877627
2656,router_3_1,router_1_1,3.3001,0.876790
2657,router_3_1,router_1_1,2.3001,0.876790
2658,router_3_1,router_1_1,3.3001,0.875955
2659,router_3_1,router_1_1,1.8000,0.876790
2660,router_0_2,router_0_1,1.5000,0.949813
2661,router_0_2,router_0_1,0.5000,0.949813
2662,router_0_2,router_0_1,0.5000,0.949813
2663,router_0_2,router_0_1,0.5000,0.949813
2664,router_1_2,router_3_0,4.9000,0.746678
2665,router_1_2,router_3_0,2.4000,0.754016
2666,router_1_2,router_3_0,2.5000,0.754285
2667,router_1_2,router_3_0,2.4000,0.754016
2668,router_2_2,router_2_0,1.8000,0.876790
2669,router_2_2,router_2_0,1.3000,0.878464
2670,router_2_2,router_2_0,1.3000,0.878464
2671,router_2_2,router_2_0,1.3000,0.877627
2672,router_3_2,router_1_0,2.9001,0.753479
2673,router_3_2,router_1_0,1.9000,0.755497
2674,router_3_2,router_1_0,2.9000,0.752808
2675,router_3_2,router_1_0,1.9000,0.754824
2676,router_0_3,router_0_0,4.9001,0.805801
2677,router_0_3,router_0_0,1.4000,0.813261
2678,router_0_3,router_0_0,1.9000,0.811761
2679,router_0_3,router_0_0,2.4000,0.811761
2680,router_1_3,router_3_3,0.7000,0.878464
2681,router_1_3,router_3_3,2.3001,0.875788
2682,router_1_3,router_3_3,1.5000,0.877794
2683,router_1_3,router_3_3,1.5000,0.877125
2684,router_3_3,router_1_3,0.8000,0.878464
2685,router_3_3,router_1_3,0.8000,0.878464
2686,router_3_3,router_1_3,0.8000,0.878464
2687,router_3_3,router_1_3,2.3001,0.876790
2688,router_3_1,router_1_1,1.8000,0.877627
2689,router_3_1,router_1_1,2.3001,0.877627
2690,router_3_1,router_1_1,2.8001,0.875121
2691,router_3_1,router_1_1,1.3000,0.877627
2692,router_0_2,router_0_1,0.5000,0.949813
2693,router_0_2,router_0_1,1.5000,0.949813
2694,router_0_2,router_0_1,0.5000,0.949813
2695,router_0_2,router_0_1,0.5000,0.949813
2696,router_1_2,router_3_0,3.4001,0.750667
2697,router_1_2,router_3_0,2.1000,0.754151
2698,router_1_2,router_3_0,3.9001,0.749867
2699,router_1_2,router_3_0,2.9001,0.752004
2700,router_2_2,router_2_0,3.3001,0.875955
2701,router_2_2,router_2_0,1.3000,0.877627
2702,router_2_2,router_2_0,0.8000,0.878464
2703,router_2_2,router_2_0,3.8001,0.874288
2704,router_3_2,router_1_0,2.4000,0.754151
2705,router_3_2,router_1_0,3.9001,0.751469
2706,router_3_2,router_1_0,1.4000,0.756172
2707,router_3_2,router_1_0,1.9000,0.754824
2708,router_0_3,router_0_0,1.6000,0.813412
2709,router_0_3,router_0_0,2.4000,0.810265
2710,router_0_3,router_0_0,2.4000,0.811013
2711,router_0_3,router_0_0,1.4000,0.813261
2712,router_1_3,router_3_3,1.1000,0.877794
2713,router_1_3,router_3_3,0.7000,0.878464
2714,router_1_3,router_3_3,1.1000,0.877794
2715,router_1_3,router_3_3,0.7000,0.878464
2716,router_3_3,router_1_3,0.8000,0.878464
2717,router_3_3,router_1_3,1.8000,0.877627
2718,router_3_3,router_1_3,1.3000,0.877627
2719,router_3_3,router_1_3,2.3001,0.878464
2720,router_2_1,router_1_1,0.5000,0.949813
2721,router_3_1,router_1_1,1.3000,0.878464
2722,router_3_1,router_1_1,1.8000,0.877627
2723,router_3_1,router_1_1,0.8000,0.878464
2724,router_3_1,router_0_1,3.6001,0.810415
2725,router_0_2,router_0_1,0.5000,0.949813
2726,router_0_2,router_0_1,1.0000,0.949813
2727,router_0_2,router_0_1,2.0000,0.949813
2728,router_0_2,router_3_0,3.3000,0.700222
2729,router_1_2,router_3_0,4.2000,0.748536
2730,router_1_2,router_3_0,3.4001,0.752004
2731,router_1_2,router_3_0,2.5000,0.753613
2732,router_1_2,router_2_0,2.9000,0.811387
2733,router_2_2,router_2_0,3.8001,0.874288
2734,router_2_2,router_2_0,1.3000,0.878464
2735,router_2_2,router_2_0,4.8001,0.871796
2736,router_2_2,router_1_0,2.1000,0.813412
2737,router_3_2,router_1_0,2.4000,0.753479
2738,router_3_2,router_1_0,2.4000,0.753479
2739,router_3_2,router_1_0,2.9000,0.752808
2740,router_3_2,router_0_0,8.1002,0.682395
2741,router_0_3,router_0_0,1.9000,0.811761
2742,router_0_3,router_0_0,2.4000,0.811013
2743,router_0_3,router_0_0,4.9001,0.807285
2744,router_0_3,router_3_3,3.8001,0.810639
2745,router_1_3,router_3_3,3.1001,0.876456
2746,router_1_3,router_3_3,1.9001,0.876456
2747,router_1_3,router_3_3,1.5000,0.877125
2748,router_1_3,router_2_3,1.2000,0.949813
2749,router_2_3,router_1_3,0.5000,0.949813
2750,router_3_3,router_1_3,0.8000,0.878464
2751,router_3_3,router_1_3,4.8001,0.871796
2752,router_3_3,router_1_3,2.3001,0.877627
2753,router_3_3,router_0_3,2.4000,0.810265
2754,router_2_1,router_1_1,0.5000,0.949813
2755,router_3_1,router_1_1,1.8000,0.878464
2756,router_3_1,router_1_1,0.8000,0.878464
2757,router_3_1,router_1_1,2.8001,0.875955
2758,router_3_1,router_0_1,2.1000,0.812661
2759,router_0_2,router_0_1,1.0000,0.949813
2759,router_0_2,router_0_1,0.5000,0.949813
2760,router_0_2,router_0_1,0.5000,0.949813
2762,router_0_2,router_3_0,4.5001,0.695920
2763,router_1_2,router_3_0,2.8000,0.752942
2764,router_1_2,router_3_0,1.9000,0.755228
2765,router_1_2,router_3_0,4.4001,0.748004
2766,router_1_2,router_2_0,1.9000,0.812286
2767,router_2_2,router_2_0,2.3000,0.875955
2768,router_2_2,router_2_0,1.8000,0.876790
2769,router_2_2,router_2_0,0.8000,0.878464
2770,router_2_2,router_1_0,1.4000,0.813261
2771,router_3_2,router_1_0,1.9000,0.754824
2772,router_3_2,router_1_0,2.9000,0.752138
2773,router_3_2,router_1_0,1.9000,0.755497
2774,router_3_2,router_0_0,6.1001,0.690542
2775,router_0_3,router_0_0,1.4000,0.813261
2776,router_0_3,router_0_0,2.9000,0.808773
2777,router_0_3,router_0_0,2.4000,0.811761
2778,router_0_3,router_3_3,2.2000,0.812436
2779,router_1_3,router_3_3,2.7001,0.877794
2780,router_1_3,router_3_3,1.9001,0.877794
2781,router_1_3,router_3_3,1.9001,0.877125
2782,router_1_3,router_2_3,0.4000,0.949813
2783,router_2_3,router_1_3,0.5000,0.949813
2784,router_3_3,router_1_3,1.8000,0.876790
2785,router_3_3,router_1_3,1.3000,0.877627
2786,router_3_3,router_1_3,1.8000,0.878464
2787,router_3_3,router_0_3,3.1001,0.811162
2789,router_2_1,router_1_1,1.0000,0.949813
2789,router_2_1,router_1_1,1.0000,0.949813
2790,router_3_1,router_1_1,2.8001,0.876790
2791,router_3_1,router_1_1,2.8001,0.877627
2792,router_3_1,router_0_1,2.4000,0.810265
2793,router_3_1,router_0_1,6.1001,0.806691
2794,router_0_2,router_0_1,0.5000,0.949813
2794,router_0_2,router_0_1,0.5000,0.949813
2796,router_0_2,router_3_0,2.8001,0.702750
2797,router_0_2,router_3_0,5.1001,0.694733
2798,router_1_2,router_3_0,2.9000,0.753345
2799,router_1_2,router_3_0,2.1000,0.754151
2800,router_1_2,router_2_0,1.9000,0.812286
2801,router_1_2,router_2_0,1.9000,0.812436
2802,router_2_2,router_2_0,1.3000,0.877627
2803,router_2_2,router_2_0,1.8000,0.877627
2804,router_2_2,router_1_0,2.1000,0.812661
2805,router_2_2,router_1_0,2.9001,0.810265
2806,router_3_2,router_1_0,1.9000,0.754824
2807,router_3_2,router_1_0,1.9000,0.755497
2808,router_3_2,router_0_0,3.1000,0.701244
2809,router_3_2,router_0_0,3.1000,0.701846
2810,router_0_3,router_0_0,2.9001,0.810265
2811,router_0_3,router_0_0,3.1001,0.811162
2812,router_0_3,router_3_3,2.2001,0.812436
2813,router_0_3,router_3_3,2.5001,0.809743
2814,router_1_3,router_3_3,0.7000,0.878464
2815,router_1_3,router_3_3,1.9001,0.877125
2816,router_1_3,router_2_3,2.0001,0.949813
2817,router_1_3,router_2_3,2.0001,0.949813
2818,router_2_3,router_1_3,0.5000,0.949813
2819,router_2_3,router_1_3,1.0000,0.949813
2820,router_3_3,router_1_3,1.8000,0.877627
2821,router_3_3,router_1_3,1.8000,0.876790
2822,router_3_3,router_0_3,2.4000,0.811013
2823,router_3_3,router_0_3,2.4000,0.810265
2825,router_2_1,router_1_1,2.0000,0.949813
2825,router_2_1,router_1_1,1.0000,0.949813
2826,router_3_1,router_1_1,1.8000,0.876790
2827,router_3_1,router_1_1,2.3001,0.876790
2828,router_3_1,router_0_1,2.9001,0.809519
2829,router_3_1,router_0_1,4.4001,0.805801
2830,router_0_2,router_0_1,4.5001,0.949813
2830,router_0_2,router_0_1,0.5000,0.949813
2832,router_0_2,router_3_0,3.1000,0.701424
2833,router_0_2,router_3_0,6.1001,0.689779
2834,router_1_2,router_3_0,2.9001,0.753076
2835,router_1_2,router_3_0,3.4001,0.752942
2836,router_1_2,router_2_0,2.9000,0.810639
2837,router_1_2,router_2_0,2.9000,0.811387
2838,router_2_2,router_2_0,0.8000,0.878464
2839,router_2_2,router_2_0,2.3001,0.876790
2840,router_2_2,router_1_0,2.1000,0.812661
2841,router_2_2,router_1_0,2.1000,0.813412
2842,router_3_2,router_1_0,2.4000,0.753479
2843,router_3_2,router_1_0,2.9000,0.752808
2844,router_3_2,router_0_0,3.6000,0.698245
2845,router_3_2,router_0_0,3.1000,0.700642
2846,router_0_3,router_0_0,2.9001,0.809519
2847,router_0_3,router_0_0,3.4001,0.808773
2848,router_0_3,router_3_3,2.1000,0.812136
2849,router_0_3,router_3_3,2.5000,0.810938
2850,router_1_3,router_3_3,1.9000,0.877794
2851,router_1_3,router_3_3,1.1000,0.877794
2852,router_1_3,router_2_3,0.4000,0.949813
2853,router_1_3,router_2_3,0.8000,0.949813
2854,router_2_3,router_1_3,0.5000,0.949813
2855,router_2_3,router_1_3,1.0000,0.949813
2856,router_3_3,router_1_3,1.8000,0.876790
2857,router_3_3,router_1_3,1.8000,0.876790
2858,router_3_3,router_0_3,2.9001,0.811013
2859,router_3_3,router_0_3,1.9000,0.812511
2861,router_2_1,router_1_1,0.5000,0.949813
2862,router_2_1,router_1_1,0.5000,0.949813
2862,router_2_1,router_1_1,2.0000,0.949813
2863,router_3_1,router_1_1,1.8000,0.877627
2864,router_3_1,router_0_1,3.4001,0.808773
2865,router_3_1,router_0_1,2.4000,0.811761
2866,router_3_1,router_0_1,1.9000,0.812511
2867,router_0_2,router_0_1,1.0000,0.949813
2868,router_0_2,router_3_0,3.1000,0.701063
2869,router_0_2,router_3_0,3.6000,0.698664
2870,router_0_2,router_3_0,3.1000,0.699982
2871,router_1_2,router_3_0,3.9001,0.750000
2872,router_1_2,router_2_0,1.9000,0.812286
2873,router_1_2,router_2_0,2.9000,0.809444
2874,router_1_2,router_2_0,1.4000,0.813186
2875,router_2_2,router_2_0,4.3001,0.873456
2876,router_2_2,router_1_0,7.4002,0.796979
2877,router_2_2,router_1_0,2.6000,0.812661
2878,router_2_2,router_1_0,2.4000,0.811761
2879,router_3_2,router_1_0,2.4000,0.753479
2880,router_3_2,router_0_0,4.1001,0.697648
2881,router_3_2,router_0_0,5.6001,0.694081
2882,router_3_2,router_0_0,6.6001,0.689955
2883,router_0_3,router_0_0,1.9000,0.812511
2884,router_0_3,router_3_3,2.9001,0.810938
2885,router_0_3,router_3_3,2.1000,0.812136
2886,router_0_3,router_3_3,2.2000,0.812436
2887,router_1_3,router_3_3,2.7001,0.875121
2888,router_1_3,router_2_3,0.8000,0.949813
2889,router_1_3,router_2_3,0.4000,0.949813
2890,router_1_3,router_2_3,0.4000,0.949813
2891,router_2_3,router_1_3,1.5000,0.949813
2892,router_2_3,router_1_3,2.0000,0.949813
2893,router_2_3,router_1_3,2.5001,0.949813
2894,router_3_3,router_1_3,1.8000,0.876790
2895,router_3_3,router_0_3,1.4000,0.813261
2896,router_3_3,router_0_3,1.9000,0.811761
2897,router_3_3,router_0_3,2.4000,0.811761
2899,router_2_1,router_1_1,0.5000,0.949813
2900,router_2_1,router_1_1,5.0001,0.949813
2900,router_2_1,router_1_1,2.0000,0.949813
2901,router_3_1,router_1_1,0.8000,0.878464
2902,router_3_1,router_0_1,3.9001,0.806543
2903,router_3_1,router_0_1,2.6000,0.811911
2904,router_3_1,router_0_1,2.1000,0.812661
2905,router_0_2,router_0_1,0.5000,0.949813
2906,router_0_2,router_3_0,4.5001,0.695564
2907,router_0_2,router_3_0,4.1001,0.697827
2908,router_0_2,router_3_0,5.7001,0.694022
2909,router_1_2,router_3_0,2.9001,0.752540
2910,router_1_2,router_2_0,2.9001,0.810041
2911,router_1_2,router_2_0,2.6001,0.812736
2912,router_1_2,router_2_0,2.2001,0.812586
2913,router_2_2,router_2_0,2.3000,0.877627
2914,router_2_2,router_1_0,1.9000,0.812511
2915,router_2_2,router_1_0,3.4001,0.810265
2916,router_2_2,router_1_0,2.4000,0.811013
2917,router_3_2,router_1_0,6.4001,0.742852
2918,router_3_2,router_0_0,7.1001,0.685868
2919,router_3_2,router_0_0,4.6001,0.694673
2920,router_3_2,router_0_0,4.1001,0.697051
2921,router_0_3,router_0_0,1.6000,0.813412
2922,router_0_3,router_3_3,2.6001,0.811836
2923,router_0_3,router_3_3,1.7000,0.812136
2924,router_0_3,router_3_3,2.1000,0.812136
2925,router_1_3,router_3_3,2.3001,0.876456
2926,router_1_3,router_2_3,0.4000,0.949813
2927,router_1_3,router_2_3,0.8000,0.949813
2928,router_1_3,router_2_3,0.8000,0.949813
2929,router_2_3,router_1_3,1.5000,0.949813
2930,router_2_3,router_1_3,2.0000,0.949813
2931,router_2_3,router_1_3,0.5000,0.949813
2932,router_3_3,router_1_3,2.8001,0.875121
2933,router_3_3,router_0_3,2.1000,0.812661
2934,router_3_3,router_0_3,3.4001,0.809519
2935,router_3_3,router_0_3,3.4001,0.808029
2936,router_2_1,router_1_1,2.0000,0.949813
2936,router_2_1,router_1_1,2.0000,0.949813
2937,router_2_1,router_1_1,0.5000,0.949813
2938,router_2_1,router_1_1,0.5000,0.949813
2940,router_3_1,router_0_1,2.9001,0.808773
2941,router_3_1,router_0_1,1.4000,0.813261
2942,router_3_1,router_0_1,1.9000,0.811761
2943,router_3_1,router_0_1,2.4000,0.810265
2944,router_0_2,router_3_0,3.7001,0.698305
2945,router_0_2,router_3_0,4.6001,0.694614
2946,router_0_2,router_3_0,4.1001,0.697350
2947,router_0_2,router_3_0,3.6000,0.699742
2948,router_1_2,router_2_0,2.4000,0.810788
2949,router_1_2,router_2_0,2.2000,0.812586
2950,router_1_2,router_2_0,2.4000,0.812286
2951,router_1_2,router_2_0,3.4001,0.808550
2952,router_2_2,router_1_0,3.1001,0.811162
2953,router_2_2,router_1_0,4.9001,0.805801
2954,router_2_2,router_1_0,2.4000,0.811013
2955,router_2_2,router_1_0,2.4000,0.811761
2956,router_3_2,router_0_0,3.1000,0.701244
2957,router_3_2,router_0_0,5.1001,0.692898
2958,router_3_2,router_0_0,3.6000,0.698245
2959,router_3_2,router_0_0,3.6000,0.698843
2960,router_0_3,router_3_3,2.1000,0.812136
2961,router_0_3,router_3_3,2.1000,0.811537
2962,router_0_3,router_3_3,2.9001,0.810938
2963,router_0_3,router_3_3,2.5000,0.810938
2964,router_1_3,router_2_3,1.2000,0.949813
2965,router_1_3,router_2_3,0.8000,0.949813
2966,router_1_3,router_2_3,1.2000,0.949813
2967,router_1_3,router_2_3,0.4000,0.949813
2968,router_2_3,router_1_3,0.5000,0.949813
2969,router_2_3,router_1_3,1.5000,0.949813
2970,router_2_3,router_1_3,0.5000,0.949813
2971,router_2_3,router_1_3,1.5000,0.949813
2972,router_3_3,router_0_3,1.9000,0.811761
2973,router_3_3,router_0_3,2.9000,0.809519
2974,router_3_3,router_0_3,1.9000,0.811761
2975,router_3_3,router_0_3,1.4000,0.813261
2976,router_2_1,router_1_1,2.5001,0.949813
2977,router_2_1,router_1_1,0.5000,0.949813
2978,router_2_1,router_1_1,0.5000,0.949813
2979,router_2_1,router_1_1,0.5000,0.949813
2980,router_3_1,router_0_1,1.4000,0.813261
2981,router_3_1,router_0_1,1.9000,0.811761
2982,router_3_1,router_0_1,2.1000,0.812661
2983,router_3_1,router_0_1,2.1000,0.812661
2984,router_0_2,router_3_0,6.4002,0.697827
2985,router_0_2,router_3_0,4.1001,0.696873
2986,router_0_2,router_3_0,4.6001,0.695801
2987,router_0_2,router_3_0,3.1000,0.701063
2988,router_1_2,router_2_0,3.9001,0.805727
2989,router_1_2,router_2_0,3.8001,0.810191
2990,router_1_2,router_2_0,1.9000,0.812436
2991,router_1_2,router_2_0,1.4000,0.813186
2992,router_2_2,router_1_0,1.6000,0.813412
2993,router_2_2,router_1_0,2.9001,0.808773
2994,router_2_2,router_1_0,2.4000,0.811013
2995,router_2_2,router_1_0,1.4000,0.813261
2996,router_3_2,router_0_0,4.6001,0.695267
2997,router_3_2,router_0_0,4.6001,0.697648
2998,router_3_2,router_0_0,2.7000,0.702811
2999,router_3_2,router_0_0,4.1001,0.697648
3000,router_0_3,router_3_3,2.5001,0.811537
3001,router_0_3,router_3_3,2.1000,0.812136
3002,router_0_3,router_3_3,3.3001,0.807359
3003,router_0_3,router_3_3,5.0001,0.808252
3004,router_1_3,router_2_3,0.8000,0.949813
3005,router_1_3,router_2_3,0.8000,0.949813
3006,router_1_3,router_2_3,0.8000,0.949813
3007,router_1_3,router_2_3,0.4000,0.949813
3008,router_2_3,router_1_3,0.5000,0.949813
3009,router_2_3,router_1_3,3.0001,0.949813
3010,router_2_3,router_1_3,1.5000,0.949813
3011,router_2_3,router_1_3,1.0000,0.949813
3012,router_3_3,router_0_3,2.9001,0.811013
3013,router_3_3,router_0_3,2.4000,0.811013
3014,router_3_3,router_0_3,2.4000,0.811013
3015,router_3_3,router_0_3,3.4001,0.809519
3016,router_2_1,router_1_1,2.5001,0.949813
3017,router_2_1,router_1_1,2.0000,0.949813
3018,router_2_1,router_1_1,1.5000,0.949813
3019,router_2_1,router_0_1,0.8000,0.878464
3020,router_3_1,router_0_1,2.6001,0.812661
3021,router_3_1,router_0_1,2.4000,0.811761
3022,router_3_1,router_0_1,1.9000,0.811761
3023,router_3_1,router_3_0,0.5000,0.949813
3024,router_0_2,router_3_0,6.1000,0.689897
3025,router_0_2,router_3_0,5.3001,0.694140
3026,router_0_2,router_3_0,3.6000,0.699862
3027,router_0_2,router_2_0,3.3001,0.752138
3028,router_1_2,router_2_0,2.9000,0.808699
3029,router_1_2,router_2_0,1.9000,0.812286
3030,router_1_2,router_2_0,2.9000,0.809444
3031,router_1_2,router_1_0,2.8001,0.875121
3032,router_2_2,router_1_0,1.9000,0.811761
3033,router_2_2,router_1_0,1.6000,0.813412
3034,router_2_2,router_1_0,1.6000,0.813412
3035,router_2_2,router_0_0,2.4000,0.753479
3036,router_3_2,router_0_0,3.1000,0.700642
3037,router_3_2,router_0_0,4.1001,0.698843
3038,router_3_2,router_0_0,6.1001,0.692898
3039,router_3_2,router_3_3,0.4000,0.949813
3040,router_0_3,router_3_3,1.8000,0.813036
3041,router_0_3,router_3_3,3.3001,0.807359
3042,router_0_3,router_3_3,1.8000,0.813036
3043,router_0_3,router_2_3,1.1000,0.878464
3044,router_1_3,router_2_3,1.6000,0.949813
3045,router_1_3,router_2_3,4.0001,0.949813
3046,router_1_3,router_2_3,1.6000,0.949813
3047,router_2_3,router_1_3,1.0000,0.949813
3048,router_2_3,router_1_3,0.5000,0.949813
3049,router_2_3,router_1_3,2.0000,0.949813
3050,router_2_3,router_0_3,1.8000,0.877627
3051,router_3_3,router_0_3,4.4001,0.805060
3052,router_3_3,router_0_3,1.6000,0.813412
3053,router_3_3,router_0_3,1.4000,0.813261
3054,router_3_3,router_3_2,2.0000,0.949813
3055,router_2_1,router_1_1,2.0000,0.949813
3056,router_2_1,router_1_1,1.5000,0.949813
3057,router_2_1,router_1_1,2.0000,0.949813
3058,router_2_1,router_0_1,1.3000,0.877627
3059,router_3_1,router_0_1,2.9001,0.808773
3060,router_3_1,router_0_1,3.9001,0.808029
3061,router_3_1,router_0_1,2.6000,0.812661
3062,router_3_1,router_3_0,0.5000,0.949813
3063,router_0_2,router_3_0,5.7000,0.691778
3064,router_0_2,router_3_0,3.7001,0.697827
3065,router_0_2,router_3_0,4.6001,0.694614
3066,router_0_2,router_2_0,2.5001,0.753748
3067,router_1_2,router_2_0,2.9000,0.808699
3068,router_1_2,router_2_0,2.4000,0.810938
3069,router_1_2,router_2_0,3.9001,0.805727
3070,router_1_2,router_1_0,2.3000,0.877627
3071,router_2_2,router_1_0,3.4001,0.807285
3072,router_2_2,router_1_0,3.4001,0.808029
3073,router_2_2,router_1_0,3.6001,0.810415
3074,router_2_2,router_0_0,2.9001,0.752138
3075,router_3_2,router_0_0,4.1001,0.700042
3076,router_3_2,router_0_0,3.6000,0.699442
3077,router_3_2,router_0_0,6.6001,0.687615
3078,router_3_2,router_3_3,0.4000,0.949813
3079,router_0_3,router_3_3,2.1000,0.811537
3080,router_0_3,router_3_3,2.5000,0.810340
3081,router_0_3,router_3_3,2.1000,0.811537
3082,router_0_3,router_2_3,3.5001,0.874455
3083,router_1_3,router_2_3,1.2000,0.949813
3084,router_1_3,router_2_3,0.8000,0.949813
3085,router_1_3,router_2_3,0.8000,0.949813
3086,router_2_3,router_1_3,3.5001,0.949813
3087,router_2_3,router_1_3,0.5000,0.949813
3088,router_2_3,router_1_3,1.0000,0.949813
3089,router_2_3,router_0_3,1.3000,0.877627
3090,router_3_3,router_0_3,2.4000,0.811761
3091,router_3_3,router_0_3,2.6000,0.812661
3092,router_3_3,router_0_3,1.4000,0.813261
3093,router_3_3,router_3_2,0.5000,0.949813
3094,router_2_1,router_1_1,1.5000,0.949813
3094,router_2_1,router_1_1,0.5000,0.949813
3096,router_2_1,router_0_1,1.3000,0.878464
3097,router_2_1,router_0_1,2.8001,0.875121
3098,router_3_1,router_0_1,3.4001,0.808773
3099,router_3_1,router_0_1,2.1000,0.812661
3101,router_3_1,router_3_0,0.5000,0.949813
3101,router_3_1,router_3_0,1.0000,0.949813
3102,router_0_2,router_3_0,6.9001,0.691189
3103,router_0_2,router_3_0,3.6000,0.698185
3104,router_0_2,router_2_0,1.4000,0.756037
3105,router_0_2,router_2_0,2.9001,0.752674
3106,router_1_2,router_2_0,3.4001,0.810788
3107,router_1_2,router_2_0,1.9000,0.813036
3108,router_1_2,router_1_0,2.8001,0.875955
3109,router_1_2,router_1_0,1.8000,0.877627
3110,router_2_2,router_1_0,3.4001,0.811013
3111,router_2_2,router_1_0,1.6000,0.813412
3112,router_2_2,router_0_0,1.9000,0.755497
3113,router_2_2,router_0_0,3.4001,0.750801
3114,router_3_2,router_0_0,3.1000,0.700642
3115,router_3_2,router_0_0,5.1001,0.692898
3116,router_3_2,router_3_3,1.2000,0.949813
3117,router_3_2,router_3_3,0.4000,0.949813
3118,router_0_3,router_3_3,2.5001,0.812136
3119,router_0_3,router_3_3,2.1000,0.812136
3120,router_0_3,router_2_3,3.1001,0.875121
3121,router_0_3,router_2_3,1.1000,0.877794
3122,router_1_3,router_2_3,1.6000,0.949813
3123,router_1_3,router_2_3,0.4000,0.949813
3124,router_2_3,router_1_3,1.0000,0.949813
3125,router_2_3,router_1_3,0.5000,0.949813
3126,router_2_3,router_0_3,2.3001,0.875955
3127,router_2_3,router_0_3,2.3001,0.877627
3128,router_3_3,router_0_3,4.4001,0.807285
3129,router_3_3,router_0_3,1.4000,0.813261
3130,router_3_3,router_3_2,1.0000,0.949813
3130,router_3_3,router_3_2,2.0000,0.949813
3132,router_2_1,router_1_1,2.5001,0.949813
3133,router_2_1,router_1_1,1.0000,0.949813
3134,router_2_1,router_0_1,1.3000,0.877627
3135,router_2_1,router_0_1,0.8000,0.878464
3136,router_3_1,router_0_1,4.6001,0.808922
3137,router_3_1,router_0_1,1.9000,0.811761
3138,router_3_1,router_3_0,0.5000,0.949813
3139,router_3_1,router_3_0,0.5000,0.949813
3140,router_0_2,router_3_0,3.7000,0.698784
3141,router_0_2,router_3_0,3.1000,0.699982
3142,router_0_2,router_2_0,4.9001,0.746678
3143,router_0_2,router_2_0,1.9000,0.754689
3144,router_1_2,router_2_0,2.4000,0.810938
3145,router_1_2,router_2_0,3.4001,0.810191
3146,router_1_2,router_1_0,1.3000,0.877627
3147,router_1_2,router_1_0,1.3000,0.877627
3148,router_2_2,router_1_0,3.4001,0.809519
3149,router_2_2,router_1_0,2.4000,0.811761
3150,router_2_2,router_0_0,1.9000,0.754824
3151,router_2_2,router_0_0,2.4000,0.753479
3152,router_3_2,router_0_0,6.1001,0.691130
3153,router_3_2,router_0_0,3.1000,0.701244
3154,router_3_2,router_3_3,1.6000,0.949813
3155,router_3_2,router_3_3,1.2000,0.949813
3156,router_0_3,router_3_3,2.9001,0.809743
3157,router_0_3,router_3_3,2.1000,0.811537
3158,router_0_3,router_2_3,0.7000,0.878464
3159,router_0_3,router_2_3,2.3001,0.875788
3160,router_1_3,router_2_3,0.4000,0.949813
3161,router_1_3,router_2_3,2.0001,0.949813
3162,router_2_3,router_1_3,0.5000,0.949813
3163,router_2_3,router_1_3,1.5000,0.949813
3164,router_2_3,router_0_3,5.3001,0.874288
3165,router_2_3,router_0_3,1.3000,0.877627
3166,router_3_3,router_0_3,3.4001,0.808029
3167,router_3_3,router_0_3,3.4001,0.811761
3168,router_3_3,router_3_2,0.5000,0.949813
3168,router_3_3,router_3_2,1.0000,0.949813
3170,router_2_1,router_1_1,0.5000,0.949813
3171,router_2_1,router_0_1,0.8000,0.878464
3172,router_2_1,router_0_1,1.8000,0.877627
3173,router_2_1,router_0_1,1.8000,0.876790
3174,router_3_1,router_0_1,4.9001,0.803582
3175,router_3_1,router_3_0,0.5000,0.949813
3175,router_3_1,router_3_0,2.0000,0.949813
3176,router_3_1,router_3_0,0.5000,0.949813
3178,router_0_2,router_3_0,3.7001,0.698783
3179,router_0_2,router_2_0,2.8000,0.752942
3180,router_0_2,router_2_0,2.1000,0.754151
3181,router_0_2,router_2_0,2.1000,0.754689
3182,router_1_2,router_2_0,2.2000,0.812586
3183,router_1_2,router_1_0,1.8000,0.878464
3184,router_1_2,router_1_0,1.8000,0.876790
3185,router_1_2,router_1_0,0.8000,0.878464
3186,router_2_2,router_1_0,2.9001,0.809519
3187,router_2_2,router_0_0,2.4000,0.753479
3188,router_2_2,router_0_0,2.4000,0.753479
3189,router_2_2,router_0_0,3.4001,0.750801
3190,router_3_2,router_0_0,3.6000,0.698843
3191,router_3_2,router_3_3,0.8000,0.949813
3192,router_3_2,router_3_3,2.0001,0.949813
3193,router_3_2,router_3_3,0.8000,0.949813
3194,router_0_3,router_3_3,1.7000,0.812736
3195,router_0_3,router_2_3,1.1000,0.877794
3196,router_0_3,router_2_3,1.5000,0.877794
3197,router_0_3,router_2_3,3.9001,0.873124
3198,router_1_3,router_2_3,0.4000,0.949813
3199,router_2_3,router_1_3,2.0000,0.949813
3200,router_2_3,router_0_3,0.8000,0.878464
3201,router_2_3,router_0_3,0.8000,0.878464
3202,router_2_3,router_0_3,3.3001,0.875955
3203,router_3_3,router_0_3,1.9000,0.812511
3204,router_3_3,router_3_2,0.5000,0.949813
3204,router_3_3,router_3_2,1.0000,0.949813
3205,router_3_3,router_3_2,1.0000,0.949813
3207,router_2_1,router_1_1,1.0000,0.949813
3208,router_2_1,router_0_1,1.3000,0.877627
3209,router_2_1,router_0_1,1.8000,0.876790
3210,router_2_1,router_0_1,1.8000,0.876790
3211,router_3_1,router_0_1,1.4000,0.813261
3212,router_3_1,router_3_0,0.5000,0.949813
3213,router_3_1,router_3_0,0.5000,0.949813
3214,router_3_1,router_3_0,2.0000,0.949813
3215,router_0_2,router_3_0,4.4001,0.701183
3216,router_0_2,router_2_0,1.9000,0.755362
3217,router_0_2,router_2_0,1.9000,0.755362
3218,router_0_2,router_2_0,3.4001,0.750667
3219,router_1_2,router_2_0,2.4000,0.811686
3220,router_1_2,router_1_0,3.3001,0.874288
3221,router_1_2,router_1_0,2.3001,0.875955
3222,router_1_2,router_1_0,3.8001,0.874288
3223,router_2_2,router_1_0,1.6000,0.813412
3224,router_2_2,router_0_0,2.4000,0.755497
3225,router_2_2,router_0_0,3.9001,0.749467
3226,router_2_2,router_0_0,2.9000,0.752138
3227,router_3_2,router_0_0,3.6000,0.698843
3228,router_3_2,router_3_3,0.8000,0.949813
3229,router_3_2,router_3_3,0.4000,0.949813
3230,router_3_2,router_3_3,2.0001,0.949813
3231,router_0_3,router_3_3,4.1001,0.804986
3232,router_0_3,router_2_3,3.1001,0.874455
3233,router_0_3,router_2_3,1.5000,0.877794
3234,router_0_3,router_2_3,1.1000,0.877794
3235,router_1_3,router_2_3,1.6000,0.949813
3236,router_2_3,router_1_3,1.5000,0.949813
3237,router_2_3,router_0_3,1.3000,0.878464
3238,router_2_3,router_0_3,1.3000,0.877627
3239,router_2_3,router_0_3,1.3000,0.877627
3240,router_3_3,router_0_3,1.6000,0.813412
3241,router_3_3,router_3_2,0.5000,0.949813
3241,router_3_3,router_3_2,1.0000,0.949813
3242,router_3_3,router_3_2,1.0000,0.949813
3244,router_2_1,router_0_1,1.8000,0.876790
3245,router_2_1,router_0_1,2.3001,0.875955
3246,router_2_1,router_0_1,2.8001,0.875955
3247,router_2_1,router_0_1,1.3000,0.877627
3248,router_3_1,router_3_0,1.5000,0.949813
3248,router_3_1,router_3_0,0.5000,0.949813
3249,router_3_1,router_3_0,1.0000,0.949813
3250,router_3_1,router_3_0,3.0001,0.949813
3252,router_0_2,router_2_0,3.3000,0.751603
3253,router_0_2,router_2_0,4.9001,0.747208
3254,router_0_2,router_2_0,2.1000,0.755362
3255,router_0_2,router_2_0,4.9001,0.746678
3256,router_1_2,router_1_0,2.3000,0.875955
3257,router_1_2,router_1_0,1.8000,0.877627
3258,router_1_2,router_1_0,3.8001,0.876790
3259,router_1_2,router_1_0,2.8001,0.875121
3260,router_2_2,router_0_0,3.9001,0.752138
3261,router_2_2,router_0_0,4.9001,0.750801
3262,router_2_2,router_0_0,2.4000,0.753479
3263,router_2_2,router_0_0,3.4001,0.751469
3264,router_3_2,router_3_3,1.6000,0.949813
3265,router_3_2,router_3_3,0.4000,0.949813
3266,router_3_2,router_3_3,2.0001,0.949813
3267,router_3_2,router_3_3,0.8000,0.949813
3268,router_0_3,router_2_3,0.7000,0.878464
3269,router_0_3,router_2_3,1.5000,0.878464
3270,router_0_3,router_2_3,2.7000,0.877794
3271,router_0_3,router_2_3,1.9001,0.877125
3272,router_2_3,router_0_3,1.3000,0.877627
3273,router_2_3,router_0_3,3.3001,0.875121
3274,router_2_3,router_0_3,3.3001,0.875121
3275,router_2_3,router_0_3,2.8001,0.876790
3276,router_3_3,router_3_2,1.0000,0.949813
3277,router_3_3,router_3_2,1.5000,0.949813
3278,router_3_3,router_3_2,2.0000,0.949813
3279,router_3_3,router_3_2,1.0000,0.949813
3280,router_2_1,router_0_1,1.8000,0.876790
3281,router_2_1,router_0_1,1.8000,0.877627
3282,router_2_1,router_0_1,3.3001,0.878464
3283,router_2_1,router_0_1,1.8000,0.876790
3284,router_3_1,router_3_0,1.5000,0.949813
3285,router_3_1,router_3_0,1.5000,0.949813
3286,router_3_1,router_3_0,0.5000,0.949813
3287,router_3_1,router_3_0,1.0000,0.949813
3288,router_0_2,router_2_0,3.7001,0.750534
3289,router_0_2,router_2_0,5.9001,0.748669
3290,router_0_2,router_2_0,3.4001,0.753076
3291,router_0_2,router_2_0,2.5000,0.754151
3292,router_1_2,router_1_0,0.8000,0.878464
3293,router_1_2,router_1_0,0.8000,0.878464
3294,router_1_2,router_1_0,2.3001,0.875955
3295,router_1_2,router_1_0,0.8000,0.878464
3296,router_2_2,router_0_0,2.9001,0.754151
3297,router_2_2,router_0_0,4.9001,0.748802
3298,router_2_2,router_0_0,3.4001,0.751469
3299,router_2_2,router_0_0,2.9000,0.752808
3300,router_3_2,router_3_3,0.4000,0.949813
3301,router_3_2,router_3_3,0.4000,0.949813
3302,router_3_2,router_3_3,1.6000,0.949813
3303,router_3_2,router_3_3,2.4001,0.949813
3304,router_0_3,router_2_3,0.7000,0.878464
3305,router_0_3,router_2_3,2.7001,0.875788
3306,router_0_3,router_2_3,1.1000,0.877794
3307,router_0_3,router_2_3,1.1000,0.878464
3308,router_2_3,router_0_3,2.3001,0.875955
3309,router_2_3,router_0_3,1.8000,0.876790
3310,router_2_3,router_0_3,1.8000,0.878464
3311,router_2_3,router_0_3,3.3001,0.874288
3312,router_3_3,router_3_2,1.0000,0.949813
3313,router_3_3,router_3_2,1.5000,0.949813
3314,router_3_3,router_3_2,2.5001,0.949813
3315,router_3_3,router_3_2,2.5001,0.949813
3316,router_1_1,router_0_1,0.5000,0.949813
3317,router_2_1,router_0_1,3.6000,0.874621
3318,router_2_1,router_0_1,2.8001,0.875121
3319,router_2_1,router_0_1,2.3001,0.875955
3320,router_2_1,router_3_0,1.3000,0.877459
3321,router_3_1,router_3_0,0.5000,0.949813
3322,router_3_1,router_3_0,0.5000,0.949813
3323,router_3_1,router_3_0,2.0000,0.949813
3324,router_3_1,router_2_0,3.8001,0.874288
3325,router_0_2,router_2_0,2.4000,0.753345
3326,router_0_2,router_2_0,2.5001,0.753076
3327,router_0_2,router_2_0,6.4001,0.743378
3328,router_0_2,router_1_0,2.9001,0.810788
3329,router_1_2,router_1_0,0.8000,0.878464
3330,router_1_2,router_1_0,0.8000,0.878464
3331,router_1_2,router_1_0,2.3001,0.875955
3332,router_1_2,router_0_0,2.9001,0.810265
3333,router_2_2,router_0_0,2.4000,0.753479
3334,router_2_2,router_0_0,3.4001,0.752808
3335,router_2_2,router_0_0,3.9001,0.750134
3336,router_2_2,router_3_3,1.1000,0.877794
3337,router_3_2,router_3_3,0.4000,0.949813
3338,router_3_2,router_3_3,1.2000,0.949813
3339,router_3_2,router_3_3,0.8000,0.949813
3340,router_3_2,router_2_3,2.3001,0.875788
3341,router_0_3,router_2_3,1.5000,0.877125
3342,router_0_3,router_2_3,2.3001,0.877125
3343,router_0_3,router_2_3,1.1000,0.878464
3344,router_0_3,router_1_3,0.4000,0.949813
3345,router_1_3,router_0_3,1.0000,0.949813
3346,router_2_3,router_0_3,1.3000,0.877627
3347,router_2_3,router_0_3,1.3000,0.878464
3348,router_2_3,router_0_3,0.8000,0.878464
3349,router_2_3,router_3_2,2.3001,0.876790
3350,router_3_3,router_3_2,0.5000,0.949813
3351,router_3_3,router_3_2,1.5000,0.949813
3352,router_3_3,router_3_2,1.5000,0.949813
3353,router_3_3,router_2_2,1.8000,0.876790
3354,router_1_1,router_0_1,2.5001,0.949813
3355,router_2_1,router_0_1,2.7000,0.876122
3356,router_2_1,router_0_1,2.8001,0.875121
3357,router_2_1,router_0_1,0.8000,0.878464
3358,router_2_1,router_3_0,2.3001,0.875955
3359,router_3_1,router_3_0,3.0001,0.949813
3360,router_3_1,router_3_0,2.0000,0.949813
3361,router_3_1,router_3_0,2.0000,0.949813
3362,router_3_1,router_2_0,2.3000,0.877627
3363,router_0_2,router_2_0,3.7001,0.750534
3364,router_0_2,router_2_0,2.9000,0.752004
3365,router_0_2,router_2_0,3.4001,0.752272
3366,router_0_2,router_1_0,2.4000,0.810788
3367,router_1_2,router_1_0,3.8001,0.874288
3368,router_1_2,router_1_0,1.3000,0.877627
3369,router_1_2,router_1_0,3.8001,0.876790
3370,router_1_2,router_0_0,2.4000,0.811761
3371,router_2_2,router_0_0,2.4000,0.753479
3372,router_2_2,router_0_0,5.9001,0.746148
3373,router_2_2,router_0_0,4.4001,0.750801
3374,router_2_2,router_3_3,1.5000,0.877125
3375,router_3_2,router_3_3,1.2000,0.949813
3376,router_3_2,router_3_3,1.6000,0.949813
3377,router_3_2,router_3_3,0.4000,0.949813
3378,router_3_2,router_2_3,3.3001,0.874122
3379,router_0_3,router_2_3,1.1000,0.877794
3380,router_0_3,router_2_3,2.7001,0.876456
3381,router_0_3,router_2_3,0.7000,0.878464
3382,router_0_3,router_1_3,2.8001,0.949813
3383,router_1_3,router_0_3,0.5000,0.949813
3384,router_2_3,router_0_3,1.8000,0.878464
3385,router_2_3,router_0_3,1.3000,0.877627
3386,router_2_3,router_0_3,1.3000,0.878464
3387,router_2_3,router_3_2,2.7001,0.877794
3388,router_3_3,router_3_2,1.0000,0.949813
3389,router_3_3,router_3_2,1.0000,0.949813
3390,router_3_3,router_3_2,0.5000,0.949813
3391,router_3_3,router_2_2,1.3000,0.877627
3392,router_1_1,router_0_1,1.0000,0.949813
3392,router_1_1,router_0_1,2.0000,0.949813
3394,router_2_1,router_0_1,2.3001,0.875955
3395,router_2_1,router_0_1,1.3000,0.877627
3396,router_2_1,router_3_0,1.5000,0.877292
3397,router_2_1,router_3_0,5.3001,0.870802
3399,router_3_1,router_3_0,1.5000,0.949813
3399,router_3_1,router_3_0,1.5000,0.949813
3401,router_3_1,router_2_0,4.8001,0.873456
3401,router_3_1,router_2_0,2.3001,0.875955
3402,router_0_2,router_2_0,2.8001,0.752272
3403,router_0_2,router_2_0,2.9001,0.752004
3404,router_0_2,router_1_0,1.9000,0.811686
3405,router_0_2,router_1_0,3.9001,0.806320
3406,router_1_2,router_1_0,1.3000,0.877627
3407,router_1_2,router_1_0,1.3000,0.878464
3408,router_1_2,router_0_0,2.9001,0.810265
3409,router_1_2,router_0_0,4.9001,0.807285
3410,router_2_2,router_0_0,4.4001,0.748137
3411,router_2_2,router_0_0,2.9000,0.753479
3412,router_2_2,router_3_3,5.9002,0.869809
3413,router_2_2,router_3_3,1.5000,0.877125
3414,router_3_2,router_3_3,0.4000,0.949813
3415,router_3_2,router_3_3,0.4000,0.949813
3416,router_3_2,router_2_3,1.9001,0.878296
3417,router_3_2,router_2_3,1.8000,0.876623
3418,router_0_3,router_2_3,2.3001,0.876456
3419,router_0_3,router_2_3,0.7000,0.878464
3420,router_0_3,router_1_3,3.2001,0.949813
3421,router_0_3,router_1_3,2.8001,0.949813
3423,router_1_3,router_0_3,0.5000,0.949813
3423,router_1_3,router_0_3,0.5000,0.949813
3424,router_2_3,router_0_3,1.3000,0.878464
3425,router_2_3,router_0_3,2.3001,0.876790
3426,router_2_3,router_3_2,3.3001,0.874788
3427,router_2_3,router_3_2,1.3000,0.877459
3428,router_3_3,router_3_2,0.5000,0.949813
3429,router_3_3,router_3_2,1.5000,0.949813
3430,router_3_3,router_2_2,1.3000,0.877627
3431,router_3_3,router_2_2,1.3000,0.877627
3433,router_1_1,router_0_1,1.0000,0.949813
3433,router_1_1,router_0_1,1.5000,0.949813
3434,router_2_1,router_0_1,1.8000,0.876790
3435,router_2_1,router_0_1,2.8001,0.875955
3436,router_2_1,router_3_0,3.1000,0.877962
3437,router_2_1,router_3_0,1.3000,0.878129
3438,router_3_1,router_3_0,3.0001,0.949813
3439,router_3_1,router_3_0,0.5000,0.949813
3441,router_3_1,router_2_0,0.8000,0.878464
3441,router_3_1,router_2_0,0.8000,0.878464
3442,router_0_2,router_2_0,2.8001,0.752942
3443,router_0_2,router_2_0,2.1000,0.754689
3444,router_0_2,router_1_0,3.9001,0.805727
3445,router_0_2,router_1_0,1.9000,0.812286
3446,router_1_2,router_1_0,2.3000,0.878464
3447,router_1_2,router_1_0,1.3000,0.878464
3448,router_1_2,router_0_0,1.9000,0.812511
3449,router_1_2,router_0_0,2.6000,0.811911
3450,router_2_2,router_0_0,1.4000,0.756172
3451,router_2_2,router_0_0,2.9000,0.752138
3452,router_2_2,router_3_3,3.5001,0.873789
3453,router_2_2,router_3_3,3.5001,0.873789
3454,router_3_2,router_3_3,0.4000,0.949813
3455,router_3_2,router_3_3,0.8000,0.949813
3456,router_3_2,router_2_3,1.9001,0.876623
3457,router_3_2,router_2_3,2.7001,0.875288
3458,router_0_3,router_2_3,1.5000,0.877125
3459,router_0_3,router_2_3,1.5000,0.877794
3460,router_0_3,router_1_3,1.6000,0.949813
3461,router_0_3,router_1_3,2.4001,0.949813
3462,router_1_3,router_0_3,0.5000,0.949813
3463,router_1_3,router_0_3,1.5000,0.949813
3464,router_2_3,router_0_3,3.3001,0.876790
3465,router_2_3,router_0_3,6.3002,0.870140
3466,router_2_3,router_3_2,1.3000,0.878129
3467,router_2_3,router_3_2,0.8000,0.878296
3468,router_3_3,router_3_2,0.5000,0.949813
3469,router_3_3,router_3_2,0.5000,0.949813
3470,router_3_3,router_2_2,2.3001,0.875955
3471,router_3_3,router_2_2,1.8000,0.876790
3473,router_1_1,router_0_1,0.5000,0.949813
3474,router_1_1,router_0_1,0.5000,0.949813
3474,router_1_1,router_0_1,2.0000,0.949813
3475,router_2_1,router_0_1,1.8000,0.877627
3476,router_2_1,router_3_0,1.8000,0.876623
3477,router_2_1,router_3_0,0.8000,0.878296
3478,router_2_1,router_3_0,1.9001,0.877459
3479,router_3_1,router_3_0,1.0000,0.949813
3480,router_3_1,router_2_0,1.3000,0.878464
3481,router_3_1,router_2_0,2.3001,0.875955
3482,router_3_1,router_2_0,1.3000,0.877627
3483,router_0_2,router_2_0,2.5001,0.753748
3484,router_0_2,router_1_0,3.4001,0.809146
3485,router_0_2,router_1_0,1.9000,0.812886
3486,router_0_2,router_1_0,1.4000,0.813186
3487,router_1_2,router_1_0,2.3001,0.875955
3488,router_1_2,router_0_0,1.4000,0.813261
3489,router_1_2,router_0_0,3.1001,0.812661
3490,router_1_2,router_0_0,1.9000,0.811761
3491,router_2_2,router_0_0,2.9000,0.753479
3492,router_2_2,router_3_3,0.7000,0.878464
3493,router_2_2,router_3_3,1.5000,0.877125
3494,router_2_2,router_3_3,1.1000,0.877794
3495,router_3_2,router_3_3,1.6000,0.949813
3496,router_3_2,router_2_3,1.3000,0.877459
3497,router_3_2,router_2_3,1.9001,0.876623
3498,router_3_2,router_2_3,1.3000,0.877459
3499,router_0_3,router_2_3,3.1001,0.875121
3500,router_0_3,router_1_3,1.6000,0.949813
3501,router_0_3,router_1_3,0.4000,0.949813
3502,router_0_3,router_1_3,0.8000,0.949813
3503,router_1_3,router_0_3,0.5000,0.949813
3504,router_1_3,router_0_3,1.5000,0.949813
3505,router_1_3,router_0_3,1.5000,0.949813
3506,router_2_3,router_0_3,1.3000,0.877627
3507,router_2_3,router_3_2,1.1000,0.877961
3508,router_2_3,router_3_2,1.1000,0.877961
3509,router_2_3,router_3_2,1.1000,0.877961
3510,router_3_3,router_3_2,0.5000,0.949813
3511,router_3_3,router_2_2,1.3000,0.877627
3512,router_3_3,router_2_2,2.3001,0.875955
3513,router_3_3,router_2_2,1.3000,0.878464
3514,router_1_1,router_0_1,0.5000,0.949813
3515,router_1_1,router_0_1,1.0000,0.949813
3516,router_1_1,router_0_1,1.0000,0.949813
3517,router_2_1,router_0_1,3.8001,0.873456
3518,router_2_1,router_3_0,2.3001,0.876456
3519,router_2_1,router_3_0,1.5000,0.877292
3520,router_2_1,router_3_0,0.8000,0.878296
3521,router_3_1,router_3_0,1.0000,0.949813
3522,router_3_1,router_2_0,2.3001,0.875955
3523,router_3_1,router_2_0,2.3001,0.876790
3524,router_3_1,router_2_0,2.3001,0.875955
3525,router_0_2,router_2_0,2.5001,0.753613
3526,router_0_2,router_1_0,1.9000,0.813036
3527,router_0_2,router_1_0,1.9000,0.811686
3528,router_0_2,router_1_0,4.2001,0.809593
3529,router_1_2,router_1_0,2.8001,0.875121
3530,router_1_2,router_0_0,1.9000,0.811761
3531,router_1_2,router_0_0,5.4001,0.801372
3532,router_1_2,router_0_0,5.9001,0.802108
3533,router_2_2,router_0_0,3.9001,0.750801
3534,router_2_2,router_3_3,1.9000,0.877125
3535,router_2_2,router_3_3,2.3001,0.875788
3536,router_2_2,router_3_3,2.3001,0.876456
3537,router_3_2,router_3_3,2.0001,0.949813
3538,router_3_2,router_2_3,1.3000,0.877459
3539,router_3_2,router_2_3,1.8000,0.877961
3540,router_3_2,router_2_3,3.5001,0.873955
3541,router_0_3,router_2_3,1.1000,0.877794
3542,router_0_3,router_1_3,2.8001,0.949813
3543,router_0_3,router_1_3,2.0001,0.949813
3544,router_0_3,router_1_3,0.4000,0.949813
3545,router_1_3,router_0_3,1.0000,0.949813
3546,router_1_3,router_0_3,0.5000,0.949813
3547,router_1_3,router_0_3,0.5000,0.949813
3548,router_2_3,router_0_3,1.3000,0.877627
3549,router_2_3,router_3_2,4.3001,0.873124
3550,router_2_3,router_3_2,0.8000,0.878296
3551,router_2_3,router_3_2,1.3000,0.877459
3552,router_3_3,router_3_2,1.0000,0.949813
3553,router_3_3,router_2_2,1.3000,0.877627
3554,router_3_3,router_2_2,1.8000,0.876790
3555,router_3_3,router_2_2,0.8000,0.878464
3557,router_1_1,router_0_1,4.0001,0.949813
3558,router_1_1,router_0_1,1.0000,0.949813
3559,router_1_1,router_0_1,1.5000,0.949813
3559,router_1_1,router_0_1,0.5000,0.949813
3560,router_2_1,router_3_0,5.3001,0.870802
3561,router_2_1,router_3_0,3.1001,0.875455
3562,router_2_1,router_3_0,1.1000,0.877961
3563,router_2_1,router_3_0,5.9002,0.869974
3564,router_3_1,router_2_0,0.8000,0.878464
3565,router_3_1,router_2_0,1.3000,0.877627
3566,router_3_1,router_2_0,1.8000,0.876790
3567,router_3_1,router_2_0,2.3001,0.875955
3568,router_0_2,router_1_0,3.4001,0.810340
3569,router_0_2,router_1_0,2.9000,0.809295
3570,router_0_2,router_1_0,2.4000,0.812736
3571,router_0_2,router_1_0,4.4001,0.806172
3572,router_1_2,router_0_0,4.1001,0.810415
3573,router_1_2,router_0_0,2.4000,0.811761
3574,router_1_2,router_0_0,2.4000,0.810265
3575,router_1_2,router_0_0,5.4001,0.805060
3576,router_2_2,router_3_3,1.9000,0.877125
3577,router_2_2,router_3_3,1.5000,0.877125
3578,router_2_2,router_3_3,0.7000,0.878464
3579,router_2_2,router_3_3,1.5000,0.877125
3580,router_3_2,router_2_3,1.8000,0.877961
3581,router_3_2,router_2_3,0.8000,0.878296
3582,router_3_2,router_2_3,0.8000,0.878296
3583,router_3_2,router_2_3,0.8000,0.878296
3584,router_0_3,router_1_3,1.2000,0.949813
3585,router_0_3,router_1_3,0.4000,0.949813
3586,router_0_3,router_1_3,0.4000,0.949813
3587,router_0_3,router_1_3,1.2000,0.949813
3589,router_1_3,router_0_3,1.5000,0.949813
3590,router_1_3,router_0_3,1.5000,0.949813
3591,router_1_3,router_0_3,0.5000,0.949813
3591,router_1_3,router_0_3,1.0000,0.949813
3592,router_2_3,router_3_2,3.5001,0.873955
3593,router_2_3,router_3_2,1.1000,0.877961
3594,router_2_3,router_3_2,1.8000,0.877292
3595,router_2_3,router_3_2,1.1000,0.877961
3596,router_3_3,router_2_2,1.8000,0.876790
3597,router_3_3,router_2_2,1.3000,0.877627
3598,router_3_3,router_2_2,1.8000,0.878464
3599,router_3_3,router_2_2,2.3001,0.875955
3600,router_1_1,router_0_1,1.5000,0.949813
3601,router_1_1,router_0_1,0.5000,0.949813
3602,router_1_1,router_0_1,0.5000,0.949813
3603,router_1_1,router_0_1,0.5000,0.949813
3604,router_2_1,router_3_0,2.8001,0.876289
3605,router_2_1,router_3_0,1.3000,0.878129
3606,router_2_1,router_3_0,1.3000,0.878129
3607,router_2_1,router_3_0,1.1000,0.877961
3608,router_3_1,router_2_0,1.3000,0.877627
3609,router_3_1,router_2_0,1.3000,0.878464
3610,router_3_1,router_2_0,0.8000,0.878464
3611,router_3_1,router_2_0,4.3001,0.872625
3612,router_0_2,router_1_0,3.4001,0.809146
3613,router_0_2,router_1_0,1.8000,0.813186
3614,router_0_2,router_1_0,2.6001,0.812736
3615,router_0_2,router_1_0,1.4000,0.813186
3616,router_1_2,router_0_0,2.1000,0.812661
3617,router_1_2,router_0_0,1.9000,0.811761
3618,router_1_2,router_0_0,2.4000,0.811761
3619,router_1_2,router_0_0,4.4001,0.804321
3620,router_2_2,router_3_3,1.9000,0.876456
3621,router_2_2,router_3_3,1.5000,0.877125
3622,router_2_2,router_3_3,4.3001,0.873124
3623,router_2_2,router_3_3,2.7001,0.875121
3624,router_3_2,router_2_3,1.5000,0.878129
3625,router_3_2,router_2_3,2.7001,0.875288
3626,router_3_2,router_2_3,0.8000,0.878296
3627,router_3_2,router_2_3,1.9001,0.877459
3628,router_0_3,router_1_3,0.4000,0.949813
3629,router_0_3,router_1_3,0.8000,0.949813
3630,router_0_3,router_1_3,0.4000,0.949813
3631,router_0_3,router_1_3,0.8000,0.949813
3632,router_1_3,router_0_3,2.5001,0.949813
3633,router_1_3,router_0_3,0.5000,0.949813
3634,router_1_3,router_0_3,2.0000,0.949813
3635,router_1_3,router_0_3,1.5000,0.949813
3636,router_2_3,router_3_2,2.3001,0.878464
3637,router_2_3,router_3_2,2.3001,0.876790
3638,router_2_3,router_3_2,1.8000,0.876623
3639,router_2_3,router_3_2,0.8000,0.878296
3640,router_3_3,router_2_2,0.8000,0.878464
3641,router_3_3,router_2_2,4.8001,0.874288
3642,router_3_3,router_2_2,1.3000,0.877627
3643,router_3_3,router_2_2,1.3000,0.878464
3645,router_1_1,router_0_1,0.5000,0.949813
3646,router_1_1,router_0_1,1.5000,0.949813
3646,router_1_1,router_0_1,1.5000,0.949813
3647,router_1_1,router_3_0,2.4000,0.811237
3648,router_2_1,router_3_0,3.8001,0.874621
3649,router_2_1,router_3_0,0.8000,0.878296
3650,router_2_1,router_3_0,1.1000,0.877961
3651,router_2_1,router_2_0,2.0000,0.949813
3652,router_3_1,router_2_0,1.3000,0.877627
3653,router_3_1,router_2_0,1.3000,0.877627
3654,router_3_1,router_2_0,4.3001,0.873456
3655,router_3_1,router_1_0,2.6001,0.811911
3656,router_0_2,router_1_0,2.4000,0.810938
3657,router_0_2,router_1_0,3.9001,0.806468
3658,router_0_2,router_1_0,2.9000,0.810639
3659,router_0_2,router_0_0,2.3000,0.875955
3660,router_1_2,router_0_0,3.9001,0.807285
3661,router_1_2,router_0_0,1.9000,0.811761
3662,router_1_2,router_0_0,1.9000,0.811761
3663,router_1_2,router_3_3,4.1001,0.807359
3664,router_2_2,router_3_3,1.5000,0.877794
3665,router_2_2,router_3_3,0.7000,0.878464
3666,router_2_2,router_3_3,1.1000,0.877794
3667,router_2_2,router_2_3,0.4000,0.949813
3668,router_3_2,router_2_3,1.9001,0.877459
3669,router_3_2,router_2_3,1.1000,0.877961
3670,router_3_2,router_2_3,0.8000,0.878296
3671,router_3_2,router_1_3,4.9001,0.802697
3672,router_0_3,router_1_3,0.4000,0.949813
3673,router_0_3,router_1_3,0.4000,0.949813
3674,router_0_3,router_1_3,0.8000,0.949813
3675,router_1_3,router_0_3,0.5000,0.949813
3676,router_1_3,router_0_3,1.5000,0.949813
3677,router_1_3,router_0_3,0.5000,0.949813
3678,router_1_3,router_3_2,2.9001,0.809295
3679,router_2_3,router_3_2,1.1000,0.877961
3680,router_2_3,router_3_2,1.1000,0.877961
3681,router_2_3,router_3_2,1.3000,0.878129
3682,router_2_3,router_2_2,0.5000,0.949813
3683,router_3_3,router_2_2,1.3000,0.877627
3684,router_3_3,router_2_2,1.3000,0.877627
3685,router_3_3,router_2_2,1.3000,0.878464
3686,router_3_3,router_1_2,6.1001,0.807434
3689,router_1_1,router_0_1,2.0000,0.949813
3691,router_2_1,router_3_0,1.3000,0.878129
3694,router_2_1,router_2_0,4.0001,0.949813
3712,router_3_2,router_2_3,0.8000,0.878296
3713,router_3_2,router_2_3,0.8000,0.878296
3714,router_3_2,router_1_3,1.4000,0.813111
3715,router_0_3,router_1_3,1.2000,0.949813
3716,router_0_3,router_1_3,1.2000,0.949813
3717,router_0_3,router_1_3,0.4000,0.949813
3719,router_1_3,router_0_3,0.5000,0.949813
3719,router_1_3,router_0_3,1.5000,0.949813
3720,router_1_3,router_0_3,2.0000,0.949813
3721,router_1_3,router_3_2,2.9001,0.809892
3722,router_2_3,router_3_2,2.3001,0.876456
3723,router_2_3,router_3_2,2.3001,0.875955
3724,router_2_3,router_3_2,2.3001,0.875955
3725,router_2_3,router_2_2,0.5000,0.949813
3726,router_3_3,router_2_2,1.8000,0.876790
3727,router_3_3,router_2_2,1.3000,0.877627

AVERAGES,,,2.3613,0.840905
E2E_LATENCY,,,10302.6691,
