Request_ID,Source,Destination,Latency_ms,Fidelity
0,router_3_3,router_2_3,0.5000,0.949813
1,router_3_3,router_2_3,0.5000,0.949813
1,router_3_3,router_2_3,1.0000,0.949813
4,router_3_3,router_2_3,1.0000,0.949813
5,router_3_3,router_2_3,1.0000,0.949813
5,router_3_3,router_2_3,1.0000,0.949813
6,router_3_3,router_2_3,2.0000,0.949813
6,router_3_3,router_2_3,1.0000,0.949813
8,router_3_3,router_2_3,1.0000,0.949813
9,router_3_3,router_2_3,0.5000,0.949813
10,router_3_3,router_2_3,1.0000,0.949813
11,router_3_3,router_2_3,1.5000,0.949813
12,router_3_3,router_2_3,1.0000,0.949813
13,router_3_3,router_1_3,2.3001,0.875955
14,router_3_3,router_2_3,1.0000,0.949813
15,router_3_3,router_2_3,0.5000,0.949813
16,router_3_3,router_1_3,1.8001,0.878464
17,router_3_3,router_1_3,3.3001,0.874288
18,router_3_3,router_2_3,0.5000,0.949813
19,router_3_3,router_1_3,2.3001,0.876790
20,router_3_3,router_1_3,3.8001,0.873456
21,router_3_3,router_1_3,3.8001,0.876790
22,router_3_3,router_1_3,2.3001,0.877627
23,router_3_3,router_1_3,0.8000,0.878464
24,router_3_3,router_1_3,4.3001,0.873456
25,router_3_3,router_1_3,1.8000,0.876790
26,router_2_3,router_1_3,0.5000,0.949813
27,router_3_3,router_1_3,1.8000,0.876790
28,router_3_3,router_1_3,2.3001,0.875955
29,router_3_3,router_1_3,0.8000,0.878464
30,router_3_3,router_0_3,2.6001,0.811911
31,router_2_3,router_1_3,1.0000,0.949813
32,router_2_3,router_1_3,0.5000,0.949813
33,router_3_3,router_1_3,5.3001,0.872625
34,router_3_3,router_1_3,1.3000,0.878464
35,router_3_3,router_0_3,1.9000,0.811761
36,router_3_3,router_0_3,4.9001,0.804321
38,router_2_3,router_1_3,2.0000,0.949813
39,router_2_3,router_1_3,2.0000,0.949813
39,router_2_3,router_1_3,2.0000,0.949813
40,router_3_3,router_1_3,3.8001,0.873456
41,router_3_3,router_0_3,1.4000,0.813261
42,router_3_3,router_0_3,1.6000,0.813412
43,router_3_3,router_0_3,1.6000,0.813412
44,router_2_3,router_1_3,1.0000,0.949813
44,router_2_3,router_1_3,1.0000,0.949813
45,router_2_3,router_1_3,1.5000,0.949813
46,router_2_3,router_1_3,0.5000,0.949813
48,router_3_3,router_0_3,2.4000,0.810265
49,router_3_3,router_0_3,3.4001,0.808773
50,router_3_3,router_0_3,2.6000,0.811911
51,router_3_3,router_0_3,1.4000,0.813261
52,router_2_3,router_1_3,1.0000,0.949813
53,router_2_3,router_1_3,1.0000,0.949813
54,router_2_3,router_1_3,1.0000,0.949813
55,router_2_3,router_0_3,1.8000,0.876790
56,router_3_3,router_0_3,2.9001,0.812511
57,router_3_3,router_0_3,3.1001,0.811162
58,router_3_3,router_0_3,2.4000,0.811013
59,router_3_3,router_3_2,1.5000,0.949813
60,router_2_3,router_1_3,1.0000,0.949813
61,router_2_3,router_1_3,1.0000,0.949813
62,router_2_3,router_0_3,1.3000,0.877627
63,router_2_3,router_0_3,1.3000,0.878464
64,router_3_3,router_0_3,2.4000,0.810265
65,router_3_3,router_0_3,3.4001,0.810265
66,router_3_3,router_3_2,0.5000,0.949813
67,router_3_3,router_3_2,0.5000,0.949813
68,router_2_3,router_1_3,0.5000,0.949813
69,router_2_3,router_0_3,1.8000,0.876790
70,router_2_3,router_0_3,1.3000,0.877627
71,router_2_3,router_0_3,1.3000,0.877627
72,router_3_3,router_0_3,2.1000,0.812661
73,router_3_3,router_3_2,2.0000,0.949813
74,router_3_3,router_3_2,0.5000,0.949813
75,router_3_3,router_3_2,2.5001,0.949813
76,router_2_3,router_0_3,1.3000,0.877627
77,router_2_3,router_0_3,1.3000,0.877627
78,router_2_3,router_0_3,0.8000,0.878464
79,router_2_3,router_0_3,0.8000,0.878464
80,router_3_3,router_3_2,2.5001,0.949813
80,router_3_3,router_3_2,1.0000,0.949813
81,router_3_3,router_3_2,0.5000,0.949813
82,router_3_3,router_3_2,1.5000,0.949813
84,router_1_3,router_0_3,3.0001,0.949813
85,router_2_3,router_0_3,1.3000,0.877627
86,router_2_3,router_0_3,1.3000,0.877627
87,router_2_3,router_0_3,1.8000,0.876790
88,router_2_3,router_3_2,2.8001,0.874954
89,router_3_3,router_3_2,1.0000,0.949813
90,router_3_3,router_3_2,0.5000,0.949813
91,router_3_3,router_3_2,1.0000,0.949813
92,router_3_3,router_2_2,3.3001,0.875955
93,router_1_3,router_0_3,0.5000,0.949813
94,router_1_3,router_0_3,0.5000,0.949813
95,router_2_3,router_0_3,2.3001,0.876790
96,router_2_3,router_0_3,3.3001,0.875955
97,router_2_3,router_3_2,1.9000,0.877459
98,router_2_3,router_3_2,1.9001,0.878296
99,router_3_3,router_3_2,1.0000,0.949813
100,router_3_3,router_3_2,1.0000,0.949813
101,router_3_3,router_2_2,1.3000,0.877627
102,router_3_3,router_2_2,0.8000,0.878464
103,router_1_3,router_0_3,1.0000,0.949813
104,router_1_3,router_0_3,5.5001,0.949813
105,router_1_3,router_0_3,1.0000,0.949813
106,router_2_3,router_0_3,1.8001,0.876790
107,router_2_3,router_3_2,0.8000,0.878296
108,router_2_3,router_3_2,1.8000,0.876623
109,router_2_3,router_3_2,1.3000,0.877459
110,router_3_3,router_3_2,2.0000,0.949813
111,router_3_3,router_2_2,0.8000,0.878464
112,router_3_3,router_2_2,3.8001,0.874288
113,router_3_3,router_2_2,1.3000,0.877627
115,router_1_3,router_0_3,0.5000,0.949813
116,router_1_3,router_0_3,0.5000,0.949813
117,router_1_3,router_0_3,0.5000,0.949813
117,router_1_3,router_0_3,1.0000,0.949813
118,router_2_3,router_3_2,1.1000,0.877961
119,router_2_3,router_3_2,1.3000,0.877459
120,router_2_3,router_3_2,1.3000,0.877459
121,router_2_3,router_3_2,2.7001,0.876122
122,router_3_3,router_2_2,0.8000,0.878464
123,router_3_3,router_2_2,1.8000,0.878464
124,router_3_3,router_2_2,0.8000,0.878464
125,router_3_3,router_2_2,1.8000,0.877627
127,router_1_3,router_0_3,2.5001,0.949813
128,router_1_3,router_0_3,2.5001,0.949813
128,router_1_3,router_0_3,0.5000,0.949813
129,router_1_3,router_3_2,1.4000,0.813036
130,router_2_3,router_3_2,1.5000,0.877292
131,router_2_3,router_3_2,1.8000,0.877292
132,router_2_3,router_3_2,1.8000,0.876623
133,router_2_3,router_2_2,1.5000,0.949813
134,router_3_3,router_2_2,1.3000,0.877627
135,router_3_3,router_2_2,3.3001,0.875121
136,router_3_3,router_2_2,2.8001,0.875955
137,router_3_3,router_1_2,1.6000,0.813412
138,router_1_3,router_0_3,0.5000,0.949813
139,router_1_3,router_0_3,1.0000,0.949813
140,router_1_3,router_3_2,2.4000,0.810639
141,router_1_3,router_3_2,2.9000,0.810340
142,router_2_3,router_3_2,2.3001,0.877794
143,router_2_3,router_3_2,2.8001,0.874954
144,router_2_3,router_2_2,1.5000,0.949813
145,router_2_3,router_2_2,1.0000,0.949813
146,router_3_3,router_2_2,1.3000,0.877627
147,router_3_3,router_2_2,0.8000,0.878464
148,router_3_3,router_1_2,2.4000,0.811013
149,router_3_3,router_1_2,1.9000,0.811761
150,router_1_3,router_0_3,4.5001,0.949813
151,router_1_3,router_3_2,1.4000,0.813036
152,router_1_3,router_3_2,2.9001,0.810938
153,router_1_3,router_3_2,2.2000,0.812436
154,router_2_3,router_3_2,3.3001,0.874122
156,router_2_3,router_2_2,1.5000,0.949813
157,router_2_3,router_2_2,1.0000,0.949813
157,router_2_3,router_2_2,0.5000,0.949813
158,router_3_3,router_2_2,2.3001,0.875955
159,router_3_3,router_1_2,2.1000,0.812661
160,router_3_3,router_1_2,2.4000,0.811013
161,router_3_3,router_1_2,2.4000,0.810265
162,router_1_3,router_3_2,4.2001,0.809593
163,router_1_3,router_3_2,4.1001,0.805134
164,router_1_3,router_3_2,2.5000,0.810489
165,router_1_3,router_3_2,1.7000,0.812886
166,router_2_3,router_2_2,0.5000,0.949813
166,router_2_3,router_2_2,1.0000,0.949813
168,router_2_3,router_2_2,1.0000,0.949813
169,router_2_3,router_2_2,3.0001,0.949813
170,router_3_3,router_1_2,3.1001,0.811162
171,router_3_3,router_1_2,4.4001,0.806543
172,router_3_3,router_1_2,1.4000,0.813261
173,router_3_3,router_1_2,2.4000,0.811013
174,router_0_3,router_3_2,2.9000,0.753479
175,router_1_3,router_3_2,2.1000,0.812436
176,router_1_3,router_3_2,2.4000,0.810639
177,router_1_3,router_3_2,3.0001,0.811387
178,router_1_3,router_2_2,1.1000,0.877961
180,router_2_3,router_2_2,0.5000,0.949813
180,router_2_3,router_2_2,0.5000,0.949813
181,router_2_3,router_2_2,0.5000,0.949813
182,router_2_3,router_1_2,2.3001,0.875955
183,router_3_3,router_1_2,1.6000,0.813412
184,router_3_3,router_1_2,2.6000,0.811911
185,router_3_3,router_1_2,2.4000,0.810265
186,router_3_3,router_0_2,4.4001,0.751469
187,router_0_3,router_3_2,2.9001,0.751870
188,router_0_3,router_3_2,4.4001,0.748935
189,router_1_3,router_3_2,2.4000,0.811836
190,router_1_3,router_3_2,1.8000,0.813186
191,router_1_3,router_2_2,2.3001,0.877627
192,router_1_3,router_2_2,0.8000,0.878296
194,router_2_3,router_2_2,0.5000,0.949813
194,router_2_3,router_2_2,1.0000,0.949813
195,router_2_3,router_1_2,1.8000,0.877627
196,router_2_3,router_1_2,1.8000,0.876790
197,router_3_3,router_1_2,3.4001,0.807285
198,router_3_3,router_1_2,2.9000,0.808773
199,router_3_3,router_0_2,2.4000,0.754824
200,router_3_3,router_0_2,1.9000,0.754824
201,router_0_3,router_3_2,2.5001,0.752942
202,router_0_3,router_3_2,2.5000,0.752942
203,router_0_3,router_3_2,2.5000,0.753613
204,router_1_3,router_3_2,6.1002,0.802181
205,router_1_3,router_2_2,1.1000,0.877961
206,router_1_3,router_2_2,1.5000,0.877292
207,router_1_3,router_2_2,1.1000,0.877961
208,router_2_3,router_2_2,2.0000,0.949813
209,router_2_3,router_1_2,0.8000,0.878464
210,router_2_3,router_1_2,1.8000,0.877627
211,router_2_3,router_1_2,2.3001,0.875955
212,router_3_3,router_1_2,3.9001,0.808773
213,router_3_3,router_0_2,2.9000,0.752808
214,router_3_3,router_0_2,4.4001,0.749467
215,router_3_3,router_0_2,2.4000,0.753479
216,router_0_3,router_3_2,2.4000,0.753211
217,router_0_3,router_3_2,4.9001,0.748403
218,router_0_3,router_3_2,4.4001,0.747871
219,router_0_3,router_3_2,1.4000,0.755902
220,router_1_3,router_2_2,3.5000,0.875621
221,router_1_3,router_2_2,3.3001,0.875455
222,router_1_3,router_2_2,1.1000,0.877961
223,router_1_3,router_2_2,1.3000,0.877459
224,router_2_3,router_1_2,1.3000,0.877627
225,router_2_3,router_1_2,2.3001,0.876790
226,router_2_3,router_1_2,1.8000,0.876790
227,router_2_3,router_1_2,2.3001,0.877627
228,router_3_3,router_0_2,3.9001,0.752138
229,router_3_3,router_0_2,1.9000,0.755497
230,router_3_3,router_0_2,2.4000,0.753479
231,router_3_3,router_0_2,2.4000,0.753479
232,router_0_3,router_3_2,2.5001,0.753613
233,router_0_3,router_3_2,6.9002,0.741277
234,router_0_3,router_3_2,3.3001,0.751335
235,router_0_3,router_2_2,1.4000,0.813637
236,router_1_3,router_2_2,2.3000,0.877794
237,router_1_3,router_2_2,3.3001,0.876122
238,router_1_3,router_2_2,1.8000,0.876623
239,router_1_3,router_1_2,2.5001,0.949813
240,router_2_3,router_1_2,0.8000,0.878464
241,router_2_3,router_1_2,2.3001,0.875955
242,router_2_3,router_1_2,1.8000,0.877627
243,router_2_3,router_0_2,3.6001,0.810415
244,router_3_3,router_0_2,2.9001,0.753479
245,router_3_3,router_0_2,1.9000,0.755497
246,router_3_3,router_0_2,2.4000,0.754151
247,router_3_3,router_3_1,1.8000,0.876790
248,router_0_3,router_3_2,2.1000,0.754823
249,router_0_3,router_3_2,1.4000,0.755902
250,router_0_3,router_2_2,1.4000,0.813036
251,router_0_3,router_2_2,2.4000,0.811237
252,router_1_3,router_2_2,1.3000,0.878129
253,router_1_3,router_2_2,1.5000,0.877292
254,router_1_3,router_1_2,0.5000,0.949813
255,router_1_3,router_1_2,0.5000,0.949813
256,router_2_3,router_1_2,2.3000,0.876790
257,router_2_3,router_1_2,2.8001,0.876790
258,router_2_3,router_0_2,2.4000,0.812511
259,router_2_3,router_0_2,1.4000,0.813261
260,router_3_3,router_0_2,1.4000,0.756172
261,router_3_3,router_0_2,1.9000,0.754824
263,router_3_3,router_3_1,5.8001,0.872459
263,router_3_3,router_3_1,0.8000,0.878464
264,router_0_3,router_3_2,3.9001,0.749734
265,router_0_3,router_2_2,2.1000,0.811836
266,router_0_3,router_2_2,5.4001,0.803508
267,router_0_3,router_2_2,2.4000,0.811836
268,router_1_3,router_2_2,4.3001,0.874288
269,router_1_3,router_1_2,1.0000,0.949813
270,router_1_3,router_1_2,2.5001,0.949813
271,router_1_3,router_1_2,1.0000,0.949813
272,router_2_3,router_1_2,2.3001,0.875955
273,router_2_3,router_0_2,2.4000,0.810265
274,router_2_3,router_0_2,2.4000,0.811013
275,router_2_3,router_0_2,1.6000,0.813412
276,router_3_3,router_0_2,3.9001,0.751469
277,router_3_3,router_3_1,3.8001,0.873456
278,router_3_3,router_3_1,1.8000,0.878464
279,router_3_3,router_3_1,1.8000,0.877627
280,router_0_3,router_2_2,2.9001,0.808699
281,router_0_3,router_2_2,2.1000,0.811088
282,router_0_3,router_2_2,2.6001,0.811836
283,router_0_3,router_2_2,4.4001,0.805875
284,router_1_3,router_1_2,1.5000,0.949813
285,router_1_3,router_1_2,0.5000,0.949813
286,router_1_3,router_1_2,0.5000,0.949813
287,router_1_3,router_1_2,2.0000,0.949813
288,router_2_3,router_0_2,2.9001,0.810265
289,router_2_3,router_0_2,3.4001,0.807285
290,router_2_3,router_0_2,2.1000,0.812661
291,router_2_3,router_0_2,3.4001,0.807285
292,router_3_3,router_3_1,2.8001,0.875955
293,router_3_3,router_3_1,3.3001,0.875121
294,router_3_3,router_3_1,2.8001,0.875955
295,router_3_3,router_3_1,1.3000,0.878464
296,router_3_2,router_2_2,0.5000,0.949813
297,router_0_3,router_2_2,3.0001,0.811836
298,router_0_3,router_2_2,3.4001,0.810639
299,router_0_3,router_2_2,2.5001,0.811088
300,router_0_3,router_1_2,2.8001,0.874954
302,router_1_3,router_1_2,1.0000,0.949813
303,router_1_3,router_1_2,1.5000,0.949813
303,router_1_3,router_1_2,3.5001,0.949813
304,router_1_3,router_0_2,3.3001,0.875121
305,router_2_3,router_0_2,1.9000,0.812511
306,router_2_3,router_0_2,3.9001,0.807285
307,router_2_3,router_0_2,2.9000,0.808773
308,router_2_3,router_3_1,1.9000,0.812286
309,router_3_3,router_3_1,1.8000,0.877627
310,router_3_3,router_3_1,0.8000,0.878464
311,router_3_3,router_3_1,1.3000,0.877627
312,router_3_3,router_2_1,5.4001,0.805060
314,router_3_2,router_2_2,3.0001,0.949813
314,router_3_2,router_2_2,1.5000,0.949813
315,router_0_3,router_2_2,1.4000,0.813036
316,router_0_3,router_2_2,1.9000,0.812136
317,router_0_3,router_1_2,6.3002,0.869148
318,router_0_3,router_1_2,0.8000,0.878296
319,router_1_3,router_1_2,3.5001,0.949813
319,router_1_3,router_1_2,1.0000,0.949813
321,router_1_3,router_0_2,2.8001,0.876790
322,router_1_3,router_0_2,1.8000,0.876790
323,router_2_3,router_0_2,1.9000,0.812511
324,router_2_3,router_0_2,2.4000,0.811013
325,router_2_3,router_3_1,2.8001,0.809743
326,router_2_3,router_3_1,3.9001,0.807805
327,router_3_3,router_3_1,2.3000,0.875955
328,router_3_3,router_3_1,1.3000,0.878464
329,router_3_3,router_2_1,4.1001,0.809668
330,router_3_3,router_2_1,1.9000,0.811761
331,router_3_2,router_2_2,1.0000,0.949813
332,router_3_2,router_2_2,1.0000,0.949813
333,router_3_2,router_2_2,0.5000,0.949813
334,router_0_3,router_2_2,2.5001,0.811387
335,router_0_3,router_1_2,1.3000,0.877459
336,router_0_3,router_1_2,1.1000,0.877961
337,router_0_3,router_1_2,4.3001,0.873124
338,router_1_3,router_1_2,1.0000,0.949813
339,router_1_3,router_0_2,2.3001,0.875955
340,router_1_3,router_0_2,2.3001,0.877627
341,router_1_3,router_0_2,0.8000,0.878464
342,router_2_3,router_0_2,3.4001,0.810265
343,router_2_3,router_3_1,1.9000,0.811686
344,router_2_3,router_3_1,3.9001,0.807062
345,router_2_3,router_3_1,1.9000,0.813036
346,router_3_3,router_3_1,1.8000,0.878464
347,router_3_3,router_2_1,2.4000,0.812511
348,router_3_3,router_2_1,2.4000,0.811761
349,router_3_3,router_2_1,2.4000,0.811013
350,router_3_2,router_2_2,1.0000,0.949813
351,router_3_2,router_2_2,5.0001,0.949813
352,router_3_2,router_2_2,2.0000,0.949813
353,router_3_2,router_2_2,0.5000,0.949813
354,router_0_3,router_1_2,3.1000,0.876289
355,router_0_3,router_1_2,2.3001,0.875788
356,router_0_3,router_1_2,2.3001,0.875955
357,router_0_3,router_1_2,0.8000,0.878296
358,router_1_3,router_0_2,2.3001,0.876790
359,router_1_3,router_0_2,0.8000,0.878464
360,router_1_3,router_0_2,1.8000,0.878464
361,router_1_3,router_0_2,1.3000,0.877627
362,router_2_3,router_3_1,1.9000,0.812436
363,router_2_3,router_3_1,2.9000,0.810639
364,router_2_3,router_3_1,2.4000,0.811686
365,router_2_3,router_3_1,1.9000,0.811686
366,router_3_3,router_2_1,2.4000,0.811761
367,router_3_3,router_2_1,1.9000,0.812511
368,router_3_3,router_2_1,1.9000,0.812511
369,router_3_3,router_2_1,2.1000,0.812661
371,router_3_2,router_2_2,3.0001,0.949813
371,router_3_2,router_2_2,3.0001,0.949813
372,router_3_2,router_2_2,1.0000,0.949813
373,router_3_2,router_1_2,3.8001,0.873456
374,router_0_3,router_1_2,1.8001,0.877292
375,router_0_3,router_1_2,1.3000,0.877459
376,router_0_3,router_1_2,1.3000,0.877459
377,router_0_3,router_0_2,0.5000,0.949813
378,router_1_3,router_0_2,1.8000,0.876790
379,router_1_3,router_0_2,0.8000,0.878464
380,router_1_3,router_0_2,1.3000,0.877627
381,router_1_3,router_3_1,2.1000,0.754689
382,router_2_3,router_3_1,4.4001,0.806023
383,router_2_3,router_3_1,1.9000,0.812286
384,router_2_3,router_3_1,2.2001,0.812586
385,router_2_3,router_2_1,2.3000,0.877627
386,router_3_3,router_2_1,1.9000,0.813261
387,router_3_3,router_2_1,1.4000,0.813261
388,router_3_3,router_2_1,2.4000,0.811013
389,router_3_3,router_1_1,4.4001,0.749467
391,router_3_2,router_2_2,0.5000,0.949813
391,router_3_2,router_2_2,1.0000,0.949813
392,router_3_2,router_1_2,1.8000,0.877627
393,router_3_2,router_1_2,1.3000,0.877627
394,router_0_3,router_1_2,1.3000,0.877459
395,router_0_3,router_1_2,1.5000,0.878129
397,router_0_3,router_0_2,0.5000,0.949813
397,router_0_3,router_0_2,0.5000,0.949813
399,router_1_3,router_0_2,1.8000,0.878464
399,router_1_3,router_0_2,0.8000,0.878464
400,router_1_3,router_3_1,4.4001,0.750400
401,router_1_3,router_3_1,5.4001,0.746678
402,router_2_3,router_3_1,1.9000,0.811686
403,router_2_3,router_3_1,1.9000,0.812286
404,router_2_3,router_2_1,0.8000,0.878464
405,router_2_3,router_2_1,1.8000,0.876790
406,router_3_3,router_2_1,1.9000,0.811761
407,router_3_3,router_2_1,1.9000,0.811761
408,router_3_3,router_1_1,2.4000,0.754151
409,router_3_3,router_1_1,2.4000,0.753479
410,router_3_2,router_2_2,1.0000,0.949813
411,router_3_2,router_1_2,1.3000,0.877627
412,router_3_2,router_1_2,4.3001,0.875121
413,router_3_2,router_1_2,1.3000,0.877627
414,router_0_3,router_1_2,2.8001,0.874954
415,router_0_3,router_0_2,1.0000,0.949813
416,router_0_3,router_0_2,2.5001,0.949813
417,router_0_3,router_0_2,0.5000,0.949813
418,router_1_3,router_0_2,1.3000,0.877627
419,router_1_3,router_3_1,2.5001,0.754151
420,router_1_3,router_3_1,2.9001,0.752540
421,router_1_3,router_3_1,5.4001,0.747341
422,router_2_3,router_3_1,2.4000,0.810788
423,router_2_3,router_2_1,1.8000,0.877627
424,router_2_3,router_2_1,1.3000,0.878464
425,router_2_3,router_2_1,0.8000,0.878464
426,router_3_3,router_2_1,3.9001,0.808029
427,router_3_3,router_1_1,2.4000,0.754151
428,router_3_3,router_1_1,3.9001,0.750801
429,router_3_3,router_1_1,4.4001,0.748137
430,router_3_2,router_1_2,0.8000,0.878464
431,router_3_2,router_1_2,2.3001,0.876790
432,router_3_2,router_1_2,2.8001,0.875955
433,router_3_2,router_1_2,1.8000,0.877627
434,router_0_3,router_0_2,1.5000,0.949813
434,router_0_3,router_0_2,1.0000,0.949813
435,router_0_3,router_0_2,2.5001,0.949813
436,router_0_3,router_0_2,0.5000,0.949813
438,router_1_3,router_3_1,3.3001,0.751469
439,router_1_3,router_3_1,2.9001,0.753211
440,router_1_3,router_3_1,2.4000,0.754689
441,router_1_3,router_3_1,3.4001,0.753613
442,router_2_3,router_2_1,1.8000,0.876790
443,router_2_3,router_2_1,2.3001,0.875955
444,router_2_3,router_2_1,2.3001,0.876790
445,router_2_3,router_2_1,1.3000,0.878464
446,router_3_3,router_1_1,1.9000,0.754824
447,router_3_3,router_1_1,4.4001,0.748137
448,router_3_3,router_1_1,1.9000,0.755497
449,router_3_3,router_1_1,4.4001,0.750801
450,router_2_2,router_1_2,1.5000,0.949813
451,router_3_2,router_1_2,1.3000,0.878464
452,router_3_2,router_1_2,1.8000,0.877627
453,router_3_2,router_1_2,1.8000,0.876790
454,router_3_2,router_0_2,1.6000,0.813412
455,router_0_3,router_0_2,0.5000,0.949813
456,router_0_3,router_0_2,3.0001,0.949813
457,router_0_3,router_0_2,1.0000,0.949813
458,router_0_3,router_3_1,4.1001,0.697350
459,router_1_3,router_3_1,3.3001,0.752138
460,router_1_3,router_3_1,1.7000,0.755228
461,router_1_3,router_3_1,1.9000,0.755362
462,router_1_3,router_2_1,1.4000,0.813787
463,router_2_3,router_2_1,1.8000,0.877627
464,router_2_3,router_2_1,2.3001,0.876790
465,router_2_3,router_2_1,1.8000,0.876790
466,router_2_3,router_1_1,2.4000,0.813261
467,router_3_3,router_1_1,3.9001,0.750134
468,router_3_3,router_1_1,1.9000,0.755497
469,router_3_3,router_1_1,2.4000,0.753479
470,router_3_3,router_0_1,3.6000,0.699442
471,router_2_2,router_1_2,0.5000,0.949813
471,router_2_2,router_1_2,1.5000,0.949813
473,router_3_2,router_1_2,0.8000,0.878464
474,router_3_2,router_1_2,2.3001,0.876790
475,router_3_2,router_0_2,2.9001,0.809519
476,router_3_2,router_0_2,2.6000,0.811911
478,router_0_3,router_0_2,0.5000,0.949813
478,router_0_3,router_0_2,1.0000,0.949813
479,router_0_3,router_3_1,5.1001,0.694970
480,router_0_3,router_3_1,3.1000,0.699982
481,router_1_3,router_3_1,1.7000,0.755228
482,router_1_3,router_3_1,2.5001,0.755362
483,router_1_3,router_2_1,2.4000,0.810788
484,router_1_3,router_2_1,1.9000,0.812286
485,router_2_3,router_2_1,2.8001,0.875121
486,router_2_3,router_2_1,2.3001,0.875955
487,router_2_3,router_1_1,2.1000,0.812661
488,router_2_3,router_1_1,1.9000,0.811761
489,router_3_3,router_1_1,3.9001,0.750801
490,router_3_3,router_1_1,2.9000,0.752808
491,router_3_3,router_0_1,4.1001,0.700042
492,router_3_3,router_0_1,4.2001,0.700402
493,router_2_2,router_1_2,1.5000,0.949813
494,router_2_2,router_1_2,0.5000,0.949813
495,router_2_2,router_1_2,0.5000,0.949813
496,router_3_2,router_1_2,1.8000,0.876790
497,router_3_2,router_0_2,2.4000,0.810265
498,router_3_2,router_0_2,5.9001,0.802108
499,router_3_2,router_0_2,2.6000,0.811911
500,router_0_3,router_0_2,2.0000,0.949813
501,router_0_3,router_3_1,3.3000,0.700222
502,router_0_3,router_3_1,4.1001,0.699502
503,router_0_3,router_3_1,5.6001,0.691542
504,router_1_3,router_3_1,2.5001,0.753613
505,router_1_3,router_2_1,1.9000,0.812886
506,router_1_3,router_2_1,3.9001,0.807508
507,router_1_3,router_2_1,2.9000,0.808699
508,router_2_3,router_2_1,1.8000,0.876790
509,router_2_3,router_1_1,1.4000,0.813261
510,router_2_3,router_1_1,2.9000,0.809519
511,router_2_3,router_1_1,2.4000,0.811761
512,router_3_3,router_1_1,1.9000,0.754824
513,router_3_3,router_0_1,4.7001,0.700402
514,router_3_3,router_0_1,3.7001,0.700402
515,router_3_3,router_0_1,3.6000,0.698843
516,router_2_2,router_1_2,1.0000,0.949813
517,router_2_2,router_1_2,2.5001,0.949813
519,router_2_2,router_1_2,1.5000,0.949813
519,router_2_2,router_1_2,0.5000,0.949813
520,router_3_2,router_0_2,1.6000,0.813412
521,router_3_2,router_0_2,1.9000,0.812511
522,router_3_2,router_0_2,3.9001,0.805801
523,router_3_2,router_0_2,2.4000,0.812511
524,router_0_3,router_3_1,5.1001,0.696277
525,router_0_3,router_3_1,3.1000,0.700462
526,router_0_3,router_3_1,3.7001,0.698783
527,router_0_3,router_3_1,6.1001,0.690719
528,router_1_3,router_2_1,2.4000,0.812886
529,router_1_3,router_2_1,1.4000,0.813787
530,router_1_3,router_2_1,1.4000,0.813186
531,router_1_3,router_2_1,5.4001,0.804690
532,router_2_3,router_1_1,1.9000,0.812511
533,router_2_3,router_1_1,2.4000,0.812511
534,router_2_3,router_1_1,4.4001,0.806543
535,router_2_3,router_1_1,2.4000,0.811013
536,router_3_3,router_0_1,3.2001,0.702207
537,router_3_3,router_0_1,3.6000,0.699442
538,router_3_3,router_0_1,7.6002,0.684128
539,router_3_3,router_0_1,3.1000,0.700642
540,router_2_2,router_1_2,0.5000,0.949813
540,router_2_2,router_1_2,0.5000,0.949813
541,router_2_2,router_1_2,0.5000,0.949813
543,router_2_2,router_0_2,2.3001,0.875955
544,router_3_2,router_0_2,1.9000,0.811761
545,router_3_2,router_0_2,2.4000,0.811761
546,router_3_2,router_0_2,3.1001,0.811162
547,router_3_2,router_3_1,1.0000,0.949813
548,router_0_3,router_3_1,3.1000,0.700582
549,router_0_3,router_3_1,4.1001,0.696992
550,router_0_3,router_3_1,3.1000,0.699982
551,router_0_3,router_2_1,3.4001,0.750667
552,router_1_3,router_2_1,1.4000,0.813186
553,router_1_3,router_2_1,1.9000,0.812436
554,router_1_3,router_2_1,1.9000,0.811686
555,router_1_3,router_1_1,1.3000,0.878464
556,router_2_3,router_1_1,2.4000,0.811761
557,router_2_3,router_1_1,2.6000,0.812661
558,router_2_3,router_1_1,4.4001,0.805060
559,router_2_3,router_0_1,4.4001,0.748802
560,router_3_3,router_0_1,4.6001,0.694673
561,router_3_3,router_0_1,4.1001,0.697051
562,router_3_3,router_0_1,4.1001,0.698245
563,router_3_3,router_3_0,2.6001,0.811911
565,router_2_2,router_1_2,0.5000,0.949813
565,router_2_2,router_1_2,1.5000,0.949813
566,router_2_2,router_0_2,2.8001,0.875955
567,router_2_2,router_0_2,1.8000,0.877627
568,router_3_2,router_0_2,5.9001,0.802844
569,router_3_2,router_0_2,1.9000,0.811761
570,router_3_2,router_3_1,0.5000,0.949813
570,router_3_2,router_3_1,1.0000,0.949813
572,router_0_3,router_3_1,2.9000,0.700702
573,router_0_3,router_3_1,4.9001,0.695564
574,router_0_3,router_2_1,2.5001,0.753748
575,router_0_3,router_2_1,2.1000,0.755362
576,router_1_3,router_2_1,1.4000,0.813787
577,router_1_3,router_2_1,1.9000,0.811686
578,router_1_3,router_1_1,1.3000,0.877627
579,router_1_3,router_1_1,0.8000,0.878464
580,router_2_3,router_1_1,1.9000,0.812511
581,router_2_3,router_1_1,3.9001,0.807285
582,router_2_3,router_0_1,4.4001,0.748137
583,router_2_3,router_0_1,2.9000,0.752808
584,router_3_3,router_0_1,4.2001,0.699802
585,router_3_3,router_0_1,3.1000,0.700042
587,router_3_3,router_3_0,2.8001,0.810564
587,router_3_3,router_3_0,2.4000,0.811761
588,router_2_2,router_1_2,0.5000,0.949813
589,router_2_2,router_0_2,1.8000,0.877627
590,router_2_2,router_0_2,0.8000,0.878464
591,router_2_2,router_0_2,3.3001,0.875121
592,router_3_2,router_0_2,1.6000,0.813412
594,router_3_2,router_3_1,0.5000,0.949813
595,router_3_2,router_3_1,1.0000,0.949813
595,router_3_2,router_3_1,0.5000,0.949813
596,router_0_3,router_3_1,3.6000,0.698186
597,router_0_3,router_2_1,2.5001,0.753748
598,router_0_3,router_2_1,4.4001,0.750000
599,router_0_3,router_2_1,3.4001,0.750667
600,router_1_3,router_2_1,2.4000,0.810191
601,router_1_3,router_1_1,1.3000,0.877627
602,router_1_3,router_1_1,0.8000,0.878464
603,router_1_3,router_1_1,1.8000,0.876790
604,router_2_3,router_1_1,1.6000,0.813412
605,router_2_3,router_0_1,2.4000,0.753479
606,router_2_3,router_0_1,3.9001,0.750134
607,router_2_3,router_0_1,4.4001,0.749467
608,router_3_3,router_0_1,5.1001,0.695861
609,router_3_3,router_3_0,3.9001,0.805801
610,router_3_3,router_3_0,1.9000,0.813261
611,router_3_3,router_3_0,5.4001,0.801372
612,router_2_2,router_0_2,1.3000,0.877627
613,router_2_2,router_0_2,1.8000,0.878464
614,router_2_2,router_0_2,0.8000,0.878464
615,router_2_2,router_0_2,4.8001,0.875121
616,router_3_2,router_3_1,1.5000,0.949813
616,router_3_2,router_3_1,1.5000,0.949813
617,router_3_2,router_3_1,1.0000,0.949813
619,router_3_2,router_3_1,1.0000,0.949813
620,router_0_3,router_2_1,1.7000,0.755228
621,router_0_3,router_2_1,1.7000,0.755228
622,router_0_3,router_2_1,2.5000,0.754151
623,router_0_3,router_2_1,3.9001,0.749867
624,router_1_3,router_1_1,1.3000,0.877627
625,router_1_3,router_1_1,1.3000,0.877627
626,router_1_3,router_1_1,1.3000,0.877627
627,router_1_3,router_1_1,0.8000,0.878464
628,router_2_3,router_0_1,2.4000,0.753479
629,router_2_3,router_0_1,1.9000,0.755497
630,router_2_3,router_0_1,5.4001,0.745487
631,router_2_3,router_0_1,2.9000,0.752138
632,router_3_3,router_3_0,2.4000,0.811013
633,router_3_3,router_3_0,2.6000,0.811911
634,router_3_3,router_3_0,2.9001,0.809519
635,router_3_3,router_3_0,2.9000,0.809519
636,router_1_2,router_0_2,0.5000,0.949813
637,router_2_2,router_0_2,1.8000,0.876790
638,router_2_2,router_0_2,1.8000,0.876790
639,router_2_2,router_0_2,2.3001,0.875955
640,router_2_2,router_3_1,1.3000,0.878129
642,router_3_2,router_3_1,1.5000,0.949813
643,router_3_2,router_3_1,1.5000,0.949813
643,router_3_2,router_3_1,0.5000,0.949813
644,router_3_2,router_2_1,1.3000,0.877627
645,router_0_3,router_2_1,3.7001,0.750400
646,router_0_3,router_2_1,3.4001,0.750667
647,router_0_3,router_2_1,5.4001,0.745884
648,router_0_3,router_1_1,1.9000,0.812286
649,router_1_3,router_1_1,1.3000,0.877627
650,router_1_3,router_1_1,0.8000,0.878464
651,router_1_3,router_1_1,0.8000,0.878464
652,router_1_3,router_0_1,1.9000,0.812511
653,router_2_3,router_0_1,2.4000,0.753479
654,router_2_3,router_0_1,1.9000,0.755497
655,router_2_3,router_0_1,3.4001,0.751469
656,router_2_3,router_3_0,4.9001,0.748802
657,router_3_3,router_3_0,4.4001,0.805060
658,router_3_3,router_3_0,2.6000,0.812661
659,router_3_3,router_3_0,3.1001,0.811162
660,router_3_3,router_2_0,3.9001,0.750134
662,router_1_2,router_0_2,1.5000,0.949813
662,router_1_2,router_0_2,1.5000,0.949813
663,router_2_2,router_0_2,0.8000,0.878464
664,router_2_2,router_0_2,0.8000,0.878464
665,router_2_2,router_3_1,1.9000,0.877459
666,router_2_2,router_3_1,1.8000,0.877292
667,router_3_2,router_3_1,1.5000,0.949813
668,router_3_2,router_3_1,0.5000,0.949813
669,router_3_2,router_2_1,3.3001,0.874288
670,router_3_2,router_2_1,0.8000,0.878464
671,router_0_3,router_2_1,2.8000,0.754151
672,router_0_3,router_2_1,2.1000,0.754823
673,router_0_3,router_1_1,2.4000,0.810938
674,router_0_3,router_1_1,3.8001,0.810191
675,router_1_3,router_1_1,1.3000,0.877627
676,router_1_3,router_1_1,1.3000,0.877627
677,router_1_3,router_0_1,2.9001,0.808773
678,router_1_3,router_0_1,3.4001,0.808773
679,router_2_3,router_0_1,3.4001,0.750801
680,router_2_3,router_0_1,4.9001,0.746810
681,router_2_3,router_3_0,3.4001,0.753479
682,router_2_3,router_3_0,3.9001,0.749867
684,router_3_3,router_3_0,5.5000,0.810415
684,router_3_3,router_3_0,2.9000,0.809519
685,router_3_3,router_2_0,2.4000,0.754151
686,router_3_3,router_2_0,2.9000,0.752808
687,router_1_2,router_0_2,2.0000,0.949813
688,router_1_2,router_0_2,2.5001,0.949813
689,router_1_2,router_0_2,1.0000,0.949813
690,router_2_2,router_0_2,2.8001,0.876790
691,router_2_2,router_3_1,1.5000,0.878129
692,router_2_2,router_3_1,1.5000,0.878129
693,router_2_2,router_3_1,1.5000,0.878129
694,router_3_2,router_3_1,1.0000,0.949813
695,router_3_2,router_2_1,0.8000,0.878464
696,router_3_2,router_2_1,2.3001,0.876790
697,router_3_2,router_2_1,2.8001,0.875121
698,router_0_3,router_2_1,4.5001,0.748270
699,router_0_3,router_1_1,1.9000,0.812286
700,router_0_3,router_1_1,2.4000,0.813487
701,router_0_3,router_1_1,4.9001,0.802771
702,router_1_3,router_1_1,1.3000,0.877627
703,router_1_3,router_0_1,1.9000,0.811761
704,router_1_3,router_0_1,1.9000,0.812511
705,router_1_3,router_0_1,3.9001,0.806543
706,router_2_3,router_0_1,2.9000,0.752808
707,router_2_3,router_3_0,4.9001,0.747208
708,router_2_3,router_3_0,2.9000,0.752808
709,router_2_3,router_3_0,2.9000,0.752004
710,router_3_3,router_3_0,2.9000,0.811013
711,router_3_3,router_2_0,2.4000,0.753479
712,router_3_3,router_2_0,2.4000,0.754824
713,router_3_3,router_2_0,2.4000,0.754151
714,router_1_2,router_0_2,1.0000,0.949813
715,router_1_2,router_0_2,2.0000,0.949813
716,router_1_2,router_0_2,0.5000,0.949813
717,router_1_2,router_0_2,0.5000,0.949813
718,router_2_2,router_3_1,1.5000,0.877292
719,router_2_2,router_3_1,1.5000,0.877292
720,router_2_2,router_3_1,0.8000,0.878296
721,router_2_2,router_3_1,1.8000,0.877292
722,router_3_2,router_2_1,1.8000,0.877627
723,router_3_2,router_2_1,1.8000,0.876790
724,router_3_2,router_2_1,3.8001,0.873456
725,router_3_2,router_2_1,0.8000,0.878464
726,router_0_3,router_1_1,2.4000,0.811387
727,router_0_3,router_1_1,2.6001,0.812736
728,router_0_3,router_1_1,2.6001,0.811986
729,router_0_3,router_1_1,1.4000,0.813186
730,router_1_3,router_0_1,2.1000,0.812661
731,router_1_3,router_0_1,1.9000,0.812511
732,router_1_3,router_0_1,2.1000,0.813412
733,router_1_3,router_0_1,2.4000,0.811761
734,router_2_3,router_3_0,2.4000,0.754151
735,router_2_3,router_3_0,3.9001,0.750000
736,router_2_3,router_3_0,1.9000,0.754689
737,router_2_3,router_3_0,2.4000,0.754016
738,router_3_3,router_2_0,2.4000,0.753479
739,router_3_3,router_2_0,4.9001,0.748802
740,router_3_3,router_2_0,1.9000,0.754824
741,router_3_3,router_2_0,4.4001,0.749467
742,router_1_2,router_0_2,1.5000,0.949813
743,router_1_2,router_0_2,1.5000,0.949813
744,router_1_2,router_0_2,1.0000,0.949813
745,router_1_2,router_3_1,3.0001,0.811387
746,router_2_2,router_3_1,1.8000,0.877292
747,router_2_2,router_3_1,2.3001,0.877125
748,router_2_2,router_3_1,4.7001,0.872792
749,router_2_2,router_2_1,0.5000,0.949813
750,router_3_2,router_2_1,1.8000,0.876790
751,router_3_2,router_2_1,4.3001,0.874288
752,router_3_2,router_2_1,1.3000,0.877627
753,router_3_2,router_1_1,2.4000,0.811013
754,router_0_3,router_1_1,2.4000,0.811986
755,router_0_3,router_1_1,2.4000,0.810191
756,router_0_3,router_1_1,2.4000,0.810191
757,router_0_3,router_0_1,2.3000,0.877627
758,router_1_3,router_0_1,3.4001,0.808773
759,router_1_3,router_0_1,1.9000,0.813261
760,router_1_3,router_0_1,4.9001,0.803582
761,router_1_3,router_3_0,5.1001,0.693430
762,router_2_3,router_3_0,4.1001,0.750267
763,router_2_3,router_3_0,3.4001,0.754420
764,router_2_3,router_3_0,3.4001,0.751202
765,router_2_3,router_2_0,2.1000,0.812661
766,router_3_3,router_2_0,1.4000,0.756172
767,router_3_3,router_2_0,3.9001,0.750801
768,router_3_3,router_2_0,2.4000,0.753479
769,router_3_3,router_1_0,4.7001,0.698006
771,router_1_2,router_0_2,1.0000,0.949813
771,router_1_2,router_0_2,0.5000,0.949813
772,router_1_2,router_3_1,2.4000,0.812436
773,router_1_2,router_3_1,1.8000,0.813186
774,router_2_2,router_3_1,2.3000,0.876456
775,router_2_2,router_3_1,1.8000,0.876623
776,router_2_2,router_2_1,3.0001,0.949813
777,router_2_2,router_2_1,0.5000,0.949813
778,router_3_2,router_2_1,2.3001,0.875955
779,router_3_2,router_2_1,5.3001,0.871796
780,router_3_2,router_1_1,1.4000,0.813261
781,router_3_2,router_1_1,1.9000,0.811761
782,router_0_3,router_1_1,3.3000,0.808997
783,router_0_3,router_1_1,2.4000,0.810191
784,router_0_3,router_0_1,1.3000,0.877627
785,router_0_3,router_0_1,1.8000,0.877627
786,router_1_3,router_0_1,3.6001,0.810415
787,router_1_3,router_0_1,2.1000,0.812661
788,router_1_3,router_3_0,3.1000,0.700943
789,router_1_3,router_3_0,3.1000,0.701424
790,router_2_3,router_3_0,4.9001,0.746678
791,router_2_3,router_3_0,2.9001,0.752808
792,router_2_3,router_2_0,4.9001,0.808773
793,router_2_3,router_2_0,1.9000,0.811761
794,router_3_3,router_2_0,2.9000,0.753479
795,router_3_3,router_2_0,4.4001,0.748137
796,router_3_3,router_1_0,5.1001,0.695267
797,router_3_3,router_1_0,4.1001,0.697051
798,router_1_2,router_0_2,1.0000,0.949813
799,router_1_2,router_3_1,4.1001,0.805727
800,router_1_2,router_3_1,1.4000,0.813036
801,router_1_2,router_3_1,1.4000,0.813036
802,router_2_2,router_3_1,0.8000,0.878296
804,router_2_2,router_2_1,0.5000,0.949813
805,router_2_2,router_2_1,2.0001,0.949813
805,router_2_2,router_2_1,0.5000,0.949813
806,router_3_2,router_2_1,1.3000,0.878464
807,router_3_2,router_1_1,4.1001,0.809668
808,router_3_2,router_1_1,2.9001,0.810265
809,router_3_2,router_1_1,3.9001,0.805801
810,router_0_3,router_1_1,1.4000,0.813787
811,router_0_3,router_0_1,4.8001,0.871796
812,router_0_3,router_0_1,1.3000,0.877627
813,router_0_3,router_0_1,3.3001,0.875121
814,router_1_3,router_0_1,2.1000,0.813412
815,router_1_3,router_3_0,4.1001,0.696992
816,router_1_3,router_3_0,4.6001,0.695326
817,router_1_3,router_3_0,8.1002,0.683376
818,router_2_3,router_3_0,6.4001,0.743246
819,router_2_3,router_2_0,1.4000,0.813261
820,router_2_3,router_2_0,2.4000,0.811761
821,router_2_3,router_2_0,3.9001,0.808029
822,router_3_3,router_2_0,1.4000,0.756172
823,router_3_3,router_1_0,3.6000,0.698843
824,router_3_3,router_1_0,4.1001,0.697648
825,router_3_3,router_1_0,4.2001,0.699202
826,router_1_2,router_3_1,2.5001,0.811237
827,router_1_2,router_3_1,3.3001,0.808848
828,router_1_2,router_3_1,2.9000,0.810340
829,router_1_2,router_3_1,3.4001,0.808252
831,router_2_2,router_2_1,1.5000,0.949813
832,router_2_2,router_2_1,3.0001,0.949813
833,router_2_2,router_2_1,6.0001,0.949813
833,router_2_2,router_2_1,0.5000,0.949813
834,router_3_2,router_1_1,2.4000,0.811013
835,router_3_2,router_1_1,6.9002,0.797708
836,router_3_2,router_1_1,1.9000,0.812511
837,router_3_2,router_1_1,3.9001,0.810265
839,router_0_3,router_0_1,1.8000,0.878464
840,router_0_3,router_0_1,0.8000,0.878464
840,router_0_3,router_0_1,1.8000,0.876790
841,router_0_3,router_0_1,5.8001,0.870140
842,router_1_3,router_3_0,4.1001,0.696873
843,router_1_3,router_3_0,5.1001,0.695207
844,router_1_3,router_3_0,4.6001,0.696039
845,router_1_3,router_3_0,3.1000,0.701063
846,router_2_3,router_2_0,3.1001,0.811162
847,router_2_3,router_2_0,1.9000,0.811761
848,router_2_3,router_2_0,2.1000,0.812661
849,router_2_3,router_2_0,1.4000,0.813261
850,router_3_3,router_1_0,3.6000,0.699442
851,router_3_3,router_1_0,5.6001,0.692308
852,router_3_3,router_1_0,4.6001,0.696456
853,router_3_3,router_1_0,5.1001,0.695267
854,router_0_2,router_3_1,2.9001,0.752942
855,router_1_2,router_3_1,2.2000,0.812436
856,router_1_2,router_3_1,2.9001,0.809295
857,router_1_2,router_3_1,2.9001,0.809295
858,router_1_2,router_2_1,1.3000,0.877459
860,router_2_2,router_2_1,0.5000,0.949813
861,router_2_2,router_2_1,0.5000,0.949813
861,router_2_2,router_2_1,3.0001,0.949813
862,router_2_2,router_1_1,2.3001,0.875955
863,router_3_2,router_1_1,2.4000,0.811761
864,router_3_2,router_1_1,1.6000,0.813412
865,router_3_2,router_1_1,2.6000,0.811911
866,router_3_2,router_0_1,2.4000,0.753479
868,router_0_3,router_0_1,1.8000,0.876790
869,router_0_3,router_0_1,1.3000,0.877627
869,router_0_3,router_0_1,1.3000,0.877627
870,router_0_3,router_3_0,4.1001,0.653781
871,router_1_3,router_3_0,3.7001,0.698544
872,router_1_3,router_3_0,4.6001,0.696992
873,router_1_3,router_3_0,3.6000,0.698305
874,router_1_3,router_2_0,3.9001,0.752674
875,router_2_3,router_2_0,3.9001,0.810265
876,router_2_3,router_2_0,2.9000,0.810265
877,router_2_3,router_2_0,1.9000,0.812511
878,router_2_3,router_1_0,2.4000,0.753479
879,router_3_3,router_1_0,3.1000,0.700642
880,router_3_3,router_1_0,3.6000,0.698843
881,router_3_3,router_1_0,3.1000,0.700642
882,router_3_3,router_0_0,4.6001,0.649603
883,router_0_2,router_3_1,2.5001,0.754016
884,router_0_2,router_3_1,4.5001,0.751737
885,router_1_2,router_3_1,3.4000,0.811836
886,router_1_2,router_3_1,3.9001,0.805579
887,router_1_2,router_2_1,1.8000,0.877961
888,router_1_2,router_2_1,2.8001,0.874954
889,router_2_2,router_2_1,2.0000,0.949813
890,router_2_2,router_2_1,0.5000,0.949813
891,router_2_2,router_1_1,3.3001,0.874288
892,router_2_2,router_1_1,3.3001,0.874288
893,router_3_2,router_1_1,1.9000,0.813261
894,router_3_2,router_1_1,5.4001,0.802844
895,router_3_2,router_0_1,2.4000,0.753479
896,router_3_2,router_0_1,6.9002,0.744168
897,router_0_3,router_0_1,1.8000,0.877627
898,router_0_3,router_0_1,3.3001,0.874288
899,router_0_3,router_3_0,5.1001,0.648008
900,router_0_3,router_3_0,3.1001,0.654751
901,router_1_3,router_3_0,4.1001,0.696992
902,router_1_3,router_3_0,4.9001,0.694614
903,router_1_3,router_2_0,2.5001,0.753882
904,router_1_3,router_2_0,2.9000,0.752808
905,router_2_3,router_2_0,1.9000,0.812511
906,router_2_3,router_2_0,3.4001,0.808773
907,router_2_3,router_1_0,2.4000,0.754151
908,router_2_3,router_1_0,3.9001,0.749467
909,router_3_3,router_1_0,4.6001,0.695267
910,router_3_3,router_1_0,4.6001,0.697051
911,router_3_3,router_0_0,4.1001,0.651205
912,router_3_3,router_0_0,4.1001,0.652813
913,router_0_2,router_3_1,1.9000,0.754554
914,router_0_2,router_3_1,2.1000,0.754151
915,router_0_2,router_3_1,2.4000,0.753211
916,router_1_2,router_3_1,1.4000,0.813637
917,router_1_2,router_2_1,3.3001,0.874788
918,router_1_2,router_2_1,2.3001,0.877125
919,router_1_2,router_2_1,1.3000,0.877459
920,router_2_2,router_2_1,0.5000,0.949813
921,router_2_2,router_1_1,2.8001,0.875955
922,router_2_2,router_1_1,3.3001,0.877627
923,router_2_2,router_1_1,1.3000,0.877627
924,router_3_2,router_1_1,2.9001,0.810265
925,router_3_2,router_0_1,2.9000,0.752808
926,router_3_2,router_0_1,4.4001,0.748802
927,router_3_2,router_0_1,1.9000,0.754824
928,router_0_3,router_0_1,1.8000,0.876790
929,router_0_3,router_3_0,4.1001,0.652276
930,router_0_3,router_3_0,4.1001,0.652598
931,router_0_3,router_3_0,4.3001,0.651633
932,router_1_3,router_3_0,4.1001,0.697350
933,router_1_3,router_2_0,4.9001,0.748137
934,router_1_3,router_2_0,2.1000,0.754958
935,router_1_3,router_2_0,3.9001,0.751335
936,router_2_3,router_2_0,1.9000,0.811761
937,router_2_3,router_1_0,4.9001,0.746810
938,router_2_3,router_1_0,5.4001,0.746148
939,router_2_3,router_1_0,4.4001,0.748137
940,router_3_3,router_1_0,3.7001,0.700402
941,router_3_3,router_0_0,5.5001,0.649284
942,router_3_3,router_0_0,6.0001,0.650350
943,router_3_3,router_0_0,3.6000,0.653889
944,router_0_2,router_3_1,1.4000,0.755902
945,router_0_2,router_3_1,2.5000,0.753748
946,router_0_2,router_3_1,2.1000,0.754554
947,router_0_2,router_3_1,5.9001,0.743904
948,router_1_2,router_2_1,2.3000,0.876790
949,router_1_2,router_2_1,1.3000,0.878129
950,router_1_2,router_2_1,2.8001,0.874954
951,router_1_2,router_2_1,0.8000,0.878296
952,router_2_2,router_1_1,1.3000,0.878464
953,router_2_2,router_1_1,1.3000,0.877627
954,router_2_2,router_1_1,0.8000,0.878464
955,router_2_2,router_1_1,1.3000,0.877627
956,router_3_2,router_0_1,1.9000,0.754824
957,router_3_2,router_0_1,2.9000,0.752138
958,router_3_2,router_0_1,2.4000,0.753479
959,router_3_2,router_0_1,3.9001,0.750801
960,router_0_3,router_3_0,3.7001,0.652920
961,router_0_3,router_3_0,4.1001,0.652383
962,router_0_3,router_3_0,3.6000,0.652706
963,router_0_3,router_3_0,3.1000,0.654859
964,router_1_3,router_2_0,2.5001,0.753882
965,router_1_3,router_2_0,3.9001,0.749334
966,router_1_3,router_2_0,2.4000,0.754689
967,router_1_3,router_2_0,3.4001,0.750801
968,router_2_3,router_1_0,2.9000,0.753479
969,router_2_3,router_1_0,3.4001,0.750801
970,router_2_3,router_1_0,2.4000,0.753479
971,router_2_3,router_1_0,1.9000,0.754824
972,router_3_3,router_0_0,3.5001,0.653566
973,router_3_3,router_0_0,3.6000,0.653350
974,router_3_3,router_0_0,4.6001,0.650136
975,router_3_3,router_0_0,4.1001,0.652813
976,router_0_2,router_3_1,1.9000,0.754554
977,router_0_2,router_3_1,2.4000,0.754285
978,router_0_2,router_3_1,3.4001,0.751068
979,router_0_2,router_2_1,2.9000,0.810938
980,router_1_2,router_2_1,3.8001,0.873290
981,router_1_2,router_2_1,1.5000,0.878129
982,router_1_2,router_2_1,0.8000,0.878296
983,router_1_2,router_1_1,1.0000,0.949813
984,router_2_2,router_1_1,1.8000,0.877627
985,router_2_2,router_1_1,1.3000,0.877627
986,router_2_2,router_1_1,1.8000,0.876790
987,router_2_2,router_0_1,4.4001,0.805801
988,router_3_2,router_0_1,3.4001,0.751469
989,router_3_2,router_0_1,4.4001,0.750134
990,router_3_2,router_0_1,1.4000,0.756172
991,router_3_2,router_3_0,1.8000,0.876790
992,router_0_3,router_3_0,6.1001,0.648220
993,router_0_3,router_3_0,3.1000,0.654320
994,router_0_3,router_3_0,3.1001,0.655507
995,router_0_3,router_2_0,5.3001,0.694970
996,router_1_3,router_2_0,3.9001,0.752004
997,router_1_3,router_2_0,3.4001,0.750801
998,router_1_3,router_2_0,2.9001,0.755497
999,router_1_3,router_1_0,3.4001,0.808029
1000,router_2_3,router_1_0,3.4001,0.750801
1001,router_2_3,router_1_0,3.9001,0.749467
1002,router_2_3,router_1_0,2.9000,0.752138
1003,router_2_3,router_0_0,3.1000,0.701244
1004,router_3_3,router_0_0,3.5001,0.654643
1005,router_3_3,router_0_0,4.5001,0.651954
1006,router_3_3,router_0_0,5.6001,0.647478
1007,router_0_2,router_3_1,1.9000,0.754554
1008,router_0_2,router_3_1,1.9000,0.754554
1009,router_0_2,router_2_1,1.4000,0.813637
1010,router_0_2,router_2_1,1.7000,0.812286
1011,router_1_2,router_2_1,1.8001,0.876623
1012,router_1_2,router_2_1,1.9000,0.877459
1014,router_1_2,router_1_1,0.5000,0.949813
1014,router_1_2,router_1_1,0.5000,0.949813
1015,router_2_2,router_1_1,1.8000,0.877627
1016,router_2_2,router_1_1,0.8000,0.878464
1017,router_2_2,router_0_1,3.9001,0.806543
1018,router_2_2,router_0_1,3.4001,0.810265
1019,router_3_2,router_0_1,3.9001,0.750134
1020,router_3_2,router_0_1,1.9000,0.754824
1021,router_3_2,router_3_0,1.3000,0.877627
1022,router_3_2,router_3_0,1.3000,0.877627
1023,router_0_3,router_3_0,3.6000,0.652706
1024,router_0_3,router_3_0,4.6001,0.649603
1025,router_0_3,router_2_0,4.9001,0.694259
1026,router_0_3,router_2_0,4.1001,0.696396
1027,router_1_3,router_2_0,2.5001,0.753882
1028,router_1_3,router_2_0,2.4000,0.753882
1029,router_1_3,router_1_0,1.9000,0.812511
1030,router_1_3,router_1_0,2.4000,0.811761
1031,router_2_3,router_1_0,4.4001,0.749467
1032,router_2_3,router_1_0,3.9001,0.749467
1033,router_2_3,router_0_0,7.1001,0.687615
1034,router_2_3,router_0_0,5.6001,0.692898
1035,router_3_3,router_0_0,3.1000,0.654967
1036,router_3_3,router_0_0,6.0001,0.647690
1037,router_0_2,router_3_1,1.9000,0.755093
1038,router_0_2,router_2_1,2.9000,0.808550
1039,router_0_2,router_2_1,3.3001,0.807508
1040,router_0_2,router_2_1,2.2000,0.812436
1041,router_1_2,router_2_1,1.8001,0.877961
1043,router_1_2,router_1_1,0.5000,0.949813
1043,router_1_2,router_1_1,1.0000,0.949813
1044,router_1_2,router_1_1,1.5000,0.949813
1045,router_2_2,router_1_1,1.3000,0.877627
1046,router_2_2,router_0_1,3.6001,0.810415
1047,router_2_2,router_0_1,1.4000,0.813261
1048,router_2_2,router_0_1,2.4000,0.811761
1049,router_3_2,router_0_1,1.9000,0.754824
1050,router_3_2,router_3_0,1.3000,0.878464
1051,router_3_2,router_3_0,0.8000,0.878464
1052,router_3_2,router_3_0,2.8001,0.877627
1053,router_0_3,router_3_0,3.6000,0.653243
1054,router_0_3,router_2_0,6.1001,0.690249
1055,router_0_3,router_2_0,7.6002,0.686392
1056,router_0_3,router_2_0,3.1000,0.699982
1057,router_1_3,router_2_0,2.4000,0.754151
1058,router_1_3,router_1_0,2.4000,0.811013
1059,router_1_3,router_1_0,3.4001,0.808029
1060,router_1_3,router_1_0,3.9001,0.806543
1061,router_2_3,router_1_0,2.4000,0.754151
1062,router_2_3,router_0_0,2.6000,0.701846
1063,router_2_3,router_0_0,5.1001,0.692898
1064,router_2_3,router_0_0,4.1001,0.697648
1065,router_3_3,router_0_0,3.1000,0.655507
1066,router_0_2,router_2_1,3.4001,0.807657
1067,router_0_2,router_2_1,3.4001,0.810639
1068,router_0_2,router_2_1,2.4000,0.811836
1069,router_0_2,router_2_1,3.0001,0.812136
1070,router_1_2,router_1_1,1.5000,0.949813
1071,router_1_2,router_1_1,0.5000,0.949813
1072,router_1_2,router_1_1,1.0000,0.949813
1073,router_1_2,router_1_1,1.0000,0.949813
1074,router_2_2,router_0_1,2.4000,0.811013
1075,router_2_2,router_0_1,4.4001,0.808029
1076,router_2_2,router_0_1,1.4000,0.813261
1077,router_2_2,router_0_1,3.1001,0.811162
1079,router_3_2,router_3_0,1.3000,0.878464
1080,router_3_2,router_3_0,2.3001,0.876790
1081,router_3_2,router_3_0,2.2000,0.876122
1081,router_3_2,router_3_0,0.8000,0.878464
1082,router_0_3,router_2_0,5.1001,0.695207
1083,router_0_3,router_2_0,3.3001,0.700342
1084,router_0_3,router_2_0,4.6001,0.697350
1085,router_0_3,router_2_0,5.1001,0.697111
1086,router_1_3,router_1_0,8.6002,0.802992
1087,router_1_3,router_1_0,1.9000,0.812511
1088,router_1_3,router_1_0,1.4000,0.813261
1089,router_1_3,router_1_0,1.4000,0.813261
1090,router_2_3,router_0_0,3.6000,0.698843
1091,router_2_3,router_0_0,6.1001,0.693489
1092,router_2_3,router_0_0,4.6001,0.695861
1093,router_2_3,router_0_0,4.6001,0.694673
1094,router_3_1,router_2_1,2.0001,0.949813
1095,router_0_2,router_2_1,2.5001,0.811237
1096,router_0_2,router_2_1,2.1000,0.811088
1097,router_0_2,router_2_1,1.9000,0.811537
1098,router_0_2,router_1_1,1.1000,0.877961
1099,router_1_2,router_1_1,0.5000,0.949813
1100,router_1_2,router_1_1,1.5000,0.949813
1101,router_1_2,router_1_1,1.5000,0.949813
1102,router_1_2,router_0_1,1.8000,0.876790
1103,router_2_2,router_0_1,3.4001,0.807285
1104,router_2_2,router_0_1,1.9000,0.812511
1105,router_2_2,router_0_1,2.9000,0.811761
1106,router_2_2,router_3_0,3.9001,0.808401
1108,router_3_2,router_3_0,2.2000,0.876122
1108,router_3_2,router_3_0,1.3000,0.877627
1109,router_3_2,router_3_0,1.8000,0.876790
1110,router_3_2,router_2_0,1.9000,0.812511
1111,router_0_3,router_2_0,4.9001,0.696158
1112,router_0_3,router_2_0,3.6000,0.698185
1113,router_0_3,router_2_0,3.6000,0.698305
1114,router_0_3,router_1_0,2.9001,0.752138
1115,router_1_3,router_1_0,1.9000,0.812511
1116,router_1_3,router_1_0,4.4001,0.804321
1117,router_1_3,router_1_0,2.1000,0.812661
1118,router_1_3,router_0_0,1.9000,0.754824
1119,router_2_3,router_0_0,4.1001,0.697051
1120,router_2_3,router_0_0,4.6001,0.695861
1121,router_2_3,router_0_0,4.1001,0.697051
1122,router_3_1,router_2_1,1.0000,0.949813
1123,router_3_1,router_2_1,1.0000,0.949813
1124,router_0_2,router_2_1,5.4001,0.802329
1125,router_0_2,router_2_1,3.8001,0.810041
1126,router_0_2,router_1_1,1.8000,0.876623
1127,router_0_2,router_1_1,1.9001,0.877459
1128,router_1_2,router_1_1,1.0000,0.949813
1129,router_1_2,router_1_1,3.5001,0.949813
1130,router_1_2,router_0_1,1.8000,0.877627
1131,router_1_2,router_0_1,2.3001,0.875955
1132,router_2_2,router_0_1,2.4000,0.813261
1133,router_2_2,router_0_1,3.4001,0.809519
1134,router_2_2,router_3_0,3.4001,0.809892
1135,router_2_2,router_3_0,1.9000,0.811686
1137,router_3_2,router_3_0,2.2000,0.876122
1137,router_3_2,router_3_0,1.3000,0.877627
1138,router_3_2,router_2_0,1.9000,0.811761
1139,router_3_2,router_2_0,3.6001,0.810415
1140,router_0_3,router_2_0,3.6000,0.698783
1141,router_0_3,router_2_0,5.1001,0.693785
1142,router_0_3,router_1_0,1.9000,0.754689
1143,router_0_3,router_1_0,2.1000,0.754958
1144,router_1_3,router_1_0,2.9000,0.809519
1145,router_1_3,router_1_0,1.9000,0.812511
1146,router_1_3,router_0_0,4.4001,0.748137
1147,router_1_3,router_0_0,1.9000,0.754824
1148,router_2_3,router_0_0,5.1001,0.696456
1149,router_2_3,router_0_0,5.1001,0.694081
1150,router_3_1,router_2_1,1.5000,0.949813
1151,router_3_1,router_2_1,2.5001,0.949813
1152,router_3_1,router_2_1,1.5000,0.949813
1153,router_0_2,router_2_1,2.1001,0.812436
1154,router_0_2,router_1_1,0.8000,0.878296
1155,router_0_2,router_1_1,1.3000,0.878129
1156,router_0_2,router_1_1,2.3001,0.876456
1157,router_1_2,router_1_1,3.5001,0.949813
1158,router_1_2,router_0_1,2.3001,0.875955
1159,router_1_2,router_0_1,1.3000,0.877627
1160,router_1_2,router_0_1,1.3000,0.877627
1161,router_2_2,router_0_1,6.4001,0.800637
1162,router_2_2,router_3_0,1.9000,0.811686
1163,router_2_2,router_3_0,5.9001,0.806320
1164,router_2_2,router_3_0,1.9000,0.812436
1165,router_3_2,router_3_0,1.3000,0.878464
1166,router_3_2,router_2_0,6.9002,0.797708
1167,router_3_2,router_2_0,2.4000,0.811013
1168,router_3_2,router_2_0,3.9001,0.806543
1169,router_0_3,router_2_0,3.6000,0.698305
1170,router_0_3,router_1_0,2.9001,0.752138
1171,router_0_3,router_1_0,2.9001,0.754151
1172,router_0_3,router_1_0,2.4000,0.753882
1173,router_1_3,router_1_0,3.4001,0.808773
1174,router_1_3,router_0_0,2.4000,0.754151
1175,router_1_3,router_0_0,2.4000,0.754824
1176,router_1_3,router_0_0,3.9001,0.750134
1177,router_2_3,router_0_0,5.2001,0.698604
1178,router_3_1,router_2_1,0.5000,0.949813
1179,router_3_1,router_2_1,1.0000,0.949813
1180,router_3_1,router_2_1,0.5000,0.949813
1181,router_3_1,router_2_1,1.5000,0.949813
1182,router_0_2,router_1_1,1.5000,0.877292
1183,router_0_2,router_1_1,4.3001,0.873456
1184,router_0_2,router_1_1,1.8000,0.877292
1185,router_0_2,router_1_1,1.1000,0.877961
1186,router_1_2,router_0_1,1.3000,0.877627
1187,router_1_2,router_0_1,1.8000,0.876790
1188,router_1_2,router_0_1,2.8001,0.875955
1189,router_1_2,router_0_1,1.8000,0.877627
1190,router_2_2,router_3_0,4.4001,0.805727
1191,router_2_2,router_3_0,2.4000,0.810938
1192,router_2_2,router_3_0,3.9001,0.807062
1193,router_2_2,router_3_0,2.4000,0.812286
1194,router_3_2,router_2_0,1.9000,0.811761
1195,router_3_2,router_2_0,2.9000,0.810265
1196,router_3_2,router_2_0,3.1001,0.811162
1197,router_3_2,router_2_0,1.9000,0.812511
1198,router_0_3,router_1_0,2.5000,0.753211
1199,router_0_3,router_1_0,2.9000,0.752004
1200,router_0_3,router_1_0,3.4001,0.751469
1201,router_0_3,router_1_0,6.4001,0.742720
1202,router_1_3,router_0_0,5.4001,0.748137
1203,router_1_3,router_0_0,3.4001,0.753479
1204,router_1_3,router_0_0,1.9000,0.756172
1205,router_1_3,router_0_0,2.4000,0.754824
1207,router_3_1,router_2_1,2.0000,0.949813
1208,router_3_1,router_2_1,0.5000,0.949813
1208,router_3_1,router_2_1,1.5000,0.949813
1209,router_3_1,router_1_1,2.8001,0.875955
1210,router_0_2,router_1_1,1.3000,0.878129
1211,router_0_2,router_1_1,1.3000,0.877459
1212,router_0_2,router_1_1,3.3001,0.874122
1213,router_0_2,router_0_1,1.5000,0.949813
1214,router_1_2,router_0_1,1.8000,0.877627
1215,router_1_2,router_0_1,1.8000,0.877627
1216,router_1_2,router_0_1,1.8000,0.877627
1217,router_1_2,router_3_0,2.9001,0.753076
1218,router_2_2,router_3_0,2.6001,0.811986
1219,router_2_2,router_3_0,3.9001,0.807508
1220,router_2_2,router_3_0,2.4000,0.811537
1221,router_2_2,router_2_0,2.8001,0.875955
1222,router_3_2,router_2_0,1.9000,0.812511
1223,router_3_2,router_2_0,3.6001,0.811162
1224,router_3_2,router_2_0,2.6000,0.812661
1225,router_3_2,router_1_0,3.9001,0.749467
1226,router_0_3,router_1_0,1.9000,0.754689
1227,router_0_3,router_1_0,3.4001,0.752138
1228,router_0_3,router_1_0,3.9001,0.750534
1229,router_0_3,router_0_0,3.4001,0.809519
1230,router_1_3,router_0_0,3.9001,0.750134
1231,router_1_3,router_0_0,2.9000,0.753479
1232,router_1_3,router_0_0,2.4000,0.753479
1233,router_3_1,router_2_1,1.5000,0.949813
1234,router_3_1,router_2_1,0.5000,0.949813
1235,router_3_1,router_1_1,2.3001,0.877627
1236,router_3_1,router_1_1,3.3001,0.875955
1237,router_0_2,router_1_1,1.3000,0.878129
1238,router_0_2,router_1_1,3.3001,0.874122
1239,router_0_2,router_0_1,0.5000,0.949813
1239,router_0_2,router_0_1,0.5000,0.949813
1241,router_1_2,router_0_1,1.8000,0.876790
1242,router_1_2,router_0_1,2.3001,0.876790
1243,router_1_2,router_3_0,2.4000,0.753882
1244,router_1_2,router_3_0,5.7002,0.744563
1245,router_2_2,router_3_0,1.9000,0.812436
1246,router_2_2,router_3_0,1.9000,0.812436
1247,router_2_2,router_2_0,1.3000,0.877627
1248,router_2_2,router_2_0,1.8000,0.876790
1249,router_3_2,router_2_0,3.4001,0.808029
1250,router_3_2,router_2_0,2.4000,0.811761
1251,router_3_2,router_1_0,1.9000,0.754824
1252,router_3_2,router_1_0,3.9001,0.750134
1253,router_0_3,router_1_0,3.9001,0.749467
1254,router_0_3,router_1_0,2.9000,0.752674
1255,router_0_3,router_0_0,3.6001,0.810415
1256,router_0_3,router_0_0,5.6001,0.807434
1257,router_1_3,router_0_0,1.4000,0.756172
1258,router_1_3,router_0_0,2.9000,0.753479
1259,router_3_1,router_2_1,0.5000,0.949813
1260,router_3_1,router_1_1,2.3001,0.875955
1261,router_3_1,router_1_1,1.8000,0.876790
1262,router_3_1,router_1_1,1.3000,0.877627
1263,router_0_2,router_1_1,2.3001,0.875955
1264,router_0_2,router_0_1,1.0000,0.949813
1264,router_0_2,router_0_1,0.5000,0.949813
1266,router_0_2,router_0_1,0.5000,0.949813
1267,router_1_2,router_0_1,1.8000,0.876790
1268,router_1_2,router_3_0,4.1000,0.749867
1269,router_1_2,router_3_0,1.9000,0.754689
1270,router_1_2,router_3_0,1.7000,0.755228
1271,router_2_2,router_3_0,1.9000,0.813036
1272,router_2_2,router_2_0,0.8000,0.878464
1273,router_2_2,router_2_0,2.8001,0.875955
1274,router_2_2,router_2_0,1.8000,0.876790
1275,router_3_2,router_2_0,4.6001,0.808922
1276,router_3_2,router_1_0,2.4000,0.753479
1277,router_3_2,router_1_0,3.4001,0.751469
1278,router_3_2,router_1_0,2.4000,0.754151
1279,router_0_3,router_1_0,3.9001,0.750534
1280,router_0_3,router_0_0,1.9000,0.811761
1281,router_0_3,router_0_0,3.9001,0.808029
1282,router_0_3,router_0_0,3.9001,0.810265
1283,router_1_3,router_0_0,1.9000,0.754824
1284,router_3_1,router_1_1,1.8000,0.876790
1285,router_3_1,router_1_1,1.8000,0.876790
1286,router_3_1,router_1_1,2.3001,0.875955
1287,router_3_1,router_1_1,0.8000,0.878464
1288,router_0_2,router_0_1,1.0000,0.949813
1289,router_0_2,router_0_1,1.5000,0.949813
1290,router_0_2,router_0_1,1.0000,0.949813
1291,router_0_2,router_0_1,0.5000,0.949813
1292,router_1_2,router_3_0,3.4001,0.751335
1293,router_1_2,router_3_0,2.9001,0.752004
1294,router_1_2,router_3_0,2.9000,0.752004
1295,router_1_2,router_3_0,1.4000,0.756037
1296,router_2_2,router_2_0,2.3000,0.875955
1297,router_2_2,router_2_0,1.8000,0.876790
1298,router_2_2,router_2_0,1.8000,0.876790
1299,router_2_2,router_2_0,1.3000,0.877627
1300,router_3_2,router_1_0,1.4000,0.756172
1301,router_3_2,router_1_0,2.4000,0.754824
1302,router_3_2,router_1_0,2.4000,0.754151
1303,router_3_2,router_1_0,2.4000,0.754151
1304,router_0_3,router_0_0,1.4000,0.813261
1305,router_0_3,router_0_0,2.4000,0.811761
1306,router_0_3,router_0_0,1.6000,0.813412
1307,router_0_3,router_0_0,2.9001,0.810265
1308,router_2_1,router_1_1,0.5000,0.949813
1309,router_3_1,router_1_1,2.2000,0.876122
1310,router_3_1,router_1_1,0.8000,0.878464
1311,router_3_1,router_1_1,4.8001,0.872625
1312,router_3_1,router_0_1,1.6000,0.813412
1313,router_0_2,router_0_1,2.0000,0.949813
1313,router_0_2,router_0_1,0.5000,0.949813
1314,router_0_2,router_0_1,0.5000,0.949813
1316,router_0_2,router_3_0,5.1001,0.694377
1317,router_1_2,router_3_0,2.1000,0.754824
1318,router_1_2,router_3_0,2.9001,0.753748
1319,router_1_2,router_3_0,2.1000,0.754689
1320,router_1_2,router_2_0,1.4000,0.813186
1321,router_2_2,router_2_0,2.3000,0.875955
1322,router_2_2,router_2_0,4.3001,0.875955
1323,router_2_2,router_2_0,1.8000,0.877627
1324,router_2_2,router_1_0,2.6001,0.811911
1325,router_3_2,router_1_0,1.4000,0.756172
1326,router_3_2,router_1_0,2.9000,0.752808
1327,router_3_2,router_1_0,6.9002,0.742195
1328,router_3_2,router_0_0,5.1001,0.694081
1329,router_0_3,router_0_0,4.9001,0.807285
1330,router_0_3,router_0_0,2.4000,0.812511
1331,router_0_3,router_0_0,6.9002,0.799171
1333,router_2_1,router_1_1,1.5000,0.949813
1333,router_2_1,router_1_1,2.5001,0.949813
1334,router_3_1,router_1_1,1.8000,0.877627
1335,router_3_1,router_1_1,1.3000,0.877627
1336,router_3_1,router_0_1,3.9001,0.805801
1337,router_3_1,router_0_1,2.4000,0.811013
1338,router_0_2,router_0_1,0.5000,0.949813
1339,router_0_2,router_0_1,2.0000,0.949813
1340,router_0_2,router_3_0,5.1001,0.693312
1341,router_0_2,router_3_0,8.6002,0.682337
1342,router_1_2,router_3_0,2.4000,0.754689
1343,router_1_2,router_3_0,3.4001,0.752004
1344,router_1_2,router_2_0,3.9001,0.806468
1345,router_1_2,router_2_0,1.9000,0.811686
1346,router_2_2,router_2_0,2.3000,0.876790
1347,router_2_2,router_2_0,3.3001,0.875955
1348,router_2_2,router_1_0,3.6001,0.811162
1349,router_2_2,router_1_0,3.6001,0.810415
1350,router_3_2,router_1_0,3.9001,0.752138
1351,router_3_2,router_1_0,5.4001,0.746148
1352,router_3_2,router_0_0,3.1000,0.701244
1353,router_3_2,router_0_0,3.6000,0.698245
1354,router_0_3,router_0_0,2.4000,0.812511
1355,router_0_3,router_0_0,1.9000,0.813261
1356,router_2_1,router_1_1,1.0000,0.949813
1357,router_2_1,router_1_1,1.5000,0.949813
1358,router_2_1,router_1_1,0.5000,0.949813
1359,router_3_1,router_1_1,1.8000,0.877627
1360,router_3_1,router_0_1,5.4001,0.805801
1361,router_3_1,router_0_1,2.6000,0.811911
1362,router_3_1,router_0_1,1.9000,0.812511
1363,router_0_2,router_0_1,5.0001,0.949813
1364,router_0_2,router_3_0,3.7001,0.698783
1365,router_0_2,router_3_0,3.7001,0.699262
1366,router_0_2,router_3_0,4.5001,0.695920
1367,router_1_2,router_3_0,1.9000,0.755902
1368,router_1_2,router_2_0,3.8001,0.810191
1369,router_1_2,router_2_0,2.4000,0.810788
1370,router_1_2,router_2_0,2.2000,0.812586
1371,router_2_2,router_2_0,2.3000,0.876790
1372,router_2_2,router_1_0,1.9000,0.812511
1373,router_2_2,router_1_0,2.9000,0.810265
1374,router_2_2,router_1_0,1.9000,0.811761
1375,router_3_2,router_1_0,2.4000,0.753479
1376,router_3_2,router_0_0,3.6000,0.698843
1377,router_3_2,router_0_0,3.6000,0.698245
1378,router_3_2,router_0_0,3.1000,0.700642
1379,router_0_3,router_0_0,2.4000,0.811013
1380,router_2_1,router_1_1,1.5000,0.949813
1381,router_2_1,router_1_1,1.0000,0.949813
1382,router_2_1,router_1_1,3.0001,0.949813
1383,router_2_1,router_1_1,0.5000,0.949813
1384,router_3_1,router_0_1,1.4000,0.813261
1385,router_3_1,router_0_1,4.9001,0.806543
1386,router_3_1,router_0_1,2.4000,0.812511
1387,router_3_1,router_0_1,2.9000,0.811013
1388,router_0_2,router_3_0,3.1000,0.700462
1389,router_0_2,router_3_0,4.6001,0.694614
1390,router_0_2,router_3_0,5.6001,0.692603
1391,router_0_2,router_3_0,4.1001,0.698783
1392,router_1_2,router_2_0,3.4001,0.808997
1393,router_1_2,router_2_0,3.8001,0.811686
1394,router_1_2,router_2_0,5.4002,0.807805
1395,router_1_2,router_2_0,1.4000,0.813186
1396,router_2_2,router_1_0,1.9000,0.811761
1397,router_2_2,router_1_0,4.9001,0.803582
1398,router_2_2,router_1_0,2.9000,0.810265
1399,router_2_2,router_1_0,2.4000,0.811013
1400,router_3_2,router_0_0,5.1001,0.694673
1401,router_3_2,router_0_0,4.6001,0.695267
1402,router_3_2,router_0_0,2.6000,0.702449
1403,router_3_2,router_0_0,3.1000,0.700042
1404,router_2_1,router_1_1,0.5000,0.949813
1404,router_2_1,router_1_1,2.0001,0.949813
1406,router_2_1,router_1_1,0.5000,0.949813
1407,router_2_1,router_0_1,3.3001,0.875955
1408,router_3_1,router_0_1,1.9000,0.812511
1409,router_3_1,router_0_1,2.4000,0.811013
1410,router_3_1,router_0_1,3.9001,0.807285
1411,router_3_1,router_3_0,0.5000,0.949813
1412,router_0_2,router_3_0,4.9001,0.694022
1413,router_0_2,router_3_0,3.6000,0.698185
1414,router_0_2,router_3_0,3.3001,0.700222
1415,router_0_2,router_2_0,2.5001,0.753076
1416,router_1_2,router_2_0,1.9000,0.812886
1417,router_1_2,router_2_0,3.8001,0.810938
1418,router_1_2,router_2_0,2.6001,0.812736
1419,router_1_2,router_1_0,0.8000,0.878464
1420,router_2_2,router_1_0,4.4001,0.810265
1421,router_2_2,router_1_0,2.9000,0.810265
1422,router_2_2,router_1_0,1.9000,0.812511
1423,router_2_2,router_0_0,3.4001,0.750801
1424,router_3_2,router_0_0,8.1002,0.682395
1425,router_3_2,router_0_0,3.6000,0.699442
1426,router_3_2,router_0_0,7.6002,0.685868
1427,router_2_1,router_1_1,1.0000,0.949813
1428,router_2_1,router_1_1,0.5000,0.949813
1429,router_2_1,router_0_1,0.8000,0.878464
1430,router_2_1,router_0_1,1.3000,0.877627
1431,router_3_1,router_0_1,2.4000,0.811761
1432,router_3_1,router_0_1,4.4001,0.805060
1434,router_3_1,router_3_0,2.0000,0.949813
1434,router_3_1,router_3_0,2.0000,0.949813
1435,router_0_2,router_3_0,4.6001,0.695089
1436,router_0_2,router_3_0,3.1000,0.700462
1437,router_0_2,router_2_0,2.4000,0.754016
1438,router_0_2,router_2_0,3.4001,0.753211
1439,router_1_2,router_2_0,1.4000,0.813186
1440,router_1_2,router_2_0,2.2000,0.812586
1441,router_1_2,router_1_0,1.8000,0.878464
1442,router_1_2,router_1_0,2.3001,0.877627
1443,router_2_2,router_1_0,2.6001,0.811911
1444,router_2_2,router_1_0,2.9001,0.811761
1445,router_2_2,router_0_0,2.4000,0.754151
1446,router_2_2,router_0_0,1.9000,0.755497
1447,router_3_2,router_0_0,4.6001,0.695861
1448,router_3_2,router_0_0,3.6000,0.698843
1449,router_2_1,router_1_1,0.5000,0.949813
1450,router_2_1,router_0_1,2.3001,0.877627
1451,router_2_1,router_0_1,1.3000,0.877627
1452,router_2_1,router_0_1,1.3000,0.877627
1453,router_3_1,router_0_1,3.4001,0.807285
1455,router_3_1,router_3_0,0.5000,0.949813
1456,router_3_1,router_3_0,0.5000,0.949813
1456,router_3_1,router_3_0,1.5000,0.949813
1457,router_0_2,router_3_0,4.6001,0.695564
1458,router_0_2,router_2_0,4.4001,0.749201
1459,router_0_2,router_2_0,2.5000,0.753076
1460,router_0_2,router_2_0,2.4000,0.754016
1461,router_1_2,router_2_0,1.8000,0.813186
1462,router_1_2,router_1_0,1.3000,0.877627
1463,router_1_2,router_1_0,1.3000,0.877627
1464,router_1_2,router_1_0,1.8000,0.877627
1465,router_2_2,router_1_0,2.4000,0.811013
1466,router_2_2,router_0_0,3.4001,0.751469
1467,router_2_2,router_0_0,2.4000,0.754151
1468,router_2_2,router_0_0,2.9000,0.753479
1469,router_3_2,router_0_0,6.6001,0.690542
1470,router_2_1,router_0_1,1.3000,0.877627
1471,router_2_1,router_0_1,2.8001,0.875121
1472,router_2_1,router_0_1,2.3001,0.875955
1473,router_2_1,router_0_1,0.8000,0.878464
1474,router_3_1,router_3_0,5.5001,0.949813
1475,router_3_1,router_3_0,1.0000,0.949813
1476,router_3_1,router_3_0,1.0000,0.949813
1477,router_3_1,router_3_0,2.5001,0.949813
1478,router_0_2,router_2_0,1.9000,0.755362
1479,router_0_2,router_2_0,3.9001,0.750000
1480,router_0_2,router_2_0,2.5000,0.754689
1481,router_0_2,router_2_0,2.5000,0.753076
1482,router_1_2,router_1_0,2.8001,0.875121
1483,router_1_2,router_1_0,1.3000,0.877627
1484,router_1_2,router_1_0,2.8001,0.875121
1485,router_1_2,router_1_0,3.3001,0.874288
1486,router_2_2,router_0_0,1.9000,0.754824
1487,router_2_2,router_0_0,1.9000,0.755497
1488,router_2_2,router_0_0,2.4000,0.754151
1489,router_2_2,router_0_0,1.9000,0.754824
1490,router_1_1,router_0_1,2.5001,0.949813
1491,router_2_1,router_0_1,1.8000,0.876790
1492,router_2_1,router_0_1,2.3001,0.876790
1493,router_2_1,router_0_1,0.8000,0.878464
1494,router_2_1,router_3_0,4.3001,0.872459
1495,router_3_1,router_3_0,1.5000,0.949813
1496,router_3_1,router_3_0,0.5000,0.949813
1497,router_3_1,router_3_0,1.0000,0.949813
1498,router_3_1,router_2_0,1.3000,0.877627
1499,router_0_2,router_2_0,2.4000,0.754554
1500,router_0_2,router_2_0,2.4000,0.753345
1501,router_0_2,router_2_0,2.9001,0.753076
1502,router_0_2,router_1_0,4.9001,0.804099
1503,router_1_2,router_1_0,2.8001,0.875121
1504,router_1_2,router_1_0,1.3000,0.877627
1505,router_1_2,router_1_0,2.3001,0.877627
1506,router_1_2,router_0_0,2.4000,0.811761
1507,router_2_2,router_0_0,4.9001,0.747473
1508,router_2_2,router_0_0,2.9000,0.752138
1509,router_2_2,router_0_0,2.4000,0.754151
1510,router_1_1,router_0_1,1.5000,0.949813
1511,router_1_1,router_0_1,2.5001,0.949813
1512,router_2_1,router_0_1,1.3000,0.877627
1513,router_2_1,router_0_1,4.8001,0.875121
1514,router_2_1,router_3_0,1.5000,0.878129
1515,router_2_1,router_3_0,1.9001,0.878296
1517,router_3_1,router_3_0,0.5000,0.949813
1517,router_3_1,router_3_0,0.5000,0.949813
1519,router_3_1,router_2_0,1.8000,0.876790
1519,router_3_1,router_2_0,1.3000,0.877627
1520,router_0_2,router_2_0,1.9000,0.754689
1521,router_0_2,router_2_0,2.9001,0.752004
1522,router_0_2,router_1_0,2.9000,0.808699
1523,router_0_2,router_1_0,2.4000,0.810191
1524,router_1_2,router_1_0,0.8000,0.878464
1525,router_1_2,router_1_0,4.3001,0.875121
1526,router_1_2,router_0_0,2.4000,0.812511
1527,router_1_2,router_0_0,1.4000,0.813261
1528,router_2_2,router_0_0,3.4001,0.751469
1529,router_2_2,router_0_0,2.4000,0.754151
1530,router_1_1,router_0_1,2.0000,0.949813
1531,router_1_1,router_0_1,1.5000,0.949813
1532,router_1_1,router_0_1,0.5000,0.949813
1533,router_2_1,router_0_1,2.8001,0.875121
1534,router_2_1,router_3_0,0.8000,0.878296
1535,router_2_1,router_3_0,2.3001,0.875955
1536,router_2_1,router_3_0,0.8000,0.878296
1537,router_3_1,router_3_0,1.0000,0.949813
1538,router_3_1,router_2_0,1.3000,0.877627
1539,router_3_1,router_2_0,2.8001,0.876790
1540,router_3_1,router_2_0,1.8000,0.877627
1541,router_0_2,router_2_0,3.3001,0.752004
1542,router_0_2,router_1_0,2.4000,0.810191
1543,router_0_2,router_1_0,4.4001,0.808252
1544,router_0_2,router_1_0,1.4000,0.813186
1545,router_1_2,router_1_0,0.8000,0.878464
1546,router_1_2,router_0_0,2.4000,0.811013
1547,router_1_2,router_0_0,1.9000,0.811761
1548,router_1_2,router_0_0,3.9001,0.808029
1549,router_2_2,router_0_0,2.9000,0.752808
1550,router_1_1,router_0_1,0.5000,0.949813
1551,router_1_1,router_0_1,0.5000,0.949813
1552,router_1_1,router_0_1,1.5000,0.949813
1553,router_1_1,router_0_1,1.0000,0.949813
1554,router_2_1,router_3_0,0.8000,0.878296
1555,router_2_1,router_3_0,2.7001,0.875288
1556,router_2_1,router_3_0,1.8000,0.877292
1557,router_2_1,router_3_0,1.8000,0.877961
1558,router_3_1,router_2_0,3.3001,0.874288
1559,router_3_1,router_2_0,2.3001,0.876790
1560,router_3_1,router_2_0,1.3000,0.877627
1561,router_3_1,router_2_0,3.8001,0.875955
1562,router_0_2,router_1_0,2.4000,0.810938
1563,router_0_2,router_1_0,2.9000,0.809444
1564,router_0_2,router_1_0,1.4000,0.813787
1565,router_0_2,router_1_0,3.4001,0.807954
1566,router_1_2,router_0_0,3.4001,0.808773
1567,router_1_2,router_0_0,2.4000,0.811761
1568,router_1_2,router_0_0,4.4001,0.805060
1569,router_1_2,router_0_0,1.9000,0.813261
1570,router_1_1,router_0_1,1.0000,0.949813
1571,router_1_1,router_0_1,0.5000,0.949813
1572,router_1_1,router_0_1,1.5000,0.949813
1573,router_1_1,router_3_0,2.1000,0.811088
1574,router_2_1,router_3_0,0.8000,0.878296
1575,router_2_1,router_3_0,0.8000,0.878296
1576,router_2_1,router_3_0,0.8000,0.878296
1577,router_2_1,router_2_0,1.0000,0.949813
1578,router_3_1,router_2_0,1.3000,0.877627
1579,router_3_1,router_2_0,1.3000,0.877627
1580,router_3_1,router_2_0,2.8001,0.875121
1581,router_3_1,router_1_0,3.4001,0.808773
1582,router_0_2,router_1_0,4.4001,0.804986
1583,router_0_2,router_1_0,1.9000,0.811686
1584,router_0_2,router_1_0,3.0001,0.811387
1585,router_0_2,router_0_0,2.8001,0.875955
1586,router_1_2,router_0_0,4.1001,0.811162
1587,router_1_2,router_0_0,3.4001,0.808029
1588,router_1_2,router_0_0,2.9000,0.810265
1590,router_1_1,router_0_1,1.0000,0.949813
1590,router_1_1,router_0_1,2.0000,0.949813
1591,router_1_1,router_3_0,1.8000,0.813036
1592,router_1_1,router_3_0,1.4000,0.813036
1593,router_2_1,router_3_0,3.1000,0.877962
1594,router_2_1,router_3_0,1.9000,0.876623
1595,router_2_1,router_2_0,3.0001,0.949813
1596,router_2_1,router_2_0,0.5000,0.949813
1597,router_3_1,router_2_0,5.3001,0.870967
1598,router_3_1,router_2_0,1.8000,0.876790
1599,router_3_1,router_1_0,1.9000,0.812511
1600,router_3_1,router_1_0,1.6000,0.813412
1601,router_0_2,router_1_0,2.9001,0.810489
1602,router_0_2,router_1_0,1.9000,0.812436
1603,router_0_2,router_0_0,2.3000,0.876790
1604,router_0_2,router_0_0,1.3000,0.878464
1605,router_1_2,router_0_0,4.9001,0.808773
1606,router_1_2,router_0_0,2.4000,0.810265
1607,router_1_1,router_0_1,1.0000,0.949813
1608,router_1_1,router_3_0,1.7000,0.812286
1609,router_1_1,router_3_0,2.5000,0.810639
1610,router_1_1,router_3_0,2.2000,0.812586
1611,router_2_1,router_3_0,2.7001,0.875288
1613,router_2_1,router_2_0,0.5000,0.949813
1614,router_2_1,router_2_0,1.5000,0.949813
1614,router_2_1,router_2_0,0.5000,0.949813
1615,router_3_1,router_2_0,2.3001,0.875955
1616,router_3_1,router_1_0,1.6000,0.813412
1617,router_3_1,router_1_0,3.4001,0.808029
1618,router_3_1,router_1_0,2.1000,0.812661
1619,router_0_2,router_1_0,4.2001,0.809593
1620,router_0_2,router_0_0,1.3000,0.877627
1621,router_0_2,router_0_0,2.3001,0.875955
1622,router_0_2,router_0_0,0.8000,0.878464
1623,router_1_2,router_0_0,2.4000,0.811013
1624,router_1_1,router_3_0,1.4000,0.813637
1625,router_1_1,router_3_0,1.7000,0.812886
1626,router_1_1,router_3_0,2.9000,0.808550
1627,router_1_1,router_3_0,1.9000,0.811537
1628,router_2_1,router_2_0,4.5001,0.949813
1629,router_2_1,router_2_0,0.5000,0.949813
1630,router_2_1,router_2_0,0.5000,0.949813
1631,router_2_1,router_2_0,3.5001,0.949813
1632,router_3_1,router_1_0,2.9000,0.808773
1633,router_3_1,router_1_0,1.4000,0.813261
1634,router_3_1,router_1_0,4.1001,0.809668
1635,router_3_1,router_1_0,2.1000,0.813412
1636,router_0_2,router_0_0,2.3000,0.875955
1637,router_0_2,router_0_0,0.8000,0.878464
1638,router_0_2,router_0_0,2.3001,0.875955
1639,router_0_2,router_0_0,0.8000,0.878464
1640,router_0_1,router_3_0,2.4000,0.753748
1641,router_1_1,router_3_0,1.7000,0.812286
1642,router_1_1,router_3_0,1.4000,0.813036
1643,router_1_1,router_3_0,2.1000,0.811088
1644,router_1_1,router_2_0,0.8000,0.878296
1645,router_2_1,router_2_0,2.5001,0.949813
1645,router_2_1,router_2_0,0.5000,0.949813
1647,router_2_1,router_2_0,4.0001,0.949813
1648,router_2_1,router_1_0,1.3000,0.877627
1649,router_3_1,router_1_0,3.1001,0.811162
1650,router_3_1,router_1_0,1.4000,0.813261
1651,router_3_1,router_1_0,2.4000,0.810265
1652,router_3_1,router_0_0,1.9000,0.755497
1653,router_0_2,router_0_0,2.2000,0.877794
1654,router_0_2,router_0_0,1.3000,0.877627
1655,router_0_2,router_0_0,2.3001,0.875955
1656,router_0_1,router_3_0,2.5001,0.754285
1657,router_0_1,router_3_0,3.3001,0.750801
1658,router_1_1,router_3_0,2.1000,0.811687
1659,router_1_1,router_3_0,1.8000,0.813186
1660,router_1_1,router_2_0,1.3000,0.877459
1661,router_1_1,router_2_0,1.8000,0.876623
1663,router_2_1,router_2_0,0.5000,0.949813
1663,router_2_1,router_2_0,1.0000,0.949813
1664,router_2_1,router_1_0,2.8001,0.875121
1665,router_2_1,router_1_0,1.3000,0.878464
1666,router_3_1,router_1_0,1.9000,0.812511
1667,router_3_1,router_1_0,2.1000,0.812661
1668,router_3_1,router_0_0,2.4000,0.753479
1669,router_3_1,router_0_0,2.4000,0.754151
1670,router_0_2,router_0_0,1.3000,0.878464
1671,router_0_2,router_0_0,0.8000,0.878464
1672,router_0_1,router_3_0,3.7001,0.751068
1673,router_0_1,router_3_0,2.9001,0.752004
1674,router_0_1,router_3_0,4.1001,0.749867
1675,router_1_1,router_3_0,2.5001,0.811986
1676,router_1_1,router_2_0,1.3000,0.877459
1677,router_1_1,router_2_0,0.8000,0.878296
1678,router_1_1,router_2_0,0.8000,0.878296
1679,router_2_1,router_2_0,2.0000,0.949813
1680,router_2_1,router_1_0,1.3000,0.877627
1681,router_2_1,router_1_0,1.8000,0.877627
1682,router_2_1,router_1_0,2.8001,0.875121
1683,router_3_1,router_1_0,2.4000,0.811013
1684,router_3_1,router_0_0,1.9000,0.755497
1685,router_3_1,router_0_0,2.4000,0.754151
1686,router_3_1,router_0_0,2.4000,0.754151
1687,router_0_2,router_0_0,1.3000,0.878464
1688,router_0_1,router_3_0,4.9001,0.746678
1689,router_0_1,router_3_0,1.7000,0.755093
1690,router_0_1,router_3_0,2.5000,0.754016
1691,router_0_1,router_3_0,2.4000,0.753211
1692,router_1_1,router_2_0,3.3001,0.874788
1693,router_1_1,router_2_0,1.5000,0.878129
1694,router_1_1,router_2_0,3.8001,0.877292
1695,router_1_1,router_2_0,2.8001,0.874954
1696,router_2_1,router_1_0,1.3000,0.877627
1697,router_2_1,router_1_0,1.3000,0.877627
1698,router_2_1,router_1_0,1.3000,0.877627
1699,router_2_1,router_1_0,3.3001,0.874288
1700,router_3_1,router_0_0,2.4000,0.754151
1701,router_3_1,router_0_0,3.4001,0.752138
1702,router_3_1,router_0_0,2.4000,0.753479
1703,router_3_1,router_0_0,4.4001,0.748137
1704,router_0_1,router_3_0,2.9001,0.753076
1705,router_0_1,router_3_0,2.1000,0.754016
1706,router_0_1,router_3_0,3.4001,0.750534
1707,router_0_1,router_2_0,2.4000,0.811237
1708,router_1_1,router_2_0,0.8000,0.878296
1709,router_1_1,router_2_0,2.3001,0.875788
1710,router_1_1,router_2_0,1.8000,0.877292
1711,router_1_1,router_1_0,0.5000,0.949813
1712,router_2_1,router_1_0,1.8000,0.877627
1713,router_2_1,router_1_0,1.3000,0.877627
1714,router_2_1,router_1_0,2.3001,0.875955
1715,router_2_1,router_0_0,2.1000,0.813412
1716,router_3_1,router_0_0,3.4001,0.752138
1717,router_3_1,router_0_0,2.9000,0.752138
1718,router_3_1,router_0_0,2.4000,0.754151
1719,router_0_1,router_3_0,4.9001,0.746678
1720,router_0_1,router_3_0,2.5000,0.754151
1721,router_0_1,router_2_0,4.1001,0.807657
1722,router_0_1,router_2_0,2.4000,0.810639
1723,router_1_1,router_2_0,0.8000,0.878296
1724,router_1_1,router_2_0,1.1000,0.877961
1725,router_1_1,router_1_0,1.0000,0.949813
1726,router_1_1,router_1_0,1.0000,0.949813
1727,router_2_1,router_1_0,0.8000,0.878464
1728,router_2_1,router_1_0,2.3000,0.876790
1729,router_2_1,router_0_0,2.1000,0.812661
1730,router_2_1,router_0_0,2.9001,0.811761
1731,router_3_1,router_0_0,2.4000,0.753479
1732,router_3_1,router_0_0,3.4001,0.754151
1733,router_0_1,router_3_0,2.9001,0.751870
1734,router_0_1,router_2_0,2.4000,0.810639
1735,router_0_1,router_2_0,3.3001,0.811387
1736,router_0_1,router_2_0,2.2000,0.812436
1737,router_1_1,router_2_0,3.5001,0.875621
1739,router_1_1,router_1_0,1.0000,0.949813
1740,router_1_1,router_1_0,0.5000,0.949813
1740,router_1_1,router_1_0,0.5000,0.949813
1741,router_2_1,router_1_0,2.3001,0.876790
1742,router_2_1,router_0_0,1.9000,0.813261
1743,router_2_1,router_0_0,1.9000,0.812511
1744,router_2_1,router_0_0,2.9000,0.810265
1745,router_3_1,router_0_0,2.9000,0.752138
1746,router_0_1,router_2_0,4.1001,0.805727
1747,router_0_1,router_2_0,1.4000,0.813036
1748,router_0_1,router_2_0,2.4000,0.811237
1749,router_0_1,router_2_0,1.4000,0.813036
1751,router_1_1,router_1_0,1.5000,0.949813
1752,router_1_1,router_1_0,1.5000,0.949813
1753,router_1_1,router_1_0,1.0000,0.949813
1753,router_1_1,router_1_0,1.0000,0.949813
1754,router_2_1,router_0_0,3.9001,0.806543
1755,router_2_1,router_0_0,2.9000,0.808773
1756,router_2_1,router_0_0,1.6000,0.813412
1757,router_2_1,router_0_0,3.9001,0.805801
1758,router_3_0,router_2_0,2.0000,0.949813
1759,router_0_1,router_2_0,2.4000,0.811836
1760,router_0_1,router_2_0,1.8000,0.813036
1761,router_0_1,router_2_0,2.2001,0.812436
1762,router_0_1,router_1_0,5.5002,0.870636
1763,router_1_1,router_1_0,1.0000,0.949813
1764,router_1_1,router_1_0,1.0000,0.949813
1765,router_1_1,router_1_0,0.5000,0.949813
1766,router_1_1,router_0_0,2.3001,0.875955
1767,router_2_1,router_0_0,2.6001,0.811911
1768,router_2_1,router_0_0,1.4000,0.813261
1769,router_2_1,router_0_0,2.4000,0.810265
1770,router_3_0,router_2_0,1.0000,0.949813
1771,router_3_0,router_2_0,1.0000,0.949813
1772,router_0_1,router_2_0,4.1001,0.805727
1773,router_0_1,router_2_0,3.3001,0.808103
1774,router_0_1,router_1_0,1.8000,0.876623
1775,router_0_1,router_1_0,1.9001,0.876623
1777,router_1_1,router_1_0,1.0000,0.949813
1777,router_1_1,router_1_0,1.0000,0.949813
1778,router_1_1,router_0_0,2.3001,0.875955
1779,router_1_1,router_0_0,2.3001,0.876790
1780,router_2_1,router_0_0,3.1001,0.811162
1781,router_2_1,router_0_0,3.4001,0.809519
1783,router_3_0,router_2_0,1.5000,0.949813
1784,router_3_0,router_2_0,1.0000,0.949813
1784,router_3_0,router_2_0,1.0000,0.949813
1785,router_0_1,router_2_0,2.9001,0.811237
1786,router_0_1,router_1_0,1.8000,0.876623
1787,router_0_1,router_1_0,1.1000,0.877961
1788,router_0_1,router_1_0,1.3000,0.878129
1789,router_1_1,router_1_0,2.0000,0.949813
1790,router_1_1,router_0_0,4.3001,0.874288
1791,router_1_1,router_0_0,1.3000,0.877627
1792,router_1_1,router_0_0,1.3000,0.877627
1793,router_2_1,router_0_0,3.1001,0.811162
1795,router_3_0,router_2_0,2.0000,0.949813
1796,router_3_0,router_2_0,1.0000,0.949813
1797,router_3_0,router_2_0,2.0000,0.949813
1797,router_3_0,router_2_0,1.5000,0.949813
1798,router_0_1,router_1_0,1.1000,0.877961
1799,router_0_1,router_1_0,1.8000,0.876623
1800,router_0_1,router_1_0,1.5000,0.877292
1801,router_0_1,router_1_0,1.3000,0.877459
1802,router_1_1,router_0_0,2.3001,0.875955
1803,router_1_1,router_0_0,1.3000,0.877627
1804,router_1_1,router_0_0,2.8001,0.875121
1805,router_1_1,router_0_0,2.3001,0.877627
1806,router_3_0,router_2_0,1.5000,0.949813
1807,router_3_0,router_2_0,2.0000,0.949813
1808,router_3_0,router_2_0,1.0000,0.949813
1809,router_3_0,router_1_0,1.3000,0.878464
1810,router_0_1,router_1_0,1.3000,0.878129
1811,router_0_1,router_1_0,1.3000,0.877459
1812,router_0_1,router_1_0,0.8000,0.878296
1813,router_0_1,router_0_0,2.0000,0.949813
1814,router_1_1,router_0_0,1.3000,0.877627
1815,router_1_1,router_0_0,3.8001,0.873456
1816,router_1_1,router_0_0,2.8001,0.875121
1818,router_3_0,router_2_0,3.0001,0.949813
1818,router_3_0,router_2_0,1.5000,0.949813
1819,router_3_0,router_1_0,1.3000,0.878464
1820,router_3_0,router_1_0,0.8000,0.878464
1821,router_0_1,router_1_0,2.8001,0.876289
1822,router_0_1,router_1_0,1.8000,0.876623
1823,router_0_1,router_0_0,1.5000,0.949813
1824,router_0_1,router_0_0,0.5000,0.949813
1825,router_1_1,router_0_0,0.8000,0.878464
1826,router_1_1,router_0_0,0.8000,0.878464
1827,router_3_0,router_2_0,0.5000,0.949813
1828,router_3_0,router_1_0,1.3000,0.877627
1829,router_3_0,router_1_0,1.3000,0.877627
1830,router_3_0,router_1_0,2.3001,0.875955
1831,router_0_1,router_1_0,2.3001,0.877627
1832,router_0_1,router_0_0,1.0000,0.949813
1833,router_0_1,router_0_0,0.5000,0.949813
1834,router_0_1,router_0_0,0.5000,0.949813
1835,router_1_1,router_0_0,0.8000,0.878464
1836,router_3_0,router_1_0,2.3001,0.876790
1837,router_3_0,router_1_0,0.8000,0.878464
1838,router_3_0,router_1_0,4.3001,0.872625
1839,router_3_0,router_1_0,2.3001,0.875955
1840,router_0_1,router_0_0,0.5000,0.949813
1840,router_0_1,router_0_0,2.0000,0.949813
1841,router_0_1,router_0_0,1.0000,0.949813
1842,router_0_1,router_0_0,4.0001,0.949813
1844,router_2_0,router_1_0,0.5000,0.949813
1845,router_3_0,router_1_0,1.8000,0.877627
1846,router_3_0,router_1_0,2.3001,0.876790
1847,router_3_0,router_1_0,2.8001,0.875955
1848,router_3_0,router_0_0,4.1001,0.809668
1849,router_0_1,router_0_0,0.5000,0.949813
1850,router_0_1,router_0_0,1.0000,0.949813
1851,router_0_1,router_0_0,1.5000,0.949813
1852,router_2_0,router_1_0,0.5000,0.949813
1853,router_2_0,router_1_0,0.5000,0.949813
1854,router_3_0,router_1_0,1.3000,0.877627
1855,router_3_0,router_1_0,6.8002,0.868488
1856,router_3_0,router_0_0,6.6002,0.805949
1857,router_3_0,router_0_0,2.6000,0.811911
1858,router_0_1,router_0_0,1.5000,0.949813
1859,router_0_1,router_0_0,1.0000,0.949813
1860,router_2_0,router_1_0,0.5000,0.949813
1861,router_2_0,router_1_0,0.5000,0.949813
1862,router_2_0,router_1_0,0.5000,0.949813
1863,router_3_0,router_1_0,2.3001,0.876790
1864,router_3_0,router_0_0,1.6000,0.813412
1865,router_3_0,router_0_0,2.9001,0.808773
1866,router_3_0,router_0_0,1.4000,0.813261
1867,router_0_1,router_0_0,1.0000,0.949813
1868,router_2_0,router_1_0,0.5000,0.949813
1870,router_2_0,router_1_0,1.5000,0.949813
1871,router_2_0,router_1_0,0.5000,0.949813
1871,router_2_0,router_1_0,1.5000,0.949813
1872,router_3_0,router_0_0,2.6001,0.811911
1873,router_3_0,router_0_0,2.4000,0.812511
1874,router_3_0,router_0_0,1.9000,0.811761
1875,router_3_0,router_0_0,2.6000,0.811911
1876,router_2_0,router_1_0,3.5001,0.949813
1877,router_2_0,router_1_0,1.0000,0.949813
1878,router_2_0,router_1_0,0.5000,0.949813
1879,router_2_0,router_0_0,2.3001,0.877627
1880,router_3_0,router_0_0,2.4000,0.811013
1881,router_3_0,router_0_0,5.9001,0.799904
1882,router_3_0,router_0_0,1.9000,0.812511
1883,router_2_0,router_1_0,1.0000,0.949813
1884,router_2_0,router_1_0,0.5000,0.949813
1885,router_2_0,router_0_0,1.3000,0.877627
1886,router_2_0,router_0_0,3.3001,0.874288
1887,router_3_0,router_0_0,1.4000,0.813261
1888,router_3_0,router_0_0,1.9000,0.811761
1889,router_2_0,router_1_0,1.5000,0.949813
1890,router_2_0,router_0_0,1.3000,0.877627
1891,router_2_0,router_0_0,1.8000,0.877627
1892,router_2_0,router_0_0,3.3001,0.876790
1893,router_3_0,router_0_0,2.4000,0.810265
1894,router_2_0,router_0_0,1.3000,0.877627
1895,router_2_0,router_0_0,2.3001,0.875955
1896,router_2_0,router_0_0,2.3000,0.875955
1897,router_2_0,router_0_0,2.3001,0.875955
1898,router_1_0,router_0_0,0.5000,0.949813
1899,router_2_0,router_0_0,1.3000,0.877627
1900,router_2_0,router_0_0,1.8000,0.877627
1901,router_2_0,router_0_0,5.3001,0.871796
1902,router_1_0,router_0_0,0.5000,0.949813
1903,router_1_0,router_0_0,1.0000,0.949813
1904,router_2_0,router_0_0,0.8000,0.878464
1905,router_2_0,router_0_0,0.8000,0.878464
1906,router_1_0,router_0_0,1.0000,0.949813
1907,router_1_0,router_0_0,2.0000,0.949813
1908,router_1_0,router_0_0,1.5000,0.949813
1909,router_2_0,router_0_0,0.8000,0.878464
1910,router_1_0,router_0_0,0.5000,0.949813
1911,router_1_0,router_0_0,1.5000,0.949813
1912,router_1_0,router_0_0,2.0000,0.949813
1913,router_1_0,router_0_0,1.5000,0.949813
1914,router_1_0,router_0_0,0.5000,0.949813
1915,router_1_0,router_0_0,4.5001,0.949813
1916,router_1_0,router_0_0,0.5000,0.949813
1918,router_1_0,router_0_0,2.5001,0.949813
1918,router_1_0,router_0_0,1.0000,0.949813
1919,router_1_0,router_0_0,2.0000,0.949813
1920,router_0_0,router_1_0,1.2000,0.949813
1921,router_0_0,router_1_0,0.8000,0.949813
1922,router_0_0,router_1_0,1.2000,0.949813
1923,router_0_0,router_1_0,1.2000,0.949813
1924,router_0_0,router_1_0,2.0001,0.949813
1925,router_0_0,router_1_0,0.4000,0.949813
1926,router_0_0,router_1_0,1.2000,0.949813
1927,router_0_0,router_1_0,0.4000,0.949813
1928,router_0_0,router_1_0,0.4000,0.949813
1929,router_0_0,router_1_0,1.2000,0.949813
1930,router_0_0,router_1_0,2.0001,0.949813
1931,router_0_0,router_1_0,0.8000,0.949813
1932,router_0_0,router_1_0,0.4000,0.949813
1933,router_0_0,router_1_0,0.8000,0.949813
1934,router_0_0,router_1_0,0.4000,0.949813
1935,router_0_0,router_1_0,0.4000,0.949813
1936,router_0_0,router_1_0,0.8000,0.949813
1937,router_0_0,router_1_0,0.4000,0.949813
1938,router_0_0,router_1_0,1.6000,0.949813
1939,router_0_0,router_1_0,0.4000,0.949813
1940,router_0_0,router_1_0,2.0001,0.949813
1941,router_0_0,router_1_0,1.6000,0.949813
1942,router_0_0,router_2_0,1.5000,0.877125
1943,router_0_0,router_1_0,1.6000,0.949813
1944,router_0_0,router_1_0,0.4000,0.949813
1945,router_0_0,router_1_0,0.4000,0.949813
1946,router_0_0,router_1_0,0.4000,0.949813
1947,router_0_0,router_2_0,1.9001,0.877125
1948,router_1_0,router_0_0,1.0000,0.949813
1949,router_0_0,router_1_0,2.0001,0.949813
1950,router_0_0,router_1_0,1.2000,0.949813
1951,router_0_0,router_2_0,0.7000,0.878464
1952,router_0_0,router_2_0,1.9001,0.877125
1953,router_1_0,router_0_0,0.5000,0.949813
1954,router_1_0,router_0_0,0.5000,0.949813
1955,router_0_0,router_1_0,1.6000,0.949813
1956,router_0_0,router_1_0,0.4000,0.949813
1957,router_0_0,router_2_0,3.1001,0.875121
1958,router_0_0,router_2_0,1.1000,0.877794
1959,router_1_0,router_0_0,0.5000,0.949813
1960,router_0_0,router_1_0,0.4000,0.949813
1961,router_0_0,router_2_0,1.5000,0.877125
1962,router_0_0,router_2_0,0.7000,0.878464
1963,router_0_0,router_2_0,1.9001,0.876456
1964,router_0_0,router_1_0,0.8000,0.949813
1965,router_0_0,router_2_0,1.9001,0.878464
1966,router_0_0,router_2_0,4.7001,0.872459
1967,router_0_0,router_2_0,1.5000,0.877794
1968,router_1_0,router_0_0,0.5000,0.949813
1969,router_0_0,router_2_0,1.9001,0.876456
1970,router_0_0,router_2_0,3.5001,0.873789
1971,router_0_0,router_2_0,2.7001,0.876456
1972,router_0_0,router_2_0,2.3001,0.877794
1973,router_1_0,router_0_0,0.5000,0.949813
1974,router_1_0,router_0_0,2.5001,0.949813
1975,router_0_0,router_2_0,0.7000,0.878464
1976,router_0_0,router_2_0,1.5000,0.877125
1977,router_0_0,router_2_0,1.5000,0.877125
1978,router_0_0,router_2_0,1.5000,0.877794
1979,router_1_0,router_0_0,0.5000,0.949813
1980,router_1_0,router_2_0,1.2000,0.949813
1981,router_0_0,router_2_0,1.1000,0.877794
1982,router_0_0,router_2_0,1.9001,0.877794
1983,router_0_0,router_3_0,3.8001,0.810639
1984,router_0_0,router_2_0,1.1000,0.877794
1985,router_1_0,router_2_0,0.8000,0.949813
1986,router_0_0,router_2_0,2.3001,0.875788
1987,router_0_0,router_2_0,0.7000,0.878464
1988,router_0_0,router_2_0,2.3001,0.875788
1989,router_0_0,router_3_0,1.7000,0.812136
1990,router_1_0,router_0_0,0.5000,0.949813
1991,router_1_0,router_2_0,0.4000,0.949813
1992,router_1_0,router_2_0,0.8000,0.949813
1993,router_0_0,router_2_0,2.3001,0.875788
1994,router_0_0,router_2_0,0.7000,0.878464
1995,router_0_0,router_3_0,2.9001,0.811537
1996,router_0_0,router_3_0,1.8000,0.813036
1997,router_1_0,router_0_0,3.5001,0.949813
1998,router_1_0,router_0_0,1.0000,0.949813
1999,router_1_0,router_2_0,0.4000,0.949813
2000,router_1_0,router_2_0,0.8000,0.949813
2001,router_0_0,router_2_0,2.3001,0.875788
2002,router_0_0,router_2_0,1.5000,0.877125
2003,router_0_0,router_3_0,2.5001,0.810340
2004,router_0_0,router_3_0,3.4001,0.811836
2005,router_1_0,router_0_0,1.0000,0.949813
2006,router_1_0,router_2_0,0.4000,0.949813
2007,router_1_0,router_2_0,0.8000,0.949813
2008,router_1_0,router_2_0,0.8000,0.949813
2009,router_0_0,router_2_0,1.5000,0.877794
2010,router_0_0,router_3_0,1.4000,0.813637
2011,router_0_0,router_3_0,2.9001,0.809146
2012,router_0_0,router_3_0,1.7000,0.812136
2013,router_1_0,router_2_0,0.8000,0.949813
2014,router_1_0,router_2_0,0.8000,0.949813
2015,router_1_0,router_2_0,0.4000,0.949813
2016,router_0_0,router_2_0,1.1000,0.877794
2017,router_0_0,router_3_0,2.2001,0.812436
2018,router_0_0,router_3_0,2.1000,0.811537
2019,router_0_0,router_3_0,2.5000,0.810938
2020,router_1_0,router_0_0,0.5000,0.949813
2021,router_1_0,router_2_0,2.0001,0.949813
2022,router_1_0,router_2_0,1.2000,0.949813
2023,router_1_0,router_2_0,0.4000,0.949813
2024,router_1_0,router_2_0,2.8001,0.949813
2025,router_0_0,router_3_0,3.7001,0.806172
2026,router_0_0,router_3_0,2.1000,0.810938
2027,router_0_0,router_3_0,3.4001,0.810639
2028,router_0_0,router_3_0,1.7000,0.812736
2029,router_1_0,router_0_0,0.5000,0.949813
2030,router_1_0,router_0_0,0.5000,0.949813
2031,router_1_0,router_2_0,1.2000,0.949813
2032,router_1_0,router_2_0,0.8000,0.949813
2033,router_1_0,router_2_0,1.6000,0.949813
2034,router_1_0,router_2_0,0.4000,0.949813
2035,router_0_0,router_3_0,6.2002,0.806468
2036,router_0_0,router_3_0,4.1001,0.806172
2037,router_0_0,router_3_0,2.1000,0.811537
2038,router_0_0,router_3_0,2.1000,0.811537
2039,router_1_0,router_0_0,1.5000,0.949813
2040,router_1_0,router_2_0,1.6000,0.949813
2041,router_1_0,router_2_0,0.4000,0.949813
2042,router_1_0,router_2_0,0.4000,0.949813
2043,router_1_0,router_3_0,2.3001,0.876456
2044,router_0_0,router_3_0,1.8000,0.813036
2045,router_0_0,router_3_0,1.7000,0.813337
2046,router_0_0,router_0_1,1.2000,0.949813
2047,router_0_0,router_3_0,2.9001,0.808550
2048,router_1_0,router_2_0,0.4000,0.949813
2049,router_1_0,router_2_0,0.8000,0.949813
2050,router_1_0,router_2_0,1.2000,0.949813
2051,router_1_0,router_3_0,1.1000,0.878464
2052,router_0_0,router_3_0,2.1000,0.812136
2053,router_0_0,router_3_0,2.5000,0.809743
2054,router_0_0,router_3_0,2.5000,0.809743
2055,router_0_0,router_0_1,0.8000,0.949813
2056,router_2_0,router_0_0,0.8000,0.878464
2057,router_1_0,router_2_0,0.8000,0.949813
2058,router_1_0,router_2_0,0.4000,0.949813
2059,router_1_0,router_3_0,1.9001,0.876456
2060,router_1_0,router_3_0,1.1000,0.877794
2061,router_0_0,router_3_0,2.1000,0.811537
2062,router_0_0,router_3_0,3.3001,0.808550
2063,router_0_0,router_0_1,0.4000,0.949813
2064,router_0_0,router_0_1,0.4000,0.949813
2065,router_2_0,router_0_0,1.3000,0.877627
2066,router_2_0,router_0_0,1.3000,0.877627
2067,router_1_0,router_2_0,0.8000,0.949813
2068,router_1_0,router_2_0,0.8000,0.949813
2069,router_1_0,router_3_0,1.9000,0.876456
2070,router_1_0,router_3_0,1.9001,0.877794
2071,router_0_0,router_3_0,2.5001,0.809743
2072,router_0_0,router_3_0,2.1000,0.813337
2073,router_0_0,router_0_1,0.8000,0.949813
2074,router_0_0,router_0_1,0.4000,0.949813
2075,router_2_0,router_0_0,1.3000,0.877627
2076,router_2_0,router_1_0,1.5000,0.949813
2077,router_1_0,router_2_0,0.4000,0.949813
2078,router_1_0,router_3_0,2.7001,0.876456
2079,router_1_0,router_3_0,1.5000,0.877125
2080,router_1_0,router_3_0,1.5000,0.878464
2081,router_0_0,router_3_0,1.7000,0.812736
2082,router_0_0,router_0_1,0.4000,0.949813
2083,router_0_0,router_0_1,0.8000,0.949813
2084,router_0_0,router_0_1,1.2000,0.949813
2085,router_2_0,router_1_0,2.0000,0.949813
2086,router_2_0,router_1_0,1.5000,0.949813
2087,router_1_0,router_2_0,0.4000,0.949813
2088,router_1_0,router_3_0,1.5000,0.877125
2089,router_1_0,router_3_0,4.7001,0.874455
2090,router_1_0,router_3_0,1.5000,0.877125
2091,router_0_0,router_3_0,2.5001,0.810938
2092,router_0_0,router_0_1,0.4000,0.949813
2093,router_0_0,router_0_1,0.4000,0.949813
2094,router_0_0,router_0_1,2.0001,0.949813
2095,router_2_0,router_1_0,3.0001,0.949813
2096,router_2_0,router_0_0,2.3001,0.878464
2097,router_1_0,router_3_0,0.7000,0.878464
2098,router_1_0,router_3_0,1.1000,0.877794
2099,router_1_0,router_3_0,1.9001,0.877125
2100,router_1_0,router_3_0,2.3001,0.875788
2101,router_0_0,router_0_1,0.8000,0.949813
2102,router_0_0,router_0_1,0.4000,0.949813
2103,router_0_0,router_0_1,0.4000,0.949813
2104,router_0_0,router_0_1,0.4000,0.949813
2105,router_2_0,router_0_0,3.8001,0.873456
2106,router_2_0,router_0_0,7.3002,0.869314
2107,router_1_0,router_3_0,1.1000,0.877794
2108,router_1_0,router_3_0,0.7000,0.878464
2109,router_1_0,router_3_0,1.1000,0.878464
2110,router_1_0,router_3_0,0.7000,0.878464
2111,router_0_0,router_0_1,0.8000,0.949813
2112,router_0_0,router_0_1,0.8000,0.949813
2113,router_0_0,router_0_1,0.8000,0.949813
2114,router_0_0,router_0_1,0.4000,0.949813
2115,router_2_0,router_0_0,3.3001,0.875121
2116,router_2_0,router_1_0,1.0000,0.949813
2117,router_2_0,router_3_0,0.4000,0.949813
2118,router_1_0,router_3_0,3.5001,0.874455
2119,router_1_0,router_3_0,1.5000,0.877794
2120,router_1_0,router_3_0,2.7001,0.875121
2121,router_1_0,router_0_1,3.8001,0.876623
2122,router_0_0,router_0_1,0.8000,0.949813
2123,router_0_0,router_0_1,0.4000,0.949813
2124,router_0_0,router_1_1,1.5001,0.877125
2125,router_0_0,router_0_1,2.4001,0.949813
2126,router_2_0,router_1_0,2.0000,0.949813
2127,router_2_0,router_1_0,1.0000,0.949813
2128,router_2_0,router_3_0,0.4000,0.949813
2129,router_1_0,router_3_0,2.3001,0.878464
2130,router_1_0,router_3_0,1.1000,0.877794
2131,router_1_0,router_3_0,1.1000,0.878464
2132,router_1_0,router_0_1,1.8000,0.877961
2133,router_0_0,router_0_1,2.8001,0.949813
2134,router_0_0,router_0_1,1.2000,0.949813
2135,router_0_0,router_0_1,1.2000,0.949813
2136,router_0_0,router_1_1,2.3001,0.875788
2137,router_2_0,router_1_0,1.5000,0.949813
2138,router_2_0,router_0_0,2.3001,0.877627
2139,router_2_0,router_3_0,0.4000,0.949813
2140,router_2_0,router_3_0,0.4000,0.949813
2141,router_1_0,router_3_0,1.5000,0.877794
2142,router_1_0,router_3_0,1.9001,0.876456
2143,router_1_0,router_0_1,1.8000,0.876623
2144,router_1_0,router_0_1,1.8000,0.876623
2145,router_0_0,router_0_1,1.6000,0.949813
2146,router_0_0,router_0_1,0.8000,0.949813
2147,router_0_0,router_1_1,2.7001,0.875121
2148,router_0_0,router_1_1,1.5000,0.877794
2149,router_2_0,router_0_0,2.3001,0.876790
2150,router_2_0,router_0_0,2.3001,0.875955
2151,router_2_0,router_3_0,1.2000,0.949813
2152,router_2_0,router_3_0,0.4000,0.949813
2153,router_1_0,router_3_0,3.1001,0.875121
2154,router_1_0,router_3_0,1.1000,0.877794
2155,router_1_0,router_0_1,3.8001,0.874621
2156,router_1_0,router_0_1,1.1000,0.877961
2157,router_0_0,router_0_1,0.4000,0.949813
2158,router_0_0,router_0_1,1.6000,0.949813
2159,router_0_0,router_1_1,1.9000,0.877125
2160,router_0_0,router_1_1,2.3001,0.877794
2161,router_2_0,router_0_0,1.3000,0.877627
2162,router_2_0,router_1_0,1.0000,0.949813
2163,router_2_0,router_3_0,0.8000,0.949813
2164,router_2_0,router_3_0,0.4000,0.949813
2165,router_2_0,router_3_0,0.4000,0.949813
2166,router_1_0,router_3_0,4.7001,0.873124
2167,router_1_0,router_0_1,1.3000,0.877459
2168,router_1_0,router_0_1,2.3001,0.875955
2169,router_1_0,router_0_1,2.8001,0.874954
2170,router_0_0,router_0_1,0.8000,0.949813
2171,router_0_0,router_1_1,1.1000,0.877794
2172,router_0_0,router_1_1,1.5000,0.877794
2173,router_0_0,router_1_1,1.9001,0.877125
2174,router_2_0,router_1_0,1.0000,0.949813
2175,router_2_0,router_1_0,1.0000,0.949813
2176,router_2_0,router_3_0,0.4000,0.949813
2177,router_2_0,router_3_0,0.4000,0.949813
2178,router_2_0,router_3_0,1.2000,0.949813
2179,router_1_0,router_3_0,1.5001,0.877125
2180,router_1_0,router_0_1,1.3000,0.878129
2181,router_1_0,router_0_1,1.5000,0.878129
2182,router_1_0,router_0_1,0.8000,0.878296
2183,router_0_0,router_0_1,0.4000,0.949813
2184,router_0_0,router_1_1,1.5000,0.877125
2185,router_0_0,router_1_1,0.7000,0.878464
2186,router_0_0,router_1_1,0.7000,0.878464
2187,router_2_0,router_1_0,3.5001,0.949813
2188,router_2_0,router_0_0,2.3001,0.876790
2189,router_2_0,router_3_0,0.8000,0.949813
2190,router_2_0,router_3_0,0.4000,0.949813
2191,router_2_0,router_3_0,2.0001,0.949813
2192,router_2_0,router_3_0,0.8000,0.949813
2193,router_1_0,router_0_1,1.5000,0.877292
2194,router_1_0,router_0_1,1.8000,0.876623
2195,router_1_0,router_0_1,1.3000,0.877459
2196,router_1_0,router_0_1,1.1000,0.877961
2197,router_0_0,router_1_1,1.1000,0.877794
2198,router_0_0,router_1_1,1.9001,0.877125
2199,router_0_0,router_1_1,1.1000,0.877794
2200,router_0_0,router_1_1,1.9001,0.876456
2201,router_2_0,router_0_0,2.3001,0.875955
2202,router_2_0,router_0_0,1.3000,0.877627
2203,router_2_0,router_3_0,0.4000,0.949813
2204,router_2_0,router_3_0,0.4000,0.949813
2205,router_2_0,router_3_0,0.4000,0.949813
2206,router_2_0,router_3_0,1.6000,0.949813
2207,router_1_0,router_0_1,0.8000,0.878296
2208,router_1_0,router_0_1,1.5000,0.877292
2209,router_1_0,router_0_1,1.3000,0.878129
2210,router_1_0,router_0_1,2.3001,0.875955
2211,router_0_0,router_1_1,1.1000,0.878464
2212,router_0_0,router_1_1,1.5000,0.877125
2213,router_0_0,router_1_1,2.3001,0.875788
2214,router_0_0,router_1_1,2.3001,0.876456
2215,router_2_0,router_0_0,0.8000,0.878464
2216,router_2_0,router_1_0,1.5000,0.949813
2217,router_2_0,router_3_0,0.4000,0.949813
2218,router_2_0,router_3_0,0.4000,0.949813
2219,router_2_0,router_3_0,0.4000,0.949813
2220,router_2_0,router_0_1,1.4000,0.813111
2221,router_1_0,router_0_1,1.3000,0.877459
2222,router_1_0,router_0_1,1.3000,0.878129
2223,router_1_0,router_0_1,1.3000,0.877459
2224,router_1_0,router_1_1,1.2000,0.949813
2225,router_0_0,router_1_1,0.7000,0.878464
2226,router_0_0,router_1_1,1.1000,0.877794
2227,router_0_0,router_2_1,3.7001,0.806765
2228,router_0_0,router_1_1,2.7001,0.875121
2229,router_2_0,router_1_0,0.5000,0.949813
2230,router_2_0,router_1_0,1.5000,0.949813
2231,router_2_0,router_3_0,0.8000,0.949813
2232,router_2_0,router_3_0,5.6002,0.949813
2233,router_2_0,router_3_0,1.2000,0.949813
2234,router_2_0,router_0_1,2.2001,0.812511
2235,router_1_0,router_0_1,1.3000,0.878129
2236,router_1_0,router_0_1,3.1001,0.874621
2237,router_1_0,router_0_1,3.3001,0.878129
2238,router_1_0,router_1_1,1.2000,0.949813
2239,router_0_0,router_1_1,1.9001,0.877794
2240,router_0_0,router_1_1,1.1000,0.877794
2241,router_0_0,router_1_1,4.7001,0.873124
2242,router_0_0,router_2_1,1.7000,0.813337
2243,router_2_0,router_1_0,2.0000,0.949813
2244,router_3_0,router_0_0,3.1001,0.811162
2245,router_2_0,router_3_0,0.4000,0.949813
2246,router_2_0,router_3_0,0.8000,0.949813
2247,router_2_0,router_0_1,2.4000,0.810116
2248,router_2_0,router_0_1,2.6001,0.811911
2249,router_1_0,router_0_1,1.3000,0.877459
2250,router_1_0,router_0_1,1.8000,0.877292
2251,router_1_0,router_1_1,0.8000,0.949813
2252,router_1_0,router_1_1,0.4000,0.949813
2253,router_0_0,router_1_1,1.5001,0.877125
2254,router_0_0,router_1_1,1.1000,0.877794
2255,router_0_0,router_2_1,2.1000,0.812736
2256,router_0_0,router_2_1,1.3000,0.813337
2257,router_3_0,router_0_0,2.6000,0.812661
2258,router_3_0,router_0_0,1.4000,0.813261
2259,router_2_0,router_3_0,2.0001,0.949813
2260,router_2_0,router_3_0,1.6000,0.949813
2261,router_2_0,router_0_1,2.9001,0.808624
2262,router_2_0,router_0_1,2.2000,0.812511
2263,router_1_0,router_0_1,1.3000,0.878129
2264,router_1_0,router_0_1,3.3001,0.874788
2265,router_1_0,router_1_1,1.2000,0.949813
2266,router_1_0,router_1_1,0.4000,0.949813
2267,router_0_0,router_1_1,2.3000,0.876456
2268,router_0_0,router_1_1,1.9001,0.876456
2269,router_0_0,router_2_1,2.5001,0.810340
2270,router_0_0,router_2_1,1.7000,0.812736
2271,router_3_0,router_0_0,1.9000,0.811761
2272,router_3_0,router_1_0,1.3000,0.877627
2273,router_2_0,router_3_0,0.8000,0.949813
2274,router_2_0,router_0_1,1.9000,0.811612
2275,router_2_0,router_0_1,4.6001,0.811911
2276,router_2_0,router_0_1,3.4001,0.808326
2277,router_1_0,router_0_1,4.7001,0.873622
2278,router_1_0,router_1_1,1.6000,0.949813
2279,router_1_0,router_1_1,0.8000,0.949813
2280,router_1_0,router_1_1,0.8000,0.949813
2281,router_0_0,router_1_1,0.7000,0.878464
2282,router_0_0,router_2_1,1.3000,0.813337
2283,router_0_0,router_2_1,1.3000,0.813337
2284,router_0_0,router_2_1,2.1000,0.811537
2285,router_3_0,router_1_0,2.3000,0.877627
2286,router_3_0,router_1_0,1.8000,0.877627
2287,router_2_0,router_3_0,0.4000,0.949813
2288,router_2_0,router_0_1,2.4000,0.810116
2289,router_2_0,router_0_1,4.9001,0.807582
2290,router_2_0,router_0_1,1.4000,0.813712
2291,router_1_0,router_0_1,2.3001,0.877627
2292,router_1_0,router_1_1,0.4000,0.949813
2293,router_1_0,router_1_1,0.8000,0.949813
2294,router_1_0,router_1_1,1.6000,0.949813
2295,router_0_0,router_1_1,1.5000,0.877125
2296,router_0_0,router_2_1,1.3000,0.813337
2297,router_0_0,router_2_1,2.5000,0.811537
2298,router_0_0,router_2_1,2.1000,0.812736
2299,router_3_0,router_1_0,2.8001,0.875121
2300,router_3_0,router_2_0,1.0000,0.949813
2301,router_3_0,router_0_0,1.9000,0.812511
2302,router_2_0,router_0_1,3.0001,0.811312
2303,router_2_0,router_0_1,1.9000,0.811612
2304,router_2_0,router_0_1,2.2001,0.812511
2305,router_2_0,router_0_1,1.9000,0.812811
2306,router_1_0,router_1_1,0.8000,0.949813
2307,router_1_0,router_1_1,1.2000,0.949813
2308,router_1_0,router_1_1,0.8000,0.949813
2309,router_1_0,router_1_1,0.4000,0.949813
2310,router_0_0,router_2_1,3.8001,0.810041
2311,router_0_0,router_2_1,1.4000,0.813637
2312,router_0_0,router_2_1,3.4001,0.810639
2313,router_0_0,router_2_1,2.1000,0.810938
2314,router_3_0,router_2_0,0.5000,0.949813
2315,router_3_0,router_0_0,4.4001,0.804321
2316,router_3_0,router_2_0,1.0000,0.949813
2317,router_3_0,router_0_0,2.4000,0.812511
2318,router_2_0,router_0_1,1.4000,0.813111
2319,router_2_0,router_0_1,2.4000,0.810863
2320,router_2_0,router_0_1,1.9000,0.811612
2321,router_2_0,router_0_1,1.9000,0.811612
2322,router_1_0,router_1_1,0.8000,0.949813
2323,router_1_0,router_1_1,0.8000,0.949813
2324,router_1_0,router_1_1,0.4000,0.949813
2325,router_1_0,router_1_1,0.8000,0.949813
2326,router_0_0,router_2_1,2.1000,0.811537
2327,router_0_0,router_2_1,2.2000,0.812436
2328,router_0_0,router_2_1,1.4000,0.813637
2329,router_0_0,router_2_1,3.4001,0.810639
2330,router_3_0,router_2_0,0.5000,0.949813
2331,router_3_0,router_0_0,2.9001,0.810265
2332,router_3_0,router_1_0,1.3000,0.877627
2333,router_3_0,router_0_1,1.9000,0.754689
2334,router_2_0,router_0_1,2.9000,0.809967
2335,router_2_0,router_0_1,3.9001,0.806246
2336,router_2_0,router_0_1,2.9000,0.810714
2337,router_2_0,router_1_1,4.8001,0.878296
2338,router_1_0,router_1_1,0.8000,0.949813
2339,router_1_0,router_1_1,0.4000,0.949813
2340,router_1_0,router_1_1,0.4000,0.949813
2341,router_1_0,router_2_1,1.5000,0.877125
2342,router_0_0,router_2_1,3.0001,0.811237
2343,router_0_0,router_2_1,4.1001,0.805579
2344,router_0_0,router_3_1,2.5000,0.753479
2345,router_0_0,router_2_1,2.2000,0.812436
2346,router_3_0,router_1_0,1.3000,0.878464
2347,router_3_0,router_1_0,3.8001,0.874288
2348,router_3_0,router_0_1,1.9000,0.754824
2349,router_2_0,router_0_1,3.4001,0.808326
2350,router_2_0,router_0_1,2.9000,0.810116
2351,router_2_0,router_0_1,2.9000,0.811761
2352,router_2_0,router_1_1,1.1000,0.877961
2353,router_1_0,router_1_1,0.4000,0.949813
2354,router_1_0,router_1_1,2.0001,0.949813
2355,router_1_0,router_1_1,0.4000,0.949813
2356,router_1_0,router_2_1,1.9001,0.877794
2357,router_0_0,router_2_1,1.7000,0.813337
2358,router_0_0,router_2_1,2.6001,0.811836
2359,router_0_0,router_2_1,2.2001,0.812436
2360,router_0_0,router_3_1,1.7000,0.755632
2361,router_3_0,router_1_0,3.3001,0.875121
2362,router_3_0,router_2_0,0.5000,0.949813
2363,router_3_0,router_0_0,1.9000,0.812511
2364,router_3_0,router_0_1,2.9000,0.754016
2365,router_3_0,router_0_1,6.9002,0.741539
2366,router_2_0,router_0_1,4.2001,0.809519
2367,router_2_0,router_0_1,1.4000,0.813111
2368,router_2_0,router_1_1,0.8000,0.878296
2369,router_2_0,router_1_1,1.5000,0.877292
2370,router_1_0,router_1_1,1.2000,0.949813
2371,router_1_0,router_1_1,0.8000,0.949813
2372,router_1_0,router_2_1,1.1000,0.877794
2373,router_1_0,router_2_1,1.9001,0.876456
2374,router_0_0,router_2_1,2.6001,0.812436
2375,router_0_0,router_2_1,2.1000,0.812136
2376,router_0_0,router_3_1,3.7001,0.751335
2377,router_0_0,router_3_1,2.9001,0.752406
2378,router_3_0,router_2_0,2.5001,0.949813
2379,router_3_0,router_0_0,2.4000,0.810265
2380,router_3_0,router_2_0,1.0000,0.949813
2381,router_3_0,router_0_0,2.4000,0.811761
2382,router_3_0,router_0_1,5.4001,0.745355
2383,router_3_0,router_0_1,2.4000,0.754016
2384,router_2_0,router_0_1,2.9000,0.808624
2385,router_2_0,router_0_1,3.4001,0.812361
2386,router_2_0,router_1_1,0.8000,0.878296
2387,router_2_0,router_1_1,1.3000,0.877459
2388,router_1_0,router_1_1,0.8000,0.949813
2389,router_1_0,router_1_1,1.2000,0.949813
2390,router_1_0,router_2_1,0.7000,0.878464
2391,router_1_0,router_2_1,0.7000,0.878464
2392,router_0_0,router_2_1,3.0001,0.811237
2393,router_0_0,router_2_1,2.1000,0.812736
2394,router_0_0,router_3_1,3.3001,0.751335
2395,router_0_0,router_3_1,1.3000,0.756172
2396,router_3_0,router_2_0,1.0000,0.949813
2397,router_3_0,router_0_0,3.4001,0.809519
2398,router_3_0,router_1_0,0.8000,0.878464
2399,router_3_0,router_0_1,3.4001,0.751202
2400,router_3_0,router_0_1,2.9000,0.752674
2401,router_3_0,router_0_1,5.4001,0.746413
2402,router_2_0,router_0_1,1.9000,0.812961
2403,router_2_0,router_1_1,2.3000,0.877794
2404,router_2_0,router_1_1,3.3001,0.876790
2405,router_2_0,router_1_1,0.8000,0.878296
2406,router_1_0,router_1_1,0.8000,0.949813
2407,router_1_0,router_2_1,1.1000,0.877794
2408,router_1_0,router_2_1,2.7001,0.875788
2409,router_1_0,router_2_1,1.9001,0.876456
2410,router_0_0,router_2_1,1.8000,0.813036
2411,router_0_0,router_3_1,3.3001,0.751870
2412,router_0_0,router_3_1,3.3001,0.750801
2413,router_0_0,router_3_1,2.5000,0.754016
2414,router_3_0,router_1_0,1.8000,0.876790
2415,router_3_0,router_1_0,1.3000,0.877627
2416,router_3_0,router_0_1,2.4000,0.753345
2417,router_3_0,router_0_1,3.9001,0.752540
2418,router_3_0,router_0_1,2.9000,0.752004
2419,router_2_0,router_0_1,2.6001,0.811911
2420,router_2_0,router_1_1,2.8001,0.876957
2421,router_2_0,router_1_1,2.8001,0.876289
2422,router_2_0,router_1_1,1.8000,0.876623
2423,router_1_0,router_1_1,2.8001,0.949813
2424,router_1_0,router_2_1,1.9000,0.876456
2425,router_1_0,router_2_1,1.5000,0.877125
2426,router_1_0,router_2_1,0.7000,0.878464
2427,router_0_0,router_2_1,4.5001,0.804395
2428,router_0_0,router_3_1,2.1000,0.755093
2429,router_0_0,router_3_1,2.9001,0.752406
2430,router_0_0,router_3_1,2.5000,0.752942
2431,router_3_0,router_1_0,0.8000,0.878464
2432,router_3_0,router_2_0,1.5000,0.949813
2433,router_3_0,router_0_0,3.4001,0.811013
2434,router_3_0,router_0_1,3.4001,0.752808
2435,router_3_0,router_0_1,1.9000,0.754689
2436,router_3_0,router_0_1,3.4001,0.751202
2437,router_3_0,router_0_1,2.4000,0.753345
2438,router_2_0,router_1_1,0.8000,0.878296
2439,router_2_0,router_1_1,1.3000,0.878129
2440,router_2_0,router_1_1,1.8000,0.877292
2441,router_2_0,router_1_1,1.8000,0.877292
2442,router_1_0,router_2_1,2.3001,0.875788
2443,router_1_0,router_2_1,2.3001,0.876456
2444,router_1_0,router_2_1,0.7000,0.878464
2445,router_1_0,router_2_1,1.1000,0.878464
2446,router_0_0,router_3_1,1.7000,0.755093
2447,router_0_0,router_3_1,2.5000,0.754016
2448,router_0_0,router_3_1,2.9001,0.753479
2449,router_0_0,router_3_1,1.7000,0.755093
2450,router_3_0,router_2_0,2.0000,0.949813
2451,router_3_0,router_0_0,3.4001,0.808029
2452,router_3_0,router_2_0,1.5000,0.949813
2453,router_3_0,router_0_0,4.4001,0.805801
2454,router_3_0,router_0_1,2.4000,0.753345
2455,router_3_0,router_0_1,3.4001,0.752808
2456,router_3_0,router_0_1,2.4000,0.754016
2457,router_3_0,router_0_1,3.9001,0.749867
2458,router_2_0,router_1_1,0.8000,0.878296
2459,router_2_0,router_1_1,1.8000,0.877292
2460,router_2_0,router_1_1,2.8001,0.874954
2461,router_2_0,router_1_1,2.3001,0.875788
2462,router_1_0,router_2_1,1.1000,0.878464
2463,router_1_0,router_2_1,0.7000,0.878464
2464,router_1_0,router_2_1,1.5000,0.877794
2465,router_1_0,router_2_1,1.9001,0.876456
2466,router_0_0,router_3_1,2.5001,0.753479
2467,router_0_0,router_3_1,2.5000,0.752942
2468,router_0_0,router_3_1,2.1000,0.754016
2469,router_0_0,router_3_1,2.9001,0.753479
2470,router_3_0,router_2_0,0.5000,0.949813
2471,router_3_0,router_0_0,2.4000,0.811013
2472,router_3_0,router_1_0,1.8000,0.877627
2473,router_3_0,router_0_1,6.4001,0.744168
2474,router_3_0,router_0_1,7.9002,0.740884
2475,router_3_0,router_0_1,2.9000,0.752540
2476,router_3_0,router_1_1,2.9000,0.809220
2477,router_2_0,router_1_1,1.5000,0.877292
2478,router_2_0,router_1_1,3.3001,0.877459
2479,router_2_0,router_1_1,4.3001,0.872459
2480,router_2_0,router_2_1,1.2000,0.949813
2481,router_1_0,router_2_1,0.7000,0.878464
2482,router_1_0,router_2_1,3.1001,0.875121
2483,router_1_0,router_2_1,1.1000,0.877794
2484,router_1_0,router_3_1,2.5001,0.811537
2485,router_0_0,router_3_1,4.5001,0.749201
2486,router_0_0,router_3_1,2.5000,0.752942
2487,router_0_0,router_0_2,1.9000,0.876456
2488,router_0_0,router_3_1,2.9001,0.752406
2489,router_3_0,router_1_0,2.3000,0.875955
2490,router_3_0,router_1_0,2.8001,0.875955
2491,router_3_0,router_0_1,3.9001,0.749334
2492,router_3_0,router_0_1,3.9001,0.752004
2493,router_3_0,router_0_1,3.4001,0.752004
2494,router_3_0,router_1_1,2.9000,0.808624
2495,router_2_0,router_1_1,1.3000,0.877459
2496,router_2_0,router_1_1,2.8001,0.877627
2497,router_2_0,router_1_1,2.3001,0.877627
2498,router_2_0,router_2_1,0.4000,0.949813
2499,router_1_0,router_2_1,1.1000,0.878464
2500,router_1_0,router_2_1,1.9001,0.876456
2501,router_1_0,router_2_1,1.9001,0.876456
2502,router_1_0,router_3_1,1.8000,0.813036
2503,router_0_0,router_3_1,2.5001,0.752942
2504,router_0_0,router_3_1,2.5000,0.753479
2505,router_0_0,router_3_1,1.7000,0.755093
2506,router_0_0,router_0_2,0.7000,0.878464
2507,router_3_0,router_1_0,1.3000,0.877627
2508,router_3_0,router_2_0,1.0000,0.949813
2509,router_0_1,router_0_0,2.0000,0.949813
2510,router_3_0,router_0_1,2.1000,0.754285
2511,router_3_0,router_0_1,7.4002,0.741670
2512,router_3_0,router_1_1,1.4000,0.813111
2513,router_3_0,router_1_1,3.9001,0.806246
2514,router_2_0,router_1_1,1.8000,0.876623
2515,router_2_0,router_1_1,2.3001,0.877627
2516,router_2_0,router_2_1,0.8000,0.949813
2517,router_2_0,router_2_1,0.8000,0.949813
2518,router_1_0,router_2_1,1.5000,0.877125
2519,router_1_0,router_2_1,1.1000,0.877794
2520,router_1_0,router_3_1,1.7000,0.812136
2521,router_1_0,router_3_1,1.7000,0.812736
2522,router_0_0,router_3_1,2.5000,0.752942
2523,router_0_0,router_3_1,3.3001,0.750801
2524,router_0_0,router_0_2,5.1001,0.873124
2525,router_0_0,router_0_2,1.5000,0.877794
2526,router_3_0,router_2_0,1.0000,0.949813
2527,router_0_1,router_0_0,2.0000,0.949813
2528,router_3_0,router_2_0,1.5000,0.949813
2529,router_0_1,router_0_0,2.0000,0.949813
2530,router_3_0,router_0_1,2.5001,0.753211
2531,router_3_0,router_0_1,2.9000,0.753345
2532,router_3_0,router_1_1,2.9000,0.809220
2533,router_3_0,router_1_1,2.4000,0.811911
2534,router_2_0,router_1_1,0.8000,0.878296
2535,router_2_0,router_1_1,2.3001,0.877125
2536,router_2_0,router_2_1,2.0001,0.949813
2537,router_2_0,router_2_1,0.4000,0.949813
2538,router_1_0,router_2_1,2.7001,0.875788
2539,router_1_0,router_2_1,1.9001,0.877125
2540,router_1_0,router_3_1,3.4000,0.811237
2541,router_1_0,router_3_1,2.2001,0.813036
2542,router_0_0,router_3_1,1.7000,0.755093
2543,router_0_0,router_3_1,2.1000,0.755093
2544,router_0_0,router_0_2,0.7000,0.878464
2545,router_0_0,router_0_2,1.5000,0.877794
2546,router_3_0,router_2_0,0.5000,0.949813
2547,router_0_1,router_0_0,3.0001,0.949813
2548,router_0_1,router_1_0,2.8001,0.876289
2549,router_3_0,router_0_1,2.4000,0.753345
2550,router_3_0,router_1_1,1.4000,0.813111
2551,router_3_0,router_1_1,2.4000,0.812061
2552,router_3_0,router_1_1,2.4000,0.810116
2553,router_2_0,router_1_1,1.9000,0.878296
2554,router_2_0,router_2_1,0.8000,0.949813
2555,router_2_0,router_2_1,1.6000,0.949813
2556,router_2_0,router_2_1,1.6000,0.949813
2557,router_1_0,router_2_1,1.1000,0.878464
2558,router_1_0,router_3_1,2.1000,0.813337
2559,router_1_0,router_3_1,2.5000,0.811537
2560,router_1_0,router_3_1,2.5001,0.810340
2561,router_0_0,router_3_1,2.1000,0.755093
2562,router_0_0,router_0_2,0.7000,0.878464
2563,router_0_0,router_0_2,2.3001,0.877125
2564,router_0_0,router_0_2,1.1000,0.877794
2565,router_0_1,router_1_0,2.8001,0.876289
2566,router_0_1,router_1_0,2.3001,0.876456
2567,router_3_0,router_0_1,2.9001,0.752004
2568,router_3_0,router_1_1,1.9000,0.811612
2569,router_3_0,router_1_1,2.4000,0.810714
2570,router_3_0,router_1_1,1.9000,0.812811
2571,router_2_0,router_1_1,0.8000,0.878296
2572,router_2_0,router_2_1,0.8000,0.949813
2573,router_2_0,router_2_1,0.8000,0.949813
2574,router_2_0,router_2_1,1.6000,0.949813
2575,router_1_0,router_2_1,1.1000,0.878464
2576,router_1_0,router_3_1,2.1000,0.812136
2577,router_1_0,router_3_1,1.7000,0.812736
2578,router_1_0,router_3_1,2.1000,0.811537
2579,router_0_0,router_3_1,4.1001,0.748669
2580,router_0_0,router_0_2,2.3001,0.876456
2581,router_0_0,router_0_2,0.7000,0.878464
2582,router_0_0,router_0_2,1.5000,0.877125
2583,router_0_1,router_1_0,3.1001,0.876289
2584,router_0_1,router_2_0,3.3001,0.808252
2585,router_0_1,router_0_0,0.5000,0.949813
2586,router_3_0,router_1_1,4.9001,0.808326
2587,router_3_0,router_1_1,4.9001,0.804616
2588,router_3_0,router_1_1,1.9000,0.812361
2589,router_3_0,router_1_1,2.9000,0.808624
2590,router_2_0,router_2_1,0.8000,0.949813
2591,router_2_0,router_2_1,0.8000,0.949813
2592,router_2_0,router_2_1,0.4000,0.949813
2593,router_2_0,router_2_1,1.6000,0.949813
2594,router_1_0,router_3_1,2.5001,0.810938
2595,router_1_0,router_3_1,1.4000,0.813637
2596,router_1_0,router_3_1,2.5001,0.811537
2597,router_1_0,router_3_1,2.5000,0.811537
2598,router_0_0,router_0_2,3.1001,0.874455
2599,router_0_0,router_0_2,3.1001,0.875788
2600,router_0_0,router_0_2,1.9001,0.877794
2601,router_0_0,router_0_2,1.9001,0.877794
2602,router_0_1,router_2_0,3.4001,0.807657
2603,router_0_1,router_0_0,3.5001,0.949813
2604,router_0_1,router_2_0,3.4001,0.810639
2605,router_0_1,router_0_0,1.5000,0.949813
2606,router_3_0,router_1_1,2.6001,0.811911
2607,router_3_0,router_1_1,3.4001,0.807880
2608,router_3_0,router_1_1,2.9000,0.810863
2609,router_3_0,router_1_1,3.8001,0.810116
2610,router_2_0,router_2_1,2.0001,0.949813
2611,router_2_0,router_2_1,1.2000,0.949813
2612,router_2_0,router_2_1,1.2000,0.949813
2613,router_2_0,router_2_1,2.8001,0.949813
2614,router_1_0,router_3_1,2.1000,0.811537
2615,router_1_0,router_3_1,1.3000,0.813337
2616,router_1_0,router_3_1,1.3000,0.813337
2617,router_1_0,router_3_1,2.2000,0.812436
2618,router_0_0,router_0_2,3.9001,0.873124
2619,router_0_0,router_0_2,1.9001,0.877125
2620,router_0_0,router_0_2,1.5000,0.877125
2621,router_0_0,router_0_2,2.3001,0.875788
2622,router_0_1,router_2_0,1.4000,0.813637
2623,router_0_1,router_0_0,1.5000,0.949813
2624,router_0_1,router_3_0,2.9001,0.752406
2625,router_0_1,router_1_0,0.8000,0.878296
2626,router_0_1,router_1_1,0.8000,0.949813
2627,router_3_0,router_1_1,1.9000,0.812211
2628,router_3_0,router_1_1,3.9001,0.805653
2629,router_3_0,router_1_1,1.9000,0.812811
2630,router_3_0,router_2_1,0.8000,0.878296
2631,router_2_0,router_2_1,1.2000,0.949813
2632,router_2_0,router_2_1,0.8000,0.949813
2633,router_2_0,router_2_1,0.4000,0.949813
2634,router_2_0,router_3_1,3.1001,0.875121
2635,router_1_0,router_3_1,1.8000,0.813036
2636,router_1_0,router_3_1,1.8000,0.813036
2637,router_1_0,router_3_1,2.2001,0.812436
2638,router_1_0,router_0_2,2.9001,0.812061
2639,router_0_0,router_0_2,2.7001,0.875121
2640,router_0_0,router_0_2,4.3001,0.872459
2641,router_0_0,router_1_2,2.2001,0.813036
2642,router_0_0,router_0_2,2.3001,0.875788
2643,router_0_1,router_3_0,3.7001,0.751202
2644,router_0_1,router_1_0,1.1000,0.877961
2645,router_0_1,router_3_0,3.7001,0.751335
2646,router_0_1,router_1_0,1.9000,0.876623
2647,router_0_1,router_1_1,0.4000,0.949813
2648,router_3_0,router_1_1,3.8001,0.810116
2649,router_3_0,router_1_1,4.4001,0.804173
2650,router_3_0,router_1_1,3.4001,0.808475
2651,router_3_0,router_2_1,1.9000,0.877459
2652,router_2_0,router_2_1,0.4000,0.949813
2653,router_2_0,router_2_1,0.4000,0.949813
2654,router_2_0,router_2_1,1.2000,0.949813
2655,router_2_0,router_3_1,3.1001,0.874455
2656,router_1_0,router_3_1,1.4000,0.813637
2657,router_1_0,router_3_1,1.7000,0.812736
2658,router_1_0,router_3_1,5.3001,0.802034
2659,router_1_0,router_0_2,2.4000,0.809967
2660,router_0_0,router_0_2,1.5000,0.877125
2661,router_0_0,router_0_2,1.1000,0.877794
2662,router_0_0,router_0_2,2.3001,0.875788
2663,router_0_0,router_1_2,2.9001,0.809743
2664,router_0_1,router_3_0,2.1000,0.754151
2665,router_0_1,router_1_0,1.8000,0.876623
2666,router_0_1,router_2_0,3.7001,0.807508
2667,router_0_1,router_0_0,4.5001,0.949813
2668,router_0_1,router_1_1,1.2000,0.949813
2669,router_0_1,router_1_1,0.4000,0.949813
2670,router_3_0,router_1_1,1.9000,0.811612
2671,router_3_0,router_1_1,2.4000,0.810116
2672,router_3_0,router_2_1,1.3000,0.878129
2673,router_3_0,router_2_1,1.3000,0.877459
2674,router_2_0,router_2_1,0.4000,0.949813
2675,router_2_0,router_2_1,1.2000,0.949813
2676,router_2_0,router_3_1,2.3000,0.876456
2677,router_2_0,router_3_1,0.7000,0.878464
2678,router_1_0,router_3_1,1.7000,0.812736
2679,router_1_0,router_3_1,1.7000,0.812136
2680,router_1_0,router_0_2,1.9000,0.812661
2681,router_1_0,router_0_2,1.8000,0.813111
2682,router_0_0,router_0_2,1.1000,0.877794
2683,router_0_0,router_0_2,3.1001,0.876456
2684,router_0_0,router_1_2,2.2001,0.812436
2685,router_0_0,router_1_2,1.7000,0.812736
2686,router_0_1,router_2_0,2.9001,0.809444
2687,router_0_1,router_0_0,2.0000,0.949813
2688,router_0_1,router_2_0,2.1000,0.812286
2689,router_0_1,router_0_0,1.0000,0.949813
2690,router_0_1,router_1_1,0.4000,0.949813
2691,router_0_1,router_1_1,0.4000,0.949813
2692,router_3_0,router_1_1,5.4001,0.802697
2693,router_3_0,router_1_1,2.9000,0.810714
2694,router_3_0,router_2_1,3.3001,0.874788
2695,router_3_0,router_2_1,2.3001,0.876456
2696,router_2_0,router_2_1,0.4000,0.949813
2697,router_2_0,router_2_1,0.4000,0.949813
2698,router_2_0,router_3_1,3.1001,0.875121
2699,router_2_0,router_3_1,0.7000,0.878464
2700,router_1_0,router_3_1,1.3000,0.813337
2701,router_1_0,router_3_1,1.8000,0.813036
2702,router_1_0,router_0_2,2.1000,0.812961
2703,router_1_0,router_0_2,2.6001,0.811761
2704,router_0_0,router_0_2,0.7000,0.878464
2705,router_0_0,router_0_2,4.3001,0.872459
2706,router_0_0,router_1_2,1.7000,0.812136
2707,router_0_0,router_1_2,2.5000,0.809743
2708,router_0_1,router_2_0,1.9000,0.811537
2709,router_0_1,router_0_0,0.5000,0.949813
2710,router_0_1,router_3_0,3.3001,0.752004
2711,router_0_1,router_1_0,1.1000,0.877961
2712,router_0_1,router_1_1,1.2000,0.949813
2713,router_0_1,router_1_1,0.4000,0.949813
2714,router_0_1,router_1_1,1.2000,0.949813
2715,router_3_0,router_1_1,2.4000,0.810714
2716,router_3_0,router_2_1,1.5000,0.877292
2717,router_3_0,router_2_1,0.8000,0.878296
2718,router_3_0,router_2_1,1.9001,0.876623
2719,router_2_0,router_2_1,0.4000,0.949813
2720,router_2_0,router_3_1,1.9000,0.877794
2721,router_2_0,router_3_1,3.5001,0.873789
2722,router_2_0,router_3_1,3.1001,0.876456
2723,router_1_0,router_3_1,1.8000,0.813036
2724,router_1_0,router_0_2,2.9001,0.808624
2725,router_1_0,router_0_2,2.5000,0.809817
2726,router_1_0,router_0_2,2.4000,0.810564
2727,router_0_0,router_0_2,1.9000,0.877125
2728,router_0_0,router_1_2,2.9001,0.809743
2729,router_0_0,router_1_2,2.5000,0.811537
2730,router_0_0,router_1_2,1.8000,0.813637
2731,router_0_1,router_3_0,2.9001,0.752004
2732,router_0_1,router_1_0,3.3001,0.874122
2733,router_0_1,router_3_0,2.1000,0.754016
2734,router_0_1,router_1_0,5.8001,0.870636
2735,router_0_1,router_1_1,1.6000,0.949813
2736,router_0_1,router_1_1,0.8000,0.949813
2737,router_0_1,router_1_1,0.4000,0.949813
2738,router_3_0,router_1_1,4.2001,0.811013
2739,router_3_0,router_2_1,1.3000,0.878129
2740,router_3_0,router_2_1,1.5000,0.878129
2741,router_3_0,router_2_1,2.3001,0.876456
2742,router_2_0,router_2_1,2.8001,0.949813
2743,router_2_0,router_3_1,2.3000,0.876456
2744,router_2_0,router_3_1,1.5000,0.877794
2745,router_2_0,router_3_1,4.3001,0.873124
2746,router_1_0,router_3_1,4.1001,0.804986
2747,router_1_0,router_0_2,1.9000,0.812061
2748,router_1_0,router_0_2,2.5000,0.810564
2749,router_1_0,router_0_2,1.7000,0.812211
2750,router_0_0,router_0_2,1.1000,0.877794
2751,router_0_0,router_1_2,3.3001,0.807954
2752,router_0_0,router_1_2,2.2001,0.812436
2753,router_0_0,router_1_2,1.4000,0.813637
2754,router_0_1,router_3_0,3.9001,0.751870
2755,router_0_1,router_1_0,1.3000,0.877459
2756,router_0_1,router_2_0,3.9001,0.806765
2757,router_0_1,router_0_0,1.0000,0.949813
2758,router_0_1,router_1_1,1.2000,0.949813
2759,router_0_1,router_1_1,1.6000,0.949813
2760,router_0_1,router_1_1,0.8000,0.949813
2761,router_0_1,router_1_1,0.8000,0.949813
2762,router_3_0,router_2_1,0.8000,0.878296
2763,router_3_0,router_2_1,2.3001,0.877627
2764,router_3_0,router_2_1,1.1000,0.877961
2765,router_3_0,router_2_1,2.3001,0.875788
2766,router_2_0,router_3_1,1.1000,0.877794
2767,router_2_0,router_3_1,0.7000,0.878464
2768,router_2_0,router_3_1,1.5000,0.877125
2769,router_2_0,router_3_1,1.9001,0.876456
2770,router_1_0,router_0_2,1.4000,0.812961
2771,router_1_0,router_0_2,1.9000,0.811462
2772,router_1_0,router_0_2,1.4000,0.812961
2773,router_1_0,router_0_2,3.3001,0.810415
2774,router_0_0,router_1_2,3.7001,0.807359
2775,router_0_0,router_1_2,2.5000,0.810340
2776,router_0_0,router_1_2,2.1000,0.810938
2777,router_0_0,router_1_2,2.1000,0.811537
2778,router_0_1,router_2_0,2.1000,0.812436
2779,router_0_1,router_0_0,0.5000,0.949813
2780,router_0_1,router_2_0,2.5000,0.810639
2781,router_0_1,router_0_0,1.5000,0.949813
2782,router_0_1,router_1_1,0.8000,0.949813
2783,router_0_1,router_1_1,0.4000,0.949813
2784,router_0_1,router_1_1,0.8000,0.949813
2785,router_0_1,router_1_1,0.8000,0.949813
2786,router_3_0,router_2_1,3.8001,0.873955
2787,router_3_0,router_2_1,0.8000,0.878296
2788,router_3_0,router_2_1,1.8000,0.877292
2789,router_3_0,router_2_1,3.3001,0.875455
2790,router_2_0,router_3_1,1.1000,0.877794
2791,router_2_0,router_3_1,1.5000,0.877125
2792,router_2_0,router_3_1,0.7000,0.878464
2793,router_2_0,router_3_1,0.7000,0.878464
2794,router_1_0,router_0_2,4.4001,0.804616
2795,router_1_0,router_0_2,1.9000,0.812061
2796,router_1_0,router_0_2,2.4000,0.812961
2797,router_1_0,router_0_2,3.4001,0.806988
2798,router_0_0,router_1_2,1.4000,0.813637
2799,router_0_0,router_1_2,2.5001,0.809743
2800,router_0_0,router_1_2,3.7001,0.806765
2801,router_0_0,router_1_2,2.6001,0.811836
2802,router_0_1,router_2_0,1.9000,0.812736
2803,router_0_1,router_0_0,0.5000,0.949813
2804,router_0_1,router_3_0,3.9001,0.750267
2805,router_0_1,router_1_0,2.8001,0.874954
2806,router_0_1,router_1_1,0.4000,0.949813
2807,router_0_1,router_1_1,0.4000,0.949813
2808,router_0_1,router_1_1,0.8000,0.949813
2809,router_0_1,router_2_1,1.5000,0.878464
2810,router_3_0,router_2_1,4.3001,0.876790
2811,router_3_0,router_2_1,1.8000,0.877292
2812,router_3_0,router_2_1,1.8000,0.876623
2813,router_3_0,router_3_1,0.4000,0.949813
2814,router_2_0,router_3_1,1.9001,0.877125
2815,router_2_0,router_3_1,0.7000,0.878464
2816,router_2_0,router_3_1,1.9000,0.876456
2817,router_2_0,router_0_2,3.4001,0.753345
2818,router_1_0,router_0_2,3.4001,0.808177
2819,router_1_0,router_0_2,1.9000,0.811462
2820,router_1_0,router_0_2,2.1000,0.812211
2821,router_1_0,router_1_2,1.1000,0.877794
2822,router_0_0,router_1_2,4.1001,0.806172
2823,router_0_0,router_1_2,2.9001,0.809146
2824,router_0_0,router_2_2,1.7000,0.755093
2825,router_0_0,router_1_2,1.8000,0.813036
2826,router_0_1,router_3_0,5.4001,0.745223
2827,router_0_1,router_1_0,1.5000,0.877292
2828,router_0_1,router_3_0,2.5000,0.752942
2829,router_0_1,router_1_0,1.3000,0.877459
2830,router_0_1,router_1_1,1.2000,0.949813
2831,router_0_1,router_1_1,0.8000,0.949813
2832,router_0_1,router_1_1,0.4000,0.949813
2833,router_0_1,router_2_1,1.5000,0.877125
2834,router_3_0,router_2_1,1.1000,0.877961
2835,router_3_0,router_2_1,2.3001,0.875788
2836,router_3_0,router_2_1,1.8000,0.876623
2837,router_3_0,router_3_1,0.4000,0.949813
2838,router_2_0,router_3_1,1.1000,0.877794
2839,router_2_0,router_3_1,2.3001,0.876456
2840,router_2_0,router_3_1,1.1000,0.877794
2841,router_2_0,router_0_2,3.7001,0.750934
2842,router_1_0,router_0_2,3.3001,0.808922
2843,router_1_0,router_0_2,2.5000,0.811911
2844,router_1_0,router_0_2,2.5000,0.810564
2845,router_1_0,router_1_2,2.3001,0.875788
2846,router_0_0,router_1_2,2.6001,0.811836
2847,router_0_0,router_1_2,1.7000,0.812736
2848,router_0_0,router_1_2,2.5000,0.810340
2849,router_0_0,router_2_2,3.3001,0.752406
2850,router_0_1,router_3_0,3.3001,0.750934
2851,router_0_1,router_1_0,1.3000,0.877459
2852,router_0_1,router_2_0,1.9000,0.812736
2853,router_1_1,router_0_0,2.3000,0.875955
2854,router_0_1,router_1_1,0.8000,0.949813
2855,router_0_1,router_1_1,1.2000,0.949813
2856,router_0_1,router_2_1,2.7001,0.876456
2857,router_0_1,router_2_1,1.5000,0.877125
2858,router_3_0,router_2_1,1.1000,0.877961
2859,router_3_0,router_2_1,1.3000,0.878129
2860,router_3_0,router_3_1,0.8000,0.949813
2861,router_3_0,router_3_1,0.8000,0.949813
2862,router_2_0,router_3_1,0.7000,0.878464
2863,router_2_0,router_3_1,2.7001,0.875121
2864,router_2_0,router_0_2,2.4000,0.753345
2865,router_2_0,router_0_2,3.4001,0.752272
2866,router_1_0,router_0_2,2.9000,0.811462
2867,router_1_0,router_0_2,2.1000,0.811612
2868,router_1_0,router_1_2,1.9000,0.876456
2869,router_1_0,router_1_2,1.9001,0.877794
2870,router_0_0,router_1_2,1.8000,0.813036
2871,router_0_0,router_1_2,1.7000,0.812736
2872,router_0_0,router_2_2,2.9001,0.751870
2873,router_0_0,router_2_2,2.5000,0.754016
2874,router_0_1,router_2_0,3.4001,0.809444
2875,router_1_1,router_0_0,1.8000,0.876790
2876,router_0_1,router_2_0,3.4001,0.811237
2877,router_1_1,router_0_0,1.3000,0.877627
2878,router_0_1,router_1_1,1.2000,0.949813
2879,router_0_1,router_1_1,0.4000,0.949813
2880,router_0_1,router_2_1,1.1000,0.878464
2881,router_0_1,router_2_1,2.3001,0.876456
2882,router_3_0,router_2_1,1.9001,0.876623
2883,router_3_0,router_2_1,1.9001,0.877459
2884,router_3_0,router_3_1,1.2000,0.949813
2885,router_3_0,router_3_1,0.4000,0.949813
2886,router_2_0,router_3_1,2.3001,0.876456
2887,router_2_0,router_3_1,1.1000,0.877794
2888,router_2_0,router_0_2,4.5001,0.749334
2889,router_2_0,router_0_2,2.4000,0.754016
2890,router_1_0,router_0_2,1.9000,0.813261
2891,router_1_0,router_0_2,1.4000,0.812961
2892,router_1_0,router_1_2,1.5000,0.877794
2893,router_1_0,router_1_2,1.1000,0.877794
2894,router_0_0,router_1_2,1.8000,0.813637
2895,router_0_0,router_1_2,4.1001,0.805579
2896,router_0_0,router_2_2,3.7001,0.750267
2897,router_0_0,router_2_2,3.7001,0.750267
2898,router_0_1,router_2_0,3.0001,0.813036
2899,router_1_1,router_0_0,1.8000,0.876790
2900,router_0_1,router_3_0,3.3001,0.750934
2901,router_1_1,router_1_0,0.5000,0.949813
2902,router_0_1,router_1_1,0.4000,0.949813
2903,router_0_1,router_2_1,1.1000,0.877794
2904,router_0_1,router_2_1,1.1000,0.877794
2905,router_0_1,router_2_1,0.7000,0.878464
2906,router_3_0,router_2_1,0.8000,0.878296
2907,router_3_0,router_3_1,2.0001,0.949813
2908,router_3_0,router_3_1,1.2000,0.949813
2909,router_3_0,router_3_1,1.2000,0.949813
2910,router_2_0,router_3_1,1.1000,0.878464
2911,router_2_0,router_0_2,6.9002,0.743246
2912,router_2_0,router_0_2,2.4000,0.754554
2913,router_2_0,router_0_2,1.7000,0.755228
2914,router_1_0,router_0_2,1.9000,0.813261
2915,router_1_0,router_1_2,1.9000,0.878464
2916,router_1_0,router_1_2,2.7001,0.875788
2917,router_1_0,router_1_2,2.3001,0.875788
2918,router_0_0,router_1_2,1.3000,0.813337
2919,router_0_0,router_2_2,2.9001,0.752942
2920,router_0_0,router_2_2,1.7000,0.755632
2921,router_0_0,router_2_2,4.1001,0.752942
2922,router_0_1,router_3_0,6.9002,0.742326
2923,router_1_1,router_1_0,0.5000,0.949813
2924,router_0_1,router_3_0,3.7001,0.749867
2925,router_1_1,router_1_0,0.5000,0.949813
2926,router_0_1,router_1_1,0.8000,0.949813
2927,router_0_1,router_2_1,1.1000,0.877794
2928,router_0_1,router_2_1,1.1000,0.877794
2929,router_0_1,router_2_1,1.5000,0.877125
2930,router_3_0,router_2_1,4.3001,0.872625
2931,router_3_0,router_3_1,0.4000,0.949813
2932,router_3_0,router_3_1,0.8000,0.949813
2933,router_3_0,router_3_1,0.8000,0.949813
2934,router_2_0,router_3_1,1.9001,0.876456
2935,router_2_0,router_0_2,2.9001,0.752540
2936,router_2_0,router_0_2,4.4001,0.748004
2937,router_2_0,router_0_2,3.4001,0.752674
2938,router_1_0,router_0_2,1.7000,0.812211
2939,router_1_0,router_1_2,0.7000,0.878464
2940,router_1_0,router_1_2,2.3001,0.875788
2941,router_1_0,router_1_2,2.7001,0.877125
2942,router_0_0,router_1_2,1.7000,0.812736
2943,router_0_0,router_2_2,2.5001,0.753479
2944,router_0_0,router_2_2,4.5001,0.748137
2945,router_0_0,router_2_2,2.1000,0.754016
2946,router_0_1,router_3_0,2.9001,0.752942
2947,router_1_1,router_1_0,1.0000,0.949813
2948,router_1_1,router_2_0,2.3000,0.875788
2949,router_1_1,router_0_0,1.3000,0.877627
2950,router_0_1,router_2_1,1.5000,0.877794
2951,router_0_1,router_2_1,0.7000,0.878464
2952,router_0_1,router_2_1,1.5000,0.878464
2953,router_0_1,router_2_1,1.9001,0.876456
2954,router_3_0,router_3_1,0.8000,0.949813
2955,router_3_0,router_3_1,0.8000,0.949813
2956,router_3_0,router_3_1,1.2000,0.949813
2957,router_3_0,router_3_1,1.2000,0.949813
2958,router_2_0,router_0_2,4.5001,0.748935
2959,router_2_0,router_0_2,3.4001,0.750667
2960,router_2_0,router_0_2,2.9000,0.753345
2961,router_2_0,router_0_2,3.4001,0.751335
2962,router_1_0,router_1_2,1.1000,0.877794
2963,router_1_0,router_1_2,1.1000,0.877794
2964,router_1_0,router_1_2,1.5000,0.877794
2965,router_1_0,router_1_2,0.7000,0.878464
2966,router_0_0,router_2_2,3.7001,0.751335
2967,router_0_0,router_2_2,1.3000,0.756172
2968,router_0_0,router_2_2,3.3001,0.751335
2969,router_0_0,router_2_2,2.1000,0.754554
2970,router_1_1,router_2_0,3.9001,0.873290
2971,router_1_1,router_0_0,0.8000,0.878464
2972,router_1_1,router_2_0,1.5000,0.877292
2973,router_1_1,router_0_0,1.3000,0.877627
2974,router_0_1,router_2_1,2.3001,0.876456
2975,router_0_1,router_2_1,1.5000,0.877125
2976,router_0_1,router_2_1,3.9001,0.873789
2977,router_0_1,router_2_1,1.1000,0.877794
2978,router_3_0,router_3_1,0.8000,0.949813
2979,router_3_0,router_3_1,0.4000,0.949813
2980,router_3_0,router_3_1,0.8000,0.949813
2981,router_3_0,router_3_1,0.4000,0.949813
2982,router_2_0,router_0_2,2.1000,0.754151
2983,router_2_0,router_0_2,2.4000,0.754016
2984,router_2_0,router_0_2,2.4000,0.753345
2985,router_2_0,router_0_2,3.4001,0.750667
2986,router_1_0,router_1_2,0.7000,0.878464
2987,router_1_0,router_1_2,1.5000,0.877125
2988,router_1_0,router_1_2,2.3001,0.877794
2989,router_1_0,router_1_2,3.1001,0.877794
2990,router_0_0,router_2_2,2.1000,0.754554
2991,router_0_0,router_2_2,2.5000,0.753479
2992,router_0_0,router_2_2,3.3001,0.750801
2993,router_0_0,router_2_2,1.7000,0.755093
2994,router_1_1,router_2_0,1.9000,0.876623
2995,router_1_1,router_0_0,0.8000,0.878464
2996,router_1_1,router_3_0,2.9000,0.810938
2997,router_1_1,router_1_0,0.5000,0.949813
2998,router_1_1,router_2_1,0.8000,0.949813
2999,router_0_1,router_2_1,1.1000,0.878464
3000,router_0_1,router_2_1,0.7000,0.878464
3001,router_0_1,router_2_1,1.1000,0.877794
3002,router_0_1,router_3_1,2.9001,0.809743
3003,router_3_0,router_3_1,1.2000,0.949813
3004,router_3_0,router_3_1,0.8000,0.949813
3005,router_3_0,router_3_1,0.4000,0.949813
3006,router_3_0,router_0_2,3.1000,0.700763
3007,router_2_0,router_0_2,2.4000,0.754689
3008,router_2_0,router_0_2,2.5001,0.753076
3009,router_2_0,router_0_2,2.4000,0.753345
3010,router_2_0,router_1_2,1.7000,0.812211
3011,router_1_0,router_1_2,1.1000,0.877794
3012,router_1_0,router_1_2,2.3001,0.875788
3013,router_1_0,router_1_2,1.1000,0.877794
3014,router_1_0,router_2_2,2.6001,0.812436
3015,router_0_0,router_2_2,2.1000,0.754016
3016,router_0_0,router_2_2,2.1000,0.754016
3017,router_0_0,router_3_2,3.7001,0.697708
3018,router_0_0,router_2_2,1.7000,0.755632
3019,router_1_1,router_3_0,2.4000,0.810639
3020,router_1_1,router_1_0,0.5000,0.949813
3021,router_1_1,router_3_0,2.4000,0.811836
3022,router_1_1,router_1_0,0.5000,0.949813
3023,router_1_1,router_2_1,1.2000,0.949813
3024,router_0_1,router_2_1,1.9001,0.876456
3025,router_0_1,router_2_1,0.7000,0.878464
3026,router_0_1,router_2_1,1.5000,0.877794
3027,router_0_1,router_3_1,3.8001,0.811237
3028,router_3_0,router_3_1,0.4000,0.949813
3029,router_3_0,router_3_1,0.4000,0.949813
3030,router_3_0,router_3_1,0.8000,0.949813
3031,router_3_0,router_0_2,4.6001,0.696099
3032,router_2_0,router_0_2,3.9001,0.751737
3033,router_2_0,router_0_2,4.9001,0.746678
3034,router_2_0,router_0_2,2.9000,0.752004
3035,router_2_0,router_1_2,2.2000,0.812511
3036,router_1_0,router_1_2,1.1000,0.878464
3037,router_1_0,router_1_2,0.7000,0.878464
3038,router_1_0,router_1_2,1.5000,0.877125
3039,router_1_0,router_2_2,3.3001,0.811537
3040,router_0_0,router_2_2,2.1000,0.755093
3041,router_0_0,router_2_2,5.3001,0.746016
3042,router_0_0,router_2_2,1.3000,0.756172
3043,router_0_0,router_3_2,4.9001,0.695326
3044,router_1_1,router_3_0,3.4001,0.810041
3045,router_1_1,router_1_0,1.5000,0.949813
3046,router_1_1,router_0_1,1.0000,0.949813
3047,router_1_1,router_2_0,2.3001,0.876790
3048,router_1_1,router_0_0,0.8000,0.878464
3049,router_1_1,router_2_1,0.8000,0.949813
3050,router_1_1,router_2_1,0.8000,0.949813
3051,router_0_1,router_2_1,1.1000,0.877794
3052,router_0_1,router_2_1,1.1000,0.877794
3053,router_0_1,router_3_1,2.1000,0.810938
3054,router_0_1,router_3_1,2.9001,0.809146
3055,router_3_0,router_3_1,0.4000,0.949813
3056,router_3_0,router_3_1,0.4000,0.949813
3057,router_3_0,router_0_2,2.9000,0.701605
3058,router_3_0,router_0_2,4.4001,0.699442
3059,router_2_0,router_0_2,1.4000,0.756037
3060,router_2_0,router_0_2,2.4000,0.754016
3061,router_2_0,router_1_2,1.9000,0.812661
3062,router_2_0,router_1_2,3.9001,0.806691
3063,router_1_0,router_1_2,1.5000,0.877125
3064,router_1_0,router_1_2,1.1000,0.877794
3065,router_1_0,router_2_2,2.5001,0.811537
3066,router_1_0,router_2_2,2.6001,0.811836
3067,router_0_0,router_2_2,2.5001,0.755093
3068,router_0_0,router_2_2,1.7000,0.755093
3069,router_0_0,router_3_2,4.1001,0.696754
3070,router_0_0,router_3_2,4.1001,0.696277
3071,router_1_1,router_0_1,0.5000,0.949813
3072,router_1_1,router_2_0,0.8000,0.878296
3073,router_1_1,router_0_0,3.8001,0.875121
3074,router_1_1,router_0_1,0.5000,0.949813
3075,router_1_1,router_2_0,3.8001,0.873290
3076,router_1_1,router_0_0,0.8000,0.878464
3077,router_1_1,router_2_1,2.8001,0.949813
3078,router_1_1,router_2_1,0.8000,0.949813
3079,router_0_1,router_2_1,1.5000,0.877125
3080,router_0_1,router_2_1,0.7000,0.878464
3081,router_0_1,router_3_1,2.5001,0.811537
3082,router_0_1,router_3_1,4.2001,0.810639
3083,router_3_0,router_3_1,0.4000,0.949813
3084,router_3_0,router_3_1,1.6000,0.949813
3085,router_3_0,router_0_2,3.7001,0.698724
3086,router_3_0,router_0_2,4.6001,0.695980
3087,router_2_0,router_0_2,1.9000,0.754689
3088,router_2_0,router_0_2,2.5000,0.753748
3089,router_2_0,router_1_2,1.8000,0.813111
3090,router_2_0,router_1_2,3.7001,0.807582
3091,router_1_0,router_1_2,2.7001,0.875121
3092,router_1_0,router_1_2,0.7000,0.878464
3093,router_1_0,router_2_2,3.7001,0.806765
3094,router_1_0,router_2_2,2.9001,0.808550
3095,router_0_0,router_2_2,2.1000,0.755093
3096,router_0_0,router_2_2,4.9001,0.747075
3097,router_0_0,router_3_2,3.3000,0.699622
3098,router_0_0,router_3_2,3.7001,0.698185
3099,router_1_1,router_0_1,1.0000,0.949813
3100,router_1_1,router_2_0,1.1000,0.877961
3101,router_1_1,router_0_0,0.8000,0.878464
3102,router_1_1,router_3_0,2.6001,0.811836
3103,router_1_1,router_1_0,0.5000,0.949813
3104,router_1_1,router_2_1,2.4001,0.949813
3105,router_1_1,router_2_1,0.4000,0.949813
3106,router_1_1,router_2_1,0.8000,0.949813
3107,router_0_1,router_2_1,1.5000,0.877125
3108,router_0_1,router_3_1,2.2001,0.812436
3109,router_0_1,router_3_1,2.5001,0.810340
3110,router_0_1,router_3_1,2.5000,0.810938
3111,router_3_0,router_3_1,0.4000,0.949813
3112,router_3_0,router_0_2,5.1001,0.693726
3113,router_3_0,router_0_2,3.3001,0.699802
3114,router_3_0,router_0_2,5.1001,0.695267
3115,router_2_0,router_0_2,2.4000,0.753882
3116,router_2_0,router_1_2,3.7001,0.807582
3117,router_2_0,router_1_2,2.9001,0.808624
3118,router_2_0,router_1_2,1.4000,0.812961
3119,router_1_0,router_1_2,1.9000,0.876456
3120,router_1_0,router_2_2,2.5001,0.810340
3121,router_1_0,router_2_2,1.7000,0.812736
3122,router_1_0,router_2_2,1.3000,0.813337
3123,router_0_0,router_2_2,2.1000,0.755093
3124,router_0_0,router_3_2,3.3000,0.700582
3125,router_0_0,router_3_2,4.5001,0.697230
3126,router_0_0,router_3_2,3.7001,0.697708
3127,router_1_1,router_3_0,3.4001,0.808252
3128,router_1_1,router_1_0,4.0001,0.949813
3129,router_1_1,router_3_0,1.9000,0.812136
3130,router_1_1,router_1_0,3.0001,0.949813
3131,router_1_1,router_2_1,0.4000,0.949813
3132,router_1_1,router_2_1,0.8000,0.949813
3133,router_1_1,router_2_1,0.4000,0.949813
3134,router_0_1,router_2_1,1.5000,0.877125
3135,router_0_1,router_3_1,2.9001,0.809146
3136,router_0_1,router_3_1,4.1001,0.806765
3137,router_0_1,router_3_1,1.3000,0.813337
3138,router_3_0,router_3_1,1.6000,0.949813
3139,router_3_0,router_0_2,5.6001,0.692308
3140,router_3_0,router_0_2,3.1000,0.700883
3141,router_3_0,router_0_2,3.6000,0.698963
3142,router_2_0,router_0_2,3.9001,0.751068
3143,router_2_0,router_1_2,1.8000,0.812961
3144,router_2_0,router_1_2,2.4000,0.809967
3145,router_2_0,router_1_2,3.4001,0.808177
3146,router_1_0,router_1_2,0.7000,0.878464
3147,router_1_0,router_2_2,3.3001,0.809146
3148,router_1_0,router_2_2,1.8000,0.813036
3149,router_1_0,router_2_2,2.1000,0.810938
3150,router_0_0,router_2_2,2.5001,0.754016
3151,router_0_0,router_3_2,2.9000,0.701063
3152,router_0_0,router_3_2,3.7001,0.700582
3153,router_0_0,router_3_2,4.9001,0.694377
3154,router_1_1,router_3_0,2.4001,0.811237
3155,router_1_1,router_1_0,0.5000,0.949813
3156,router_1_1,router_0_1,1.0000,0.949813
3157,router_1_1,router_2_0,1.8000,0.877961
3158,router_1_1,router_0_0,1.8000,0.876790
3159,router_1_1,router_2_1,1.2000,0.949813
3160,router_1_1,router_2_1,0.4000,0.949813
3161,router_1_1,router_2_1,0.8000,0.949813
3162,router_1_1,router_2_1,0.8000,0.949813
3163,router_0_1,router_3_1,2.2001,0.812436
3164,router_0_1,router_3_1,2.5001,0.810938
3165,router_0_1,router_3_1,2.9001,0.808550
3166,router_0_1,router_3_1,3.3001,0.807359
3167,router_3_0,router_0_2,3.6000,0.699922
3168,router_3_0,router_0_2,3.1000,0.700282
3169,router_3_0,router_0_2,3.1000,0.701846
3170,router_3_0,router_0_2,4.1001,0.698365
3171,router_2_0,router_1_2,2.2001,0.812361
3172,router_2_0,router_1_2,3.7001,0.807731
3173,router_2_0,router_1_2,1.7000,0.812811
3174,router_2_0,router_1_2,2.9000,0.808475
3175,router_1_0,router_2_2,4.6001,0.808848
3176,router_1_0,router_2_2,1.8000,0.813036
3177,router_1_0,router_2_2,2.6001,0.811836
3178,router_1_0,router_2_2,2.1000,0.810938
3179,router_0_0,router_3_2,2.9000,0.701063
3180,router_0_0,router_3_2,3.7001,0.697708
3181,router_0_0,router_3_2,4.9001,0.694377
3182,router_0_0,router_3_2,3.7001,0.698185
3183,router_1_1,router_0_1,1.0000,0.949813
3184,router_1_1,router_2_0,0.8000,0.878296
3185,router_1_1,router_0_0,0.8000,0.878464
3186,router_1_1,router_0_1,1.5000,0.949813
3187,router_1_1,router_2_0,1.3000,0.877459
3188,router_1_1,router_0_0,2.8001,0.877627
3189,router_1_1,router_2_1,4.4001,0.949813
3190,router_1_1,router_2_1,0.8000,0.949813
3191,router_1_1,router_2_1,0.4000,0.949813
3192,router_1_1,router_2_1,1.2000,0.949813
3193,router_0_1,router_3_1,2.9001,0.808550
3194,router_0_1,router_3_1,1.8000,0.813036
3195,router_0_1,router_3_1,2.9001,0.810340
3196,router_0_1,router_3_1,1.7000,0.812136
3197,router_3_0,router_0_2,6.9002,0.687032
3198,router_3_0,router_0_2,3.6000,0.698006
3199,router_3_0,router_0_2,4.1001,0.697290
3200,router_3_0,router_0_2,3.6000,0.699562
3201,router_2_0,router_1_2,3.4001,0.811462
3202,router_2_0,router_1_2,1.8000,0.812961
3203,router_2_0,router_1_2,2.4000,0.811761
3204,router_2_0,router_1_2,2.4000,0.809967
3205,router_1_0,router_2_2,2.1000,0.812136
3206,router_1_0,router_2_2,2.1000,0.810938
3207,router_1_0,router_2_2,4.1001,0.807359
3208,router_1_0,router_2_2,2.1000,0.812136
3209,router_0_0,router_3_2,3.7001,0.698664
3210,router_0_0,router_3_2,6.1001,0.690601
3211,router_0_0,router_3_2,3.7001,0.697708
3212,router_0_0,router_3_2,4.5001,0.696754
3213,router_1_1,router_0_1,0.5000,0.949813
3214,router_1_1,router_2_0,0.8000,0.878296
3215,router_1_1,router_0_0,1.3000,0.878464
3216,router_1_1,router_3_0,2.1000,0.811088
3217,router_1_1,router_1_0,0.5000,0.949813
3218,router_1_1,router_2_1,0.4000,0.949813
3219,router_1_1,router_2_1,0.4000,0.949813
3220,router_1_1,router_2_1,0.8000,0.949813
3221,router_1_1,router_3_1,1.1000,0.878464
3222,router_0_1,router_3_1,1.7000,0.812136
3223,router_0_1,router_3_1,3.8001,0.810041
3224,router_0_1,router_3_1,2.1000,0.811537
3225,router_0_1,router_0_2,0.8000,0.949813
3226,router_3_0,router_0_2,3.3000,0.699802
3227,router_3_0,router_0_2,3.6000,0.698484
3228,router_3_0,router_0_2,3.6000,0.698484
3229,router_3_0,router_1_2,3.9001,0.749867
3230,router_2_0,router_1_2,1.7000,0.812211
3231,router_2_0,router_1_2,3.7001,0.806246
3232,router_2_0,router_1_2,2.6001,0.812961
3233,router_2_0,router_2_2,0.7000,0.878464
3234,router_1_0,router_2_2,2.5001,0.810938
3235,router_1_0,router_2_2,2.2000,0.812436
3236,router_1_0,router_2_2,2.1000,0.810938
3237,router_1_0,router_3_2,2.9001,0.751870
3238,router_0_0,router_3_2,5.7001,0.690601
3239,router_0_0,router_3_2,4.1001,0.696277
3240,router_0_0,router_0_3,1.7000,0.812736
3241,router_0_0,router_3_2,3.6001,0.700823
3242,router_1_1,router_3_0,2.9001,0.810041
3243,router_1_1,router_1_0,0.5000,0.949813
3244,router_1_1,router_3_0,2.9001,0.810041
3245,router_1_1,router_1_0,2.0000,0.949813
3246,router_1_1,router_2_1,1.6000,0.949813
3247,router_1_1,router_2_1,0.4000,0.949813
3248,router_1_1,router_2_1,1.2000,0.949813
3249,router_1_1,router_3_1,2.7001,0.875788
3250,router_0_1,router_3_1,2.9001,0.809146
3251,router_0_1,router_3_1,3.3001,0.808550
3252,router_0_1,router_3_1,1.7000,0.812736
3253,router_0_1,router_0_2,0.8000,0.949813
3254,router_3_0,router_0_2,4.1001,0.696932
3255,router_3_0,router_0_2,6.1001,0.689721
3256,router_3_0,router_0_2,3.3001,0.699682
3257,router_3_0,router_1_2,2.4000,0.754016
3258,router_2_0,router_1_2,3.7001,0.807582
3259,router_2_0,router_1_2,3.0001,0.812061
3260,router_2_0,router_1_2,2.1000,0.811013
3261,router_2_0,router_2_2,3.1001,0.877794
3262,router_1_0,router_2_2,1.7000,0.812136
3263,router_1_0,router_2_2,2.5000,0.812136
3264,router_1_0,router_2_2,2.6001,0.811836
3265,router_1_0,router_3_2,2.1000,0.754554
3266,router_0_0,router_3_2,7.7002,0.684533
3267,router_0_0,router_3_2,4.1001,0.698185
3268,router_0_0,router_3_2,3.7001,0.698664
3269,router_0_0,router_0_3,1.7000,0.812136
3270,router_1_1,router_3_0,2.4000,0.810639
3271,router_1_1,router_1_0,1.0000,0.949813
3272,router_1_1,router_0_1,0.5000,0.949813
3273,router_1_1,router_2_0,1.1000,0.877961
3274,router_2_1,router_0_0,2.6001,0.811911
3275,router_1_1,router_2_1,0.4000,0.949813
3276,router_1_1,router_2_1,0.4000,0.949813
3277,router_1_1,router_3_1,1.5000,0.877125
3278,router_1_1,router_3_1,1.9001,0.877125
3279,router_0_1,router_3_1,1.3000,0.813337
3280,router_0_1,router_3_1,1.7000,0.812136
3281,router_0_1,router_0_2,0.4000,0.949813
3282,router_0_1,router_0_2,0.8000,0.949813
3283,router_3_0,router_0_2,4.1001,0.696694
3284,router_3_0,router_0_2,4.1001,0.698365
3285,router_3_0,router_1_2,2.9001,0.753211
3286,router_3_0,router_1_2,2.1000,0.754151
3287,router_2_0,router_1_2,1.7000,0.812211
3288,router_2_0,router_1_2,2.1000,0.811612
3289,router_2_0,router_2_2,1.1000,0.877794
3290,router_2_0,router_2_2,1.9000,0.877125
3291,router_1_0,router_2_2,2.1000,0.812136
3292,router_1_0,router_2_2,2.1000,0.811537
3293,router_1_0,router_3_2,2.1000,0.754016
3294,router_1_0,router_3_2,3.7001,0.750801
3295,router_0_0,router_3_2,4.0001,0.700823
3296,router_0_0,router_3_2,3.3000,0.699622
3297,router_0_0,router_0_3,1.7000,0.812736
3298,router_0_0,router_0_3,3.7001,0.806172
3299,router_1_1,router_0_1,2.5001,0.949813
3300,router_1_1,router_2_0,1.3000,0.877459
3301,router_2_1,router_0_0,4.4001,0.805060
3302,router_1_1,router_0_1,0.5000,0.949813
3303,router_1_1,router_2_0,1.5000,0.877292
3304,router_2_1,router_0_0,2.4000,0.811013
3305,router_1_1,router_2_1,1.2000,0.949813
3306,router_1_1,router_2_1,0.4000,0.949813
3307,router_1_1,router_3_1,1.5000,0.877125
3308,router_1_1,router_3_1,1.1000,0.877794
3309,router_0_1,router_3_1,2.1000,0.811537
3310,router_0_1,router_3_1,2.5000,0.810938
3311,router_0_1,router_0_2,1.6000,0.949813
3312,router_0_1,router_0_2,0.4000,0.949813
3313,router_3_0,router_0_2,3.6000,0.698126
3314,router_3_0,router_0_2,4.1001,0.696337
3315,router_3_0,router_1_2,1.9000,0.754689
3316,router_3_0,router_1_2,2.1000,0.754823
3317,router_2_0,router_1_2,2.9000,0.811462
3318,router_2_0,router_1_2,1.9000,0.812061
3319,router_2_0,router_2_2,1.5000,0.877794
3320,router_2_0,router_2_2,1.1000,0.877794
3321,router_1_0,router_2_2,2.5001,0.810938
3322,router_1_0,router_2_2,2.9001,0.810938
3323,router_1_0,router_3_2,2.1000,0.755093
3324,router_1_0,router_3_2,2.9001,0.753479
3325,router_0_0,router_3_2,4.9001,0.696754
3326,router_0_0,router_3_2,4.1001,0.698664
3327,router_0_0,router_0_3,3.3001,0.807359
3328,router_0_0,router_0_3,2.1000,0.810938
3329,router_1_1,router_0_1,0.5000,0.949813
3330,router_1_1,router_2_0,0.8000,0.878296
3331,router_2_1,router_0_0,3.4001,0.808773
3332,router_1_1,router_3_0,3.9001,0.810340
3333,router_2_1,router_1_0,2.8001,0.876790
3334,router_1_1,router_2_1,0.4000,0.949813
3335,router_1_1,router_3_1,2.7001,0.877125
3336,router_1_1,router_3_1,0.7000,0.878464
3337,router_1_1,router_3_1,1.1000,0.878464
3338,router_0_1,router_3_1,1.7000,0.812736
3339,router_0_1,router_0_2,0.4000,0.949813
3340,router_0_1,router_0_2,0.4000,0.949813
3341,router_0_1,router_0_2,1.2000,0.949813
3342,router_3_0,router_0_2,4.1001,0.696932
3343,router_3_0,router_1_2,2.1000,0.754151
3344,router_3_0,router_1_2,2.4000,0.753345
3345,router_3_0,router_1_2,2.1000,0.754151
3346,router_2_0,router_1_2,3.4001,0.806988
3347,router_2_0,router_2_2,1.1000,0.878464
3348,router_2_0,router_2_2,2.3001,0.875788
3349,router_2_0,router_2_2,0.7000,0.878464
3350,router_1_0,router_2_2,1.7000,0.812736
3351,router_1_0,router_3_2,1.7000,0.755093
3352,router_1_0,router_3_2,2.1000,0.754016
3353,router_1_0,router_3_2,3.3001,0.751335
3354,router_0_0,router_3_2,3.3000,0.699143
3355,router_0_0,router_0_3,1.4000,0.813637
3356,router_0_0,router_0_3,1.7000,0.812136
3357,router_0_0,router_0_3,1.7000,0.812736
3358,router_1_1,router_3_0,3.9001,0.805579
3359,router_2_1,router_1_0,1.8000,0.877627
3360,router_1_1,router_3_0,1.8000,0.813036
3361,router_2_1,router_1_0,1.8000,0.876790
3362,router_1_1,router_2_1,0.8000,0.949813
3363,router_1_1,router_3_1,0.7000,0.878464
3364,router_1_1,router_3_1,1.1000,0.877794
3365,router_1_1,router_3_1,1.9001,0.876456
3366,router_0_1,router_3_1,1.7000,0.812136
3367,router_0_1,router_0_2,1.6000,0.949813
3368,router_0_1,router_0_2,0.8000,0.949813
3369,router_0_1,router_0_2,4.8002,0.949813
3370,router_3_0,router_0_2,3.6000,0.700402
3371,router_3_0,router_1_2,5.4001,0.748669
3372,router_3_0,router_1_2,2.1000,0.754689
3373,router_3_0,router_1_2,3.3001,0.750934
3374,router_2_0,router_1_2,3.4001,0.808773
3375,router_2_0,router_2_2,1.1000,0.878464
3376,router_2_0,router_2_2,0.7000,0.878464
3377,router_2_0,router_2_2,1.9001,0.877794
3378,router_1_0,router_2_2,2.1000,0.812136
3379,router_1_0,router_3_2,2.9001,0.751870
3380,router_1_0,router_3_2,3.7001,0.750267
3381,router_1_0,router_3_2,1.7000,0.755093
3382,router_0_0,router_3_2,4.5001,0.697708
3383,router_0_0,router_0_3,2.1000,0.810938
3384,router_0_0,router_0_3,4.1001,0.804986
3385,router_0_0,router_0_3,2.1000,0.812136
3386,router_1_1,router_3_0,4.9001,0.802623
3387,router_2_1,router_1_0,1.3000,0.878464
3388,router_1_1,router_0_1,1.0000,0.949813
3389,router_2_1,router_2_0,0.5000,0.949813
3390,router_2_1,router_0_0,2.9000,0.809519
3391,router_1_1,router_3_1,1.1000,0.877794
3392,router_1_1,router_3_1,0.7000,0.878464
3393,router_1_1,router_3_1,1.1000,0.878464
3394,router_1_1,router_3_1,1.1000,0.877794
3395,router_0_1,router_0_2,0.8000,0.949813
3396,router_0_1,router_0_2,0.4000,0.949813
3397,router_0_1,router_0_2,0.4000,0.949813
3398,router_0_1,router_0_2,0.8000,0.949813
3399,router_3_0,router_1_2,4.9001,0.748004
3400,router_3_0,router_1_2,1.4000,0.756037
3401,router_3_0,router_1_2,2.4000,0.754016
3402,router_3_0,router_1_2,1.7000,0.755228
3403,router_2_0,router_2_2,1.9000,0.876456
3404,router_2_0,router_2_2,0.7000,0.878464
3405,router_2_0,router_2_2,3.1001,0.874455
3406,router_2_0,router_2_2,2.7001,0.877125
3407,router_1_0,router_3_2,1.7000,0.755632
3408,router_1_0,router_3_2,2.5000,0.753479
3409,router_1_0,router_3_2,1.7000,0.755632
3410,router_1_0,router_3_2,1.7000,0.755093
3411,router_0_0,router_0_3,2.9001,0.808550
3412,router_0_0,router_0_3,1.3000,0.813337
3413,router_0_0,router_0_3,2.5000,0.812136
3414,router_0_0,router_0_3,1.7000,0.812736
3415,router_1_1,router_0_1,0.5000,0.949813
3416,router_2_1,router_2_0,0.5000,0.949813
3417,router_2_1,router_0_0,2.4000,0.810265
3418,router_1_1,router_0_1,1.0000,0.949813
3419,router_2_1,router_2_0,0.5000,0.949813
3420,router_2_1,router_0_0,2.9001,0.809519
3421,router_1_1,router_3_1,1.1000,0.878464
3422,router_1_1,router_3_1,0.7000,0.878464
3423,router_1_1,router_3_1,0.7000,0.878464
3424,router_1_1,router_3_1,1.9001,0.876456
3425,router_0_1,router_0_2,0.4000,0.949813
3426,router_0_1,router_0_2,0.4000,0.949813
3427,router_0_1,router_0_2,0.4000,0.949813
3428,router_0_1,router_0_2,2.4001,0.949813
3429,router_3_0,router_1_2,3.9001,0.750667
3430,router_3_0,router_1_2,1.9000,0.755902
3431,router_3_0,router_1_2,3.4001,0.751335
3432,router_3_0,router_1_2,2.1000,0.754689
3433,router_2_0,router_2_2,1.1000,0.877794
3434,router_2_0,router_2_2,2.7001,0.876456
3435,router_2_0,router_2_2,1.1000,0.877794
3436,router_2_0,router_2_2,0.7000,0.878464
3437,router_1_0,router_3_2,2.1000,0.754554
3438,router_1_0,router_3_2,2.5000,0.753479
3439,router_1_0,router_3_2,2.1000,0.754554
3440,router_1_0,router_3_2,2.9001,0.751870
3441,router_0_0,router_0_3,2.9001,0.809743
3442,router_0_0,router_0_3,1.3000,0.813337
3443,router_0_0,router_0_3,1.7000,0.812136
3444,router_0_0,router_0_3,2.1000,0.810938
3445,router_1_1,router_0_1,0.5000,0.949813
3446,router_2_1,router_2_0,0.5000,0.949813
3447,router_2_1,router_0_0,2.1000,0.812661
3448,router_2_1,router_3_0,1.5000,0.877292
3449,router_2_1,router_1_0,2.3000,0.875955
3450,router_2_1,router_3_1,0.8000,0.949813
3451,router_1_1,router_3_1,1.9001,0.877794
3452,router_1_1,router_3_1,0.7000,0.878464
3453,router_1_1,router_3_1,1.1000,0.877794
3454,router_1_1,router_0_2,2.8001,0.876289
3455,router_0_1,router_0_2,1.2000,0.949813
3456,router_0_1,router_0_2,1.6000,0.949813
3457,router_0_1,router_0_2,0.8000,0.949813
3458,router_0_1,router_1_2,3.9001,0.873789
3459,router_3_0,router_1_2,2.9001,0.752004
3460,router_3_0,router_1_2,2.9001,0.752540
3461,router_3_0,router_1_2,4.5001,0.747739
3462,router_3_0,router_2_2,2.9000,0.809071
3463,router_2_0,router_2_2,2.3001,0.877125
3464,router_2_0,router_2_2,4.7001,0.875121
3465,router_2_0,router_2_2,1.1000,0.878464
3466,router_2_0,router_3_2,3.0001,0.811237
3467,router_1_0,router_3_2,3.7001,0.751335
3468,router_1_0,router_3_2,3.3001,0.751335
3469,router_1_0,router_3_2,2.9001,0.754016
3470,router_1_0,router_0_3,2.1000,0.754016
3471,router_0_0,router_0_3,4.1001,0.805579
3472,router_0_0,router_0_3,1.3000,0.813337
3473,router_0_0,router_1_3,4.1001,0.750267
3474,router_0_0,router_0_3,1.7000,0.812136
3475,router_2_1,router_3_0,1.8000,0.877292
3476,router_2_1,router_1_0,0.8000,0.878464
3477,router_2_1,router_3_0,1.8000,0.876623
3478,router_2_1,router_1_0,2.3001,0.877627
3479,router_2_1,router_3_1,0.8000,0.949813
3480,router_1_1,router_3_1,0.7000,0.878464
3481,router_1_1,router_3_1,1.5000,0.877125
3482,router_1_1,router_3_1,1.5000,0.877794
3483,router_1_1,router_0_2,1.3000,0.877459
3484,router_0_1,router_0_2,0.8000,0.949813
3485,router_0_1,router_0_2,0.4000,0.949813
3486,router_0_1,router_0_2,1.2000,0.949813
3487,router_0_1,router_1_2,1.9001,0.876456
3488,router_3_0,router_1_2,1.9000,0.755902
3489,router_3_0,router_1_2,4.9001,0.747341
3490,router_3_0,router_1_2,2.4000,0.753345
3491,router_3_0,router_2_2,2.1000,0.812361
3492,router_2_0,router_2_2,0.7000,0.878464
3493,router_2_0,router_2_2,3.1001,0.874455
3494,router_2_0,router_2_2,1.5000,0.877125
3495,router_2_0,router_3_2,2.1000,0.810938
3496,router_1_0,router_3_2,2.5000,0.752942
3497,router_1_0,router_3_2,1.3000,0.756172
3498,router_1_0,router_3_2,2.5000,0.754016
3499,router_1_0,router_0_3,4.1001,0.749867
3500,router_0_0,router_0_3,2.1000,0.812136
3501,router_0_0,router_0_3,2.1000,0.812736
3502,router_0_0,router_0_3,1.7000,0.812136
3503,router_0_0,router_1_3,1.7000,0.756172
3504,router_2_1,router_3_0,3.1001,0.876289
3505,router_2_1,router_1_0,3.3001,0.875121
3506,router_2_1,router_0_1,1.8000,0.876790
3507,router_2_1,router_2_0,1.0000,0.949813
3508,router_2_1,router_0_0,2.4000,0.811761
3509,router_2_1,router_3_1,0.8000,0.949813
3510,router_2_1,router_3_1,1.2000,0.949813
3511,router_1_1,router_3_1,1.9001,0.876456
3512,router_1_1,router_3_1,1.1000,0.877794
3513,router_1_1,router_0_2,2.3001,0.877125
3514,router_1_1,router_0_2,1.3000,0.877459
3515,router_0_1,router_0_2,0.4000,0.949813
3516,router_0_1,router_0_2,1.6000,0.949813
3517,router_0_1,router_1_2,1.1000,0.878464
3518,router_0_1,router_1_2,1.9001,0.876456
3519,router_3_0,router_1_2,2.1000,0.755228
3520,router_3_0,router_1_2,2.4000,0.754689
3521,router_3_0,router_2_2,1.9000,0.812061
3522,router_3_0,router_2_2,1.7000,0.812211
3523,router_2_0,router_2_2,1.9000,0.877125
3524,router_2_0,router_2_2,1.5000,0.877794
3525,router_2_0,router_3_2,2.2001,0.812436
3526,router_2_0,router_3_2,2.9001,0.810340
3527,router_1_0,router_3_2,1.3000,0.756172
3528,router_1_0,router_3_2,2.1000,0.754016
3529,router_1_0,router_0_3,3.3001,0.750801
3530,router_1_0,router_0_3,1.7000,0.755093
3531,router_0_0,router_0_3,2.1000,0.810938
3532,router_0_0,router_0_3,2.1000,0.811537
3533,router_0_0,router_1_3,2.9001,0.752942
3534,router_0_0,router_1_3,2.5000,0.752942
3535,router_2_1,router_0_1,0.8000,0.878464
3536,router_2_1,router_2_0,0.5000,0.949813
3537,router_2_1,router_0_0,3.9001,0.808773
3538,router_2_1,router_0_1,3.8001,0.875121
3539,router_2_1,router_2_0,3.0001,0.949813
3540,router_2_1,router_0_0,3.9001,0.809519
3541,router_2_1,router_3_1,0.4000,0.949813
3542,router_2_1,router_3_1,2.0001,0.949813
3543,router_1_1,router_3_1,1.1000,0.878464
3544,router_1_1,router_3_1,1.9001,0.878464
3545,router_1_1,router_0_2,2.3001,0.876790
3546,router_1_1,router_0_2,2.8001,0.876957
3547,router_0_1,router_0_2,0.4000,0.949813
3548,router_0_1,router_0_2,1.2000,0.949813
3549,router_0_1,router_1_2,1.9000,0.877125
3550,router_0_1,router_1_2,1.1000,0.877794
3551,router_3_0,router_1_2,1.7000,0.755767
3552,router_3_0,router_1_2,2.1000,0.754689
3553,router_3_0,router_2_2,1.7000,0.812811
3554,router_3_0,router_2_2,2.4000,0.809967
3555,router_2_0,router_2_2,0.7000,0.878464
3556,router_2_0,router_2_2,2.3001,0.877125
3557,router_2_0,router_3_2,1.7000,0.812736
3558,router_2_0,router_3_2,1.7000,0.812136
3559,router_1_0,router_3_2,3.7001,0.750801
3560,router_1_0,router_3_2,2.5000,0.754016
3561,router_1_0,router_0_3,2.9001,0.752674
3562,router_1_0,router_0_3,3.4001,0.751603
3563,router_0_0,router_0_3,1.3000,0.813337
3564,router_0_0,router_0_3,2.1000,0.813337
3565,router_0_0,router_1_3,1.7000,0.755093
3566,router_0_0,router_1_3,3.3001,0.752406
3567,router_2_1,router_0_1,0.8000,0.878464
3568,router_2_1,router_2_0,0.5000,0.949813
3569,router_2_1,router_0_0,4.4001,0.806542
3570,router_2_1,router_1_1,5.5001,0.949813
3571,router_2_1,router_3_0,1.1000,0.877961
3572,router_2_1,router_1_0,5.3001,0.870967
3573,router_2_1,router_3_1,0.8000,0.949813
3574,router_2_1,router_3_1,1.2000,0.949813
3575,router_2_1,router_3_1,1.2000,0.949813
3576,router_1_1,router_3_1,3.1001,0.874455
3580,router_0_1,router_0_2,0.8000,0.949813
3581,router_0_1,router_1_2,1.9001,0.876456
3584,router_3_0,router_1_2,4.9001,0.747208
3585,router_3_0,router_2_2,2.1000,0.812361
3586,router_3_0,router_2_2,1.9000,0.812061
3587,router_3_0,router_2_2,1.9000,0.812661
3588,router_2_0,router_2_2,0.7000,0.878464
3589,router_2_0,router_3_2,1.7000,0.812736
3590,router_2_0,router_3_2,3.3001,0.809146
3591,router_2_0,router_3_2,2.9001,0.809146
3592,router_1_0,router_3_2,1.7000,0.755093
3593,router_1_0,router_0_3,3.7001,0.750400
3594,router_1_0,router_0_3,1.9000,0.755093
3595,router_1_0,router_0_3,3.9001,0.750267
3596,router_0_0,router_0_3,2.9001,0.808550
3597,router_0_0,router_1_3,4.5001,0.747606
3598,router_0_0,router_1_3,2.1000,0.755093
3599,router_0_0,router_1_3,2.5000,0.752942

AVERAGES,,,2.2126,0.845769
E2E_LATENCY,,,9718.5660,
