Request_ID,Source,Destination,Latency_ms,Fidelity
0,router_7_3,router_6_3,0.5000,0.949813
2,router_7_3,router_6_3,2.5001,0.949813
2,router_7_3,router_6_3,0.5000,0.949813
3,router_7_3,router_6_3,2.0000,0.949813
3,router_7_3,router_6_3,0.5000,0.949813
4,router_7_3,router_6_3,0.5000,0.949813
7,router_7_3,router_6_3,0.5000,0.949813
8,router_7_3,router_6_3,2.5001,0.949813
9,router_7_3,router_6_3,0.5000,0.949813
9,router_7_3,router_6_3,3.0001,0.949813
10,router_7_3,router_6_3,1.5000,0.949813
11,router_7_3,router_6_3,2.0000,0.949813
12,router_7_3,router_6_3,1.0000,0.949813
13,router_7_3,router_5_3,1.8000,0.877627
14,router_7_3,router_6_3,2.5001,0.949813
15,router_7_3,router_6_3,0.5000,0.949813
16,router_7_3,router_5_3,1.3000,0.877627
17,router_7_3,router_5_3,1.3000,0.877627
18,router_7_3,router_6_3,1.0000,0.949813
19,router_7_3,router_5_3,2.3001,0.876790
20,router_7_3,router_5_3,2.3001,0.876790
21,router_7_3,router_5_3,0.8000,0.878464
22,router_7_3,router_5_3,1.3000,0.877627
23,router_7_3,router_5_3,1.3000,0.877627
24,router_7_3,router_5_3,0.8000,0.878464
25,router_7_3,router_5_3,3.8001,0.873456
26,router_6_3,router_5_3,1.0000,0.949813
27,router_7_3,router_5_3,1.8000,0.876790
28,router_7_3,router_5_3,0.8000,0.878464
29,router_7_3,router_5_3,1.8000,0.877627
30,router_7_3,router_4_3,1.9000,0.811761
32,router_6_3,router_5_3,2.0000,0.949813
32,router_6_3,router_5_3,0.5000,0.949813
33,router_7_3,router_5_3,3.8001,0.873456
34,router_7_3,router_5_3,1.3000,0.877627
35,router_7_3,router_4_3,5.1001,0.811162
36,router_7_3,router_4_3,1.4000,0.813261
37,router_6_3,router_5_3,1.0000,0.949813
38,router_6_3,router_5_3,2.0000,0.949813
39,router_6_3,router_5_3,0.5000,0.949813
40,router_7_3,router_5_3,3.3001,0.874288
41,router_7_3,router_4_3,3.1001,0.812661
42,router_7_3,router_4_3,1.9000,0.811761
43,router_7_3,router_4_3,1.9000,0.812511
44,router_6_3,router_5_3,2.0000,0.949813
45,router_6_3,router_5_3,0.5000,0.949813
46,router_6_3,router_5_3,1.0000,0.949813
47,router_6_3,router_5_3,1.0000,0.949813
48,router_7_3,router_4_3,3.6001,0.810415
49,router_7_3,router_4_3,1.6000,0.813412
50,router_7_3,router_4_3,1.9000,0.811761
51,router_7_3,router_4_3,1.6000,0.813412
52,router_6_3,router_5_3,1.5000,0.949813
53,router_6_3,router_5_3,2.0000,0.949813
54,router_6_3,router_5_3,0.5000,0.949813
55,router_6_3,router_4_3,0.8000,0.878464
56,router_7_3,router_4_3,1.9000,0.812511
57,router_7_3,router_4_3,9.9002,0.791175
58,router_7_3,router_4_3,2.4000,0.811013
59,router_7_3,router_3_3,1.9000,0.754824
61,router_6_3,router_5_3,0.5000,0.949813
61,router_6_3,router_5_3,0.5000,0.949813
62,router_6_3,router_4_3,2.8001,0.875955
63,router_6_3,router_4_3,1.8000,0.876790
64,router_7_3,router_4_3,3.1001,0.811162
65,router_7_3,router_4_3,2.4000,0.810265
66,router_7_3,router_3_3,2.4000,0.754151
67,router_7_3,router_3_3,2.9000,0.753479
68,router_6_3,router_5_3,1.0000,0.949813
69,router_6_3,router_4_3,1.8000,0.877627
70,router_6_3,router_4_3,2.8001,0.875121
71,router_6_3,router_4_3,2.8001,0.875955
72,router_7_3,router_4_3,4.4001,0.805801
73,router_7_3,router_3_3,2.9000,0.752808
74,router_7_3,router_3_3,3.4001,0.752138
75,router_7_3,router_3_3,2.4000,0.753479
76,router_6_3,router_4_3,2.8001,0.875955
77,router_6_3,router_4_3,1.3000,0.877627
78,router_6_3,router_4_3,1.3000,0.877627
79,router_6_3,router_4_3,2.8001,0.877627
80,router_7_3,router_3_3,4.4001,0.748802
81,router_7_3,router_3_3,2.4000,0.753479
82,router_7_3,router_3_3,3.4001,0.752808
83,router_7_3,router_3_3,2.4000,0.753479
84,router_5_3,router_4_3,0.5000,0.949813
85,router_6_3,router_4_3,2.8001,0.878464
86,router_6_3,router_4_3,1.3000,0.877627
87,router_6_3,router_4_3,1.3000,0.877627
88,router_6_3,router_3_3,2.1000,0.812661
89,router_7_3,router_3_3,2.4000,0.753479
90,router_7_3,router_3_3,2.9000,0.753479
91,router_7_3,router_3_3,2.4000,0.755497
92,router_7_3,router_2_3,4.6001,0.695267
93,router_5_3,router_4_3,0.5000,0.949813
94,router_5_3,router_4_3,0.5000,0.949813
95,router_6_3,router_4_3,1.3000,0.877627
96,router_6_3,router_4_3,1.3000,0.877627
97,router_6_3,router_3_3,4.4001,0.808773
98,router_6_3,router_3_3,2.4000,0.811013
99,router_7_3,router_3_3,2.4000,0.754824
100,router_7_3,router_3_3,2.9000,0.752808
101,router_7_3,router_2_3,4.1001,0.697051
102,router_7_3,router_2_3,6.1001,0.691719
103,router_5_3,router_4_3,0.5000,0.949813
104,router_5_3,router_4_3,2.0000,0.949813
105,router_5_3,router_4_3,1.0000,0.949813
106,router_6_3,router_4_3,1.8000,0.876790
107,router_6_3,router_3_3,4.9001,0.808773
108,router_6_3,router_3_3,3.4001,0.810265
109,router_6_3,router_3_3,2.6000,0.811911
110,router_7_3,router_3_3,2.4000,0.754151
111,router_7_3,router_2_3,5.1001,0.695267
112,router_7_3,router_2_3,3.6000,0.698843
113,router_7_3,router_2_3,6.6001,0.688784
114,router_5_3,router_4_3,0.5000,0.949813
115,router_5_3,router_4_3,3.0001,0.949813
116,router_5_3,router_4_3,2.0000,0.949813
117,router_5_3,router_4_3,0.5000,0.949813
118,router_6_3,router_3_3,3.4001,0.807285
119,router_6_3,router_3_3,4.4001,0.807285
120,router_6_3,router_3_3,1.9000,0.812511
121,router_6_3,router_3_3,3.9001,0.808029
122,router_7_3,router_2_3,5.1001,0.695267
123,router_7_3,router_2_3,4.1001,0.697648
124,router_7_3,router_2_3,5.1001,0.693489
125,router_7_3,router_2_3,6.1001,0.690542
127,router_5_3,router_4_3,2.5001,0.949813
128,router_5_3,router_4_3,3.5001,0.949813
128,router_5_3,router_4_3,0.5000,0.949813
129,router_5_3,router_3_3,0.8000,0.878464
130,router_6_3,router_3_3,1.9000,0.811761
131,router_6_3,router_3_3,2.1000,0.812661
132,router_6_3,router_3_3,3.6001,0.810415
133,router_6_3,router_2_3,3.4001,0.750801
134,router_7_3,router_2_3,3.1000,0.700642
135,router_7_3,router_2_3,3.6000,0.699442
136,router_7_3,router_2_3,3.1000,0.700642
137,router_7_3,router_1_3,5.1001,0.649071
138,router_5_3,router_4_3,1.5000,0.949813
139,router_5_3,router_4_3,0.5000,0.949813
140,router_5_3,router_3_3,1.8000,0.877627
141,router_5_3,router_3_3,2.8001,0.875121
142,router_6_3,router_3_3,3.1001,0.813412
143,router_6_3,router_3_3,3.9001,0.805801
144,router_6_3,router_2_3,7.4002,0.742195
145,router_6_3,router_2_3,3.9001,0.749467
146,router_7_3,router_2_3,6.6001,0.690542
147,router_7_3,router_2_3,3.6000,0.699442
148,router_7_3,router_1_3,3.6000,0.654427
149,router_7_3,router_1_3,4.6001,0.650670
150,router_5_3,router_4_3,0.5000,0.949813
151,router_5_3,router_3_3,2.8001,0.877627
152,router_5_3,router_3_3,1.8000,0.877627
153,router_5_3,router_3_3,1.8000,0.876790
154,router_6_3,router_3_3,2.9001,0.809519
155,router_6_3,router_2_3,4.9001,0.747473
156,router_6_3,router_2_3,2.4000,0.753479
157,router_6_3,router_2_3,3.4001,0.751469
158,router_7_3,router_2_3,3.6000,0.698245
159,router_7_3,router_1_3,3.6000,0.653350
160,router_7_3,router_1_3,3.6000,0.653889
161,router_7_3,router_1_3,5.0001,0.649816
162,router_5_3,router_3_3,2.8001,0.875955
163,router_5_3,router_3_3,2.8001,0.875955
164,router_5_3,router_3_3,0.8000,0.878464
165,router_5_3,router_3_3,2.3001,0.877627
166,router_6_3,router_2_3,5.4001,0.750134
167,router_6_3,router_2_3,3.4001,0.750801
168,router_6_3,router_2_3,2.9000,0.754151
169,router_6_3,router_2_3,4.9001,0.747473
170,router_7_3,router_1_3,5.0001,0.650350
171,router_7_3,router_1_3,4.1001,0.651740
172,router_7_3,router_1_3,3.6000,0.653350
173,router_7_3,router_1_3,4.1001,0.652276
174,router_4_3,router_3_3,2.5001,0.949813
175,router_5_3,router_3_3,1.8000,0.876790
176,router_5_3,router_3_3,1.3000,0.877627
177,router_5_3,router_3_3,0.8000,0.878464
178,router_5_3,router_2_3,5.4001,0.803582
179,router_6_3,router_2_3,3.4001,0.752138
180,router_6_3,router_2_3,3.9001,0.751469
181,router_6_3,router_2_3,3.4001,0.752138
182,router_6_3,router_1_3,5.2001,0.700402
183,router_7_3,router_1_3,4.1001,0.653350
184,router_7_3,router_1_3,3.1000,0.654427
185,router_7_3,router_1_3,4.0001,0.651954
186,router_7_3,router_0_3,4.1001,0.610348
187,router_4_3,router_3_3,1.0000,0.949813
188,router_4_3,router_3_3,0.5000,0.949813
189,router_5_3,router_3_3,0.8000,0.878464
190,router_5_3,router_3_3,2.8001,0.875121
191,router_5_3,router_2_3,2.9001,0.810265
192,router_5_3,router_2_3,2.9001,0.809519
193,router_6_3,router_2_3,4.4001,0.748137
194,router_6_3,router_2_3,2.9000,0.752138
195,router_6_3,router_1_3,2.6000,0.701846
196,router_6_3,router_1_3,3.1000,0.700042
197,router_7_3,router_1_3,3.6000,0.654427
198,router_7_3,router_1_3,4.5001,0.652491
199,router_7_3,router_0_3,4.1001,0.610060
200,router_7_3,router_0_3,4.6001,0.607667
201,router_4_3,router_3_3,1.5000,0.949813
201,router_4_3,router_3_3,0.5000,0.949813
203,router_4_3,router_3_3,1.5000,0.949813
204,router_5_3,router_3_3,2.8001,0.875121
205,router_5_3,router_2_3,3.4001,0.808773
206,router_5_3,router_2_3,2.1000,0.813412
207,router_5_3,router_2_3,2.1000,0.812661
208,router_6_3,router_2_3,2.9001,0.752138
209,router_6_3,router_1_3,5.6001,0.691719
210,router_6_3,router_1_3,3.6000,0.699442
211,router_6_3,router_1_3,4.6001,0.697648
212,router_7_3,router_1_3,5.6001,0.646948
213,router_7_3,router_0_3,4.6001,0.609101
214,router_7_3,router_0_3,5.6001,0.605765
215,router_7_3,router_0_3,4.1001,0.610060
217,router_4_3,router_3_3,0.5000,0.949813
217,router_4_3,router_3_3,1.0000,0.949813
218,router_4_3,router_3_3,1.5000,0.949813
219,router_4_3,router_3_3,4.0001,0.949813
220,router_5_3,router_2_3,3.4001,0.808773
221,router_5_3,router_2_3,2.4000,0.811013
222,router_5_3,router_2_3,3.6001,0.811162
223,router_5_3,router_2_3,3.9001,0.805801
224,router_6_3,router_1_3,5.6001,0.692308
225,router_6_3,router_1_3,5.6001,0.692898
226,router_6_3,router_1_3,4.6001,0.695861
227,router_6_3,router_1_3,4.1001,0.696456
228,router_7_3,router_0_3,4.1001,0.610060
229,router_7_3,router_0_3,7.1001,0.601990
230,router_7_3,router_0_3,3.8001,0.612372
231,router_7_3,router_0_3,4.1001,0.609580
232,router_4_3,router_3_3,0.5000,0.949813
233,router_4_3,router_3_3,0.5000,0.949813
234,router_4_3,router_3_3,1.0000,0.949813
235,router_4_3,router_2_3,4.8001,0.871796
236,router_5_3,router_2_3,1.9000,0.811761
237,router_5_3,router_2_3,6.4001,0.799904
238,router_5_3,router_2_3,2.1000,0.812661
239,router_5_3,router_1_3,3.4001,0.751469
240,router_6_3,router_1_3,3.1000,0.700042
241,router_6_3,router_1_3,4.1001,0.697051
242,router_6_3,router_1_3,4.6001,0.695861
243,router_6_3,router_0_3,6.1001,0.646948
244,router_7_3,router_0_3,4.1001,0.611985
245,router_7_3,router_0_3,5.6001,0.606050
246,router_7_3,router_0_3,4.6001,0.609388
247,router_7_3,router_7_2,1.0000,0.949813
248,router_4_3,router_3_3,4.0001,0.949813
249,router_4_3,router_3_3,1.0000,0.949813
250,router_4_3,router_2_3,0.8000,0.878464
251,router_4_3,router_2_3,0.8000,0.878464
252,router_5_3,router_2_3,3.4001,0.807285
253,router_5_3,router_2_3,1.6000,0.813412
254,router_5_3,router_1_3,6.9002,0.743509
255,router_5_3,router_1_3,2.9000,0.753479
256,router_6_3,router_1_3,2.6000,0.701846
257,router_6_3,router_1_3,4.1001,0.698245
258,router_6_3,router_0_3,4.6001,0.649603
259,router_6_3,router_0_3,4.1001,0.651205
260,router_7_3,router_0_3,4.3001,0.610925
261,router_7_3,router_0_3,5.1001,0.606715
263,router_7_3,router_7_2,1.5000,0.949813
263,router_7_3,router_7_2,1.0000,0.949813
264,router_4_3,router_3_3,1.0000,0.949813
265,router_4_3,router_2_3,0.8000,0.878464
266,router_4_3,router_2_3,1.3000,0.878464
267,router_4_3,router_2_3,1.8000,0.876790
268,router_5_3,router_2_3,2.6001,0.811911
269,router_5_3,router_1_3,2.9001,0.753479
270,router_5_3,router_1_3,3.9001,0.749467
271,router_5_3,router_1_3,1.9000,0.754824
272,router_6_3,router_1_3,4.1001,0.697648
273,router_6_3,router_0_3,6.6001,0.644836
274,router_6_3,router_0_3,3.6000,0.652813
275,router_6_3,router_0_3,7.6002,0.641168
276,router_7_3,router_0_3,3.6000,0.613243
277,router_7_3,router_7_2,0.5000,0.949813
278,router_7_3,router_7_2,2.0000,0.949813
279,router_7_3,router_7_2,2.0000,0.949813
281,router_4_3,router_2_3,0.8000,0.878464
281,router_4_3,router_2_3,2.3001,0.876790
282,router_4_3,router_2_3,0.8000,0.878464
283,router_4_3,router_2_3,0.8000,0.878464
284,router_5_3,router_1_3,2.4000,0.754151
285,router_5_3,router_1_3,3.9001,0.749467
286,router_5_3,router_1_3,2.4000,0.754151
287,router_5_3,router_1_3,2.9000,0.753479
288,router_6_3,router_0_3,3.1000,0.654427
289,router_6_3,router_0_3,3.1000,0.654967
290,router_6_3,router_0_3,6.1001,0.645891
291,router_6_3,router_0_3,3.6000,0.652813
292,router_7_3,router_7_2,2.0000,0.949813
293,router_7_3,router_7_2,2.0001,0.949813
294,router_7_3,router_7_2,1.5000,0.949813
295,router_7_3,router_7_2,1.0000,0.949813
296,router_3_3,router_2_3,1.0000,0.949813
297,router_4_3,router_2_3,1.8000,0.876790
297,router_4_3,router_2_3,0.8000,0.878464
298,router_4_3,router_2_3,2.3001,0.875955
300,router_4_3,router_1_3,2.4000,0.811013
301,router_5_3,router_1_3,2.9000,0.754151
302,router_5_3,router_1_3,2.4000,0.755497
303,router_5_3,router_1_3,1.9000,0.754824
304,router_5_3,router_0_3,6.6001,0.689369
305,router_6_3,router_0_3,4.1001,0.653350
306,router_6_3,router_0_3,5.1001,0.650136
307,router_6_3,router_0_3,4.1001,0.651740
308,router_6_3,router_7_2,1.5000,0.877292
309,router_7_3,router_7_2,0.5000,0.949813
310,router_7_3,router_7_2,1.5000,0.949813
311,router_7_3,router_7_2,2.0000,0.949813
312,router_7_3,router_6_2,3.8001,0.874288
313,router_3_3,router_2_3,0.5000,0.949813
314,router_3_3,router_2_3,1.5000,0.949813
316,router_4_3,router_2_3,2.8001,0.876790
316,router_4_3,router_2_3,2.3001,0.875955
317,router_4_3,router_1_3,8.4002,0.793344
318,router_4_3,router_1_3,1.4000,0.813261
319,router_5_3,router_1_3,2.4000,0.754151
320,router_5_3,router_1_3,2.4000,0.753479
321,router_5_3,router_0_3,3.6000,0.698245
322,router_5_3,router_0_3,4.1001,0.697051
323,router_6_3,router_0_3,3.5001,0.653566
324,router_6_3,router_0_3,5.6001,0.646419
325,router_6_3,router_7_2,1.5000,0.878129
326,router_6_3,router_7_2,1.3000,0.878129
327,router_7_3,router_7_2,0.5000,0.949813
328,router_7_3,router_7_2,0.5000,0.949813
329,router_7_3,router_6_2,1.3000,0.877627
330,router_7_3,router_6_2,2.3001,0.877627
331,router_3_3,router_2_3,1.0000,0.949813
332,router_3_3,router_2_3,1.0000,0.949813
333,router_3_3,router_2_3,2.5001,0.949813
334,router_4_3,router_2_3,2.8001,0.877627
335,router_4_3,router_1_3,3.9001,0.808773
336,router_4_3,router_1_3,1.9000,0.812511
337,router_4_3,router_1_3,2.9000,0.811013
338,router_5_3,router_1_3,3.9001,0.750801
339,router_5_3,router_0_3,4.1001,0.698245
340,router_5_3,router_0_3,3.6000,0.699442
341,router_5_3,router_0_3,3.6000,0.699442
342,router_6_3,router_0_3,5.1001,0.648008
343,router_6_3,router_7_2,4.7000,0.874455
344,router_6_3,router_7_2,1.1000,0.877961
345,router_6_3,router_7_2,1.9001,0.878296
346,router_7_3,router_7_2,0.5000,0.949813
347,router_7_3,router_6_2,0.8000,0.878464
348,router_7_3,router_6_2,2.3001,0.875955
349,router_7_3,router_6_2,2.3001,0.875955
351,router_3_3,router_2_3,2.5001,0.949813
352,router_3_3,router_2_3,1.5000,0.949813
353,router_3_3,router_2_3,3.5001,0.949813
353,router_3_3,router_2_3,1.5000,0.949813
354,router_4_3,router_1_3,3.1001,0.811162
355,router_4_3,router_1_3,2.1000,0.813412
356,router_4_3,router_1_3,2.4000,0.810265
357,router_4_3,router_1_3,1.9000,0.811761
358,router_5_3,router_0_3,3.6000,0.699442
359,router_5_3,router_0_3,6.7001,0.697409
360,router_5_3,router_0_3,3.1000,0.701244
361,router_5_3,router_0_3,3.1000,0.700642
362,router_6_3,router_7_2,1.8000,0.876623
363,router_6_3,router_7_2,2.3001,0.875788
364,router_6_3,router_7_2,1.1000,0.877961
365,router_6_3,router_7_2,1.3000,0.877459
366,router_7_3,router_6_2,2.3001,0.876790
367,router_7_3,router_6_2,3.3001,0.874288
368,router_7_3,router_6_2,2.8001,0.875955
369,router_7_3,router_6_2,2.8001,0.875121
370,router_3_3,router_2_3,2.5001,0.949813
370,router_3_3,router_2_3,0.5000,0.949813
371,router_3_3,router_2_3,2.0000,0.949813
373,router_3_3,router_1_3,1.8000,0.877627
374,router_4_3,router_1_3,3.9001,0.806543
375,router_4_3,router_1_3,3.9001,0.808773
376,router_4_3,router_1_3,1.9000,0.812511
377,router_4_3,router_0_3,2.4000,0.754151
378,router_5_3,router_0_3,6.6001,0.689369
379,router_5_3,router_0_3,4.6001,0.695267
380,router_5_3,router_0_3,3.7001,0.700402
381,router_5_3,router_7_2,2.6001,0.811986
382,router_6_3,router_7_2,1.5000,0.877292
383,router_6_3,router_7_2,1.5000,0.877292
384,router_6_3,router_7_2,1.8000,0.877292
385,router_6_3,router_6_2,0.5000,0.949813
386,router_7_3,router_6_2,1.8000,0.876790
387,router_7_3,router_6_2,1.8000,0.876790
388,router_7_3,router_6_2,3.3001,0.874288
389,router_7_3,router_5_2,2.1000,0.813412
391,router_3_3,router_2_3,1.0000,0.949813
391,router_3_3,router_2_3,0.5000,0.949813
393,router_3_3,router_1_3,1.8000,0.876790
393,router_3_3,router_1_3,1.8000,0.878464
394,router_4_3,router_1_3,3.9001,0.808029
395,router_4_3,router_1_3,1.6000,0.813412
396,router_4_3,router_0_3,2.9001,0.752138
397,router_4_3,router_0_3,3.4001,0.750801
398,router_5_3,router_0_3,3.6000,0.698245
399,router_5_3,router_0_3,5.1001,0.693489
400,router_5_3,router_7_2,1.7000,0.812286
401,router_5_3,router_7_2,3.0001,0.811237
402,router_6_3,router_7_2,4.7001,0.871962
403,router_6_3,router_7_2,1.1000,0.877961
404,router_6_3,router_6_2,0.5000,0.949813
405,router_6_3,router_6_2,0.5000,0.949813
406,router_7_3,router_6_2,1.3000,0.877627
407,router_7_3,router_6_2,1.3000,0.877627
408,router_7_3,router_5_2,3.1001,0.811162
409,router_7_3,router_5_2,3.9001,0.806543
410,router_3_3,router_2_3,0.5000,0.949813
411,router_3_3,router_1_3,1.3000,0.877627
412,router_3_3,router_1_3,3.8001,0.874288
413,router_3_3,router_1_3,2.3001,0.877627
414,router_4_3,router_1_3,3.4001,0.809519
415,router_4_3,router_0_3,5.4001,0.746148
416,router_4_3,router_0_3,3.4001,0.752808
417,router_4_3,router_0_3,1.9000,0.754824
418,router_5_3,router_0_3,5.6001,0.692308
419,router_5_3,router_7_2,1.4000,0.813637
420,router_5_3,router_7_2,2.4000,0.810639
421,router_5_3,router_7_2,1.9000,0.812136
422,router_6_3,router_7_2,2.8001,0.874954
423,router_6_3,router_6_2,1.5000,0.949813
424,router_6_3,router_6_2,0.5000,0.949813
425,router_6_3,router_6_2,0.5000,0.949813
426,router_7_3,router_6_2,1.3000,0.878464
427,router_7_3,router_5_2,1.9000,0.812511
428,router_7_3,router_5_2,1.6000,0.813412
429,router_7_3,router_5_2,3.4001,0.808773
431,router_3_3,router_1_3,3.3001,0.874288
432,router_3_3,router_1_3,1.3000,0.877627
433,router_3_3,router_1_3,0.8000,0.878464
433,router_3_3,router_1_3,1.3000,0.877627
434,router_4_3,router_0_3,8.9002,0.738273
435,router_4_3,router_0_3,4.4001,0.748802
436,router_4_3,router_0_3,2.4000,0.754151
437,router_4_3,router_0_3,2.9000,0.752138
438,router_5_3,router_7_2,2.4000,0.810041
439,router_5_3,router_7_2,1.9000,0.812136
440,router_5_3,router_7_2,3.9001,0.806172
441,router_5_3,router_7_2,2.5000,0.809892
442,router_6_3,router_6_2,0.5000,0.949813
443,router_6_3,router_6_2,0.5000,0.949813
444,router_6_3,router_6_2,0.5000,0.949813
445,router_6_3,router_6_2,1.0000,0.949813
446,router_7_3,router_5_2,1.4000,0.813261
447,router_7_3,router_5_2,1.9000,0.812511
448,router_7_3,router_5_2,1.9000,0.811761
449,router_7_3,router_5_2,2.6000,0.811911
450,router_2_3,router_1_3,1.0000,0.949813
452,router_3_3,router_1_3,1.3000,0.878464
453,router_3_3,router_1_3,3.6000,0.877125
453,router_3_3,router_1_3,1.3000,0.877627
454,router_3_3,router_0_3,2.9001,0.809519
455,router_4_3,router_0_3,2.4000,0.755497
456,router_4_3,router_0_3,2.4000,0.753479
457,router_4_3,router_0_3,2.9000,0.754824
458,router_4_3,router_7_2,3.3001,0.750801
459,router_5_3,router_7_2,2.6001,0.811836
460,router_5_3,router_7_2,1.7000,0.812886
461,router_5_3,router_7_2,1.7000,0.812286
462,router_5_3,router_6_2,1.3000,0.877459
463,router_6_3,router_6_2,0.5000,0.949813
464,router_6_3,router_6_2,0.5000,0.949813
465,router_6_3,router_6_2,0.5000,0.949813
466,router_6_3,router_5_2,2.8001,0.876790
467,router_7_3,router_5_2,4.4001,0.804321
468,router_7_3,router_5_2,2.4000,0.811013
469,router_7_3,router_5_2,2.1000,0.812661
470,router_7_3,router_4_2,3.4001,0.752808
472,router_2_3,router_1_3,1.0000,0.949813
472,router_2_3,router_1_3,1.0000,0.949813
473,router_3_3,router_1_3,1.8000,0.878464
474,router_3_3,router_1_3,1.8000,0.876790
475,router_3_3,router_0_3,2.4000,0.811761
476,router_3_3,router_0_3,3.4001,0.811013
477,router_4_3,router_0_3,1.9000,0.754824
478,router_4_3,router_0_3,2.4000,0.753479
479,router_4_3,router_7_2,2.9001,0.752004
480,router_4_3,router_7_2,2.9001,0.753076
481,router_5_3,router_7_2,1.9000,0.812136
482,router_5_3,router_7_2,1.9000,0.812136
483,router_5_3,router_6_2,2.7001,0.876122
484,router_5_3,router_6_2,1.8000,0.876623
485,router_6_3,router_6_2,0.5000,0.949813
486,router_6_3,router_6_2,1.0000,0.949813
487,router_6_3,router_5_2,1.8000,0.878464
488,router_6_3,router_5_2,2.3001,0.875955
489,router_7_3,router_5_2,1.6000,0.813412
490,router_7_3,router_5_2,4.4001,0.805060
491,router_7_3,router_4_2,4.9001,0.748137
492,router_7_3,router_4_2,2.4000,0.754151
493,router_2_3,router_1_3,1.0000,0.949813
494,router_2_3,router_1_3,1.5000,0.949813
495,router_2_3,router_1_3,0.5000,0.949813
496,router_3_3,router_1_3,1.3000,0.877627
497,router_3_3,router_0_3,1.9000,0.811761
498,router_3_3,router_0_3,2.4000,0.811013
499,router_3_3,router_0_3,2.4000,0.811013
500,router_4_3,router_0_3,2.4000,0.753479
501,router_4_3,router_7_2,2.5000,0.752942
502,router_4_3,router_7_2,4.1001,0.748802
503,router_4_3,router_7_2,4.1001,0.749734
504,router_5_3,router_7_2,3.7001,0.808401
505,router_5_3,router_6_2,1.1000,0.877961
506,router_5_3,router_6_2,1.5000,0.877292
507,router_5_3,router_6_2,1.8000,0.876623
508,router_6_3,router_6_2,0.5000,0.949813
509,router_6_3,router_5_2,0.8000,0.878464
510,router_6_3,router_5_2,1.3000,0.877627
511,router_6_3,router_5_2,1.3000,0.878464
512,router_7_3,router_5_2,2.4000,0.811761
513,router_7_3,router_4_2,1.9000,0.754824
514,router_7_3,router_4_2,3.4001,0.752138
515,router_7_3,router_4_2,1.4000,0.756172
516,router_2_3,router_1_3,3.5001,0.949813
516,router_2_3,router_1_3,1.0000,0.949813
517,router_2_3,router_1_3,0.5000,0.949813
518,router_2_3,router_1_3,1.0000,0.949813
520,router_3_3,router_0_3,2.4000,0.810265
521,router_3_3,router_0_3,2.6000,0.811911
522,router_3_3,router_0_3,2.9001,0.809519
523,router_3_3,router_0_3,6.4001,0.799904
524,router_4_3,router_7_2,4.4001,0.748935
525,router_4_3,router_7_2,2.9000,0.751870
526,router_4_3,router_7_2,3.3001,0.752406
527,router_4_3,router_7_2,1.9000,0.755093
528,router_5_3,router_6_2,2.3000,0.876456
529,router_5_3,router_6_2,1.1000,0.877961
530,router_5_3,router_6_2,1.3000,0.877459
531,router_5_3,router_6_2,2.8001,0.876289
532,router_6_3,router_5_2,1.3000,0.877627
533,router_6_3,router_5_2,2.8001,0.875121
534,router_6_3,router_5_2,2.3001,0.875955
535,router_6_3,router_5_2,5.3001,0.870967
536,router_7_3,router_4_2,1.9000,0.755497
537,router_7_3,router_4_2,1.9000,0.754824
538,router_7_3,router_4_2,3.9001,0.750801
539,router_7_3,router_4_2,1.9000,0.754824
540,router_2_3,router_1_3,3.5001,0.949813
541,router_2_3,router_1_3,1.5000,0.949813
542,router_2_3,router_1_3,0.5000,0.949813
543,router_2_3,router_0_3,0.8000,0.878464
544,router_3_3,router_0_3,1.4000,0.813261
545,router_3_3,router_0_3,3.6001,0.810415
546,router_3_3,router_0_3,1.6000,0.813412
547,router_3_3,router_7_2,3.6000,0.698544
548,router_4_3,router_7_2,2.5001,0.753748
549,router_4_3,router_7_2,3.3001,0.752272
550,router_4_3,router_7_2,1.7000,0.755093
551,router_4_3,router_6_2,2.1000,0.812286
552,router_5_3,router_6_2,2.3001,0.876456
553,router_5_3,router_6_2,0.8000,0.878296
554,router_5_3,router_6_2,1.1000,0.877961
555,router_5_3,router_5_2,1.5000,0.949813
556,router_6_3,router_5_2,2.8001,0.875121
557,router_6_3,router_5_2,1.3000,0.877627
558,router_6_3,router_5_2,1.8000,0.877627
559,router_6_3,router_4_2,3.6001,0.811162
560,router_7_3,router_4_2,2.4000,0.754151
561,router_7_3,router_4_2,1.9000,0.754824
562,router_7_3,router_4_2,2.9000,0.752138
563,router_7_3,router_3_2,7.1001,0.691719
565,router_2_3,router_1_3,1.5000,0.949813
565,router_2_3,router_1_3,1.0000,0.949813
566,router_2_3,router_0_3,2.2000,0.876122
567,router_2_3,router_0_3,2.8001,0.875121
568,router_3_3,router_0_3,2.9001,0.810265
569,router_3_3,router_0_3,2.4000,0.811013
570,router_3_3,router_7_2,3.7001,0.699382
571,router_3_3,router_7_2,4.6001,0.695445
572,router_4_3,router_7_2,2.1000,0.754554
573,router_4_3,router_7_2,1.9000,0.755632
574,router_4_3,router_6_2,2.9001,0.808699
575,router_4_3,router_6_2,1.9000,0.812136
576,router_5_3,router_6_2,1.3000,0.877459
577,router_5_3,router_6_2,1.8000,0.877292
579,router_5_3,router_5_2,2.5001,0.949813
579,router_5_3,router_5_2,0.5000,0.949813
580,router_6_3,router_5_2,1.3000,0.878464
581,router_6_3,router_5_2,0.8000,0.878464
582,router_6_3,router_4_2,2.6001,0.811911
583,router_6_3,router_4_2,2.4000,0.810265
584,router_7_3,router_4_2,2.9000,0.752808
585,router_7_3,router_4_2,1.9000,0.754824
586,router_7_3,router_3_2,4.1001,0.698843
587,router_7_3,router_3_2,4.1001,0.697051
588,router_2_3,router_1_3,1.0000,0.949813
589,router_2_3,router_0_3,2.3001,0.877627
590,router_2_3,router_0_3,1.3000,0.877627
591,router_2_3,router_0_3,2.3001,0.878464
592,router_3_3,router_0_3,3.4001,0.808029
593,router_3_3,router_7_2,3.6001,0.701063
594,router_3_3,router_7_2,4.5001,0.696039
595,router_3_3,router_7_2,4.9001,0.693903
596,router_4_3,router_7_2,3.9001,0.749734
597,router_4_3,router_6_2,1.4000,0.813036
598,router_4_3,router_6_2,2.4000,0.810639
599,router_4_3,router_6_2,1.7000,0.812286
600,router_5_3,router_6_2,1.8001,0.876623
601,router_5_3,router_5_2,0.5000,0.949813
602,router_5_3,router_5_2,0.5000,0.949813
603,router_5_3,router_5_2,4.0001,0.949813
604,router_6_3,router_5_2,1.3000,0.877627
605,router_6_3,router_4_2,2.4000,0.810265
606,router_6_3,router_4_2,1.4000,0.813261
607,router_6_3,router_4_2,2.9000,0.811013
608,router_7_3,router_4_2,7.4002,0.740884
609,router_7_3,router_3_2,6.6001,0.687615
610,router_7_3,router_3_2,4.1001,0.698245
611,router_7_3,router_3_2,6.6001,0.688784
613,router_2_3,router_0_3,2.3001,0.878464
614,router_2_3,router_0_3,1.8000,0.876790
615,router_2_3,router_0_3,1.8000,0.876790
615,router_2_3,router_0_3,3.3001,0.875955
616,router_3_3,router_7_2,4.5001,0.694970
617,router_3_3,router_7_2,4.1001,0.697946
618,router_3_3,router_7_2,4.1001,0.696873
619,router_3_3,router_7_2,3.7001,0.700702
620,router_4_3,router_6_2,4.9001,0.803213
621,router_4_3,router_6_2,2.1000,0.811686
622,router_4_3,router_6_2,2.4000,0.811237
623,router_4_3,router_6_2,3.4001,0.809444
625,router_5_3,router_5_2,1.5000,0.949813
626,router_5_3,router_5_2,0.5000,0.949813
627,router_5_3,router_5_2,1.0000,0.949813
627,router_5_3,router_5_2,2.0000,0.949813
628,router_6_3,router_4_2,3.4001,0.810265
629,router_6_3,router_4_2,2.1000,0.812661
630,router_6_3,router_4_2,3.1001,0.811162
631,router_6_3,router_4_2,2.9001,0.809519
632,router_7_3,router_3_2,4.6001,0.694673
633,router_7_3,router_3_2,7.1001,0.687032
634,router_7_3,router_3_2,4.1001,0.698843
635,router_7_3,router_3_2,4.1001,0.698843
636,router_1_3,router_0_3,2.0001,0.949813
638,router_2_3,router_0_3,1.8000,0.876790
639,router_2_3,router_0_3,1.8000,0.876790
639,router_2_3,router_0_3,0.8000,0.878464
640,router_2_3,router_7_2,4.6001,0.649390
641,router_3_3,router_7_2,4.1001,0.699262
642,router_3_3,router_7_2,3.7001,0.700342
643,router_3_3,router_7_2,4.1001,0.696873
644,router_3_3,router_6_2,2.1000,0.754016
645,router_4_3,router_6_2,2.9000,0.810938
646,router_4_3,router_6_2,2.9000,0.808550
647,router_4_3,router_6_2,1.8000,0.813036
648,router_4_3,router_5_2,1.5000,0.877292
649,router_5_3,router_5_2,1.0000,0.949813
650,router_5_3,router_5_2,0.5000,0.949813
651,router_5_3,router_5_2,1.5000,0.949813
652,router_5_3,router_4_2,1.3000,0.878464
653,router_6_3,router_4_2,1.9000,0.812511
654,router_6_3,router_4_2,2.6000,0.813412
655,router_6_3,router_4_2,2.9001,0.811761
656,router_6_3,router_3_2,2.4000,0.754824
657,router_7_3,router_3_2,4.6001,0.698245
658,router_7_3,router_3_2,3.6000,0.699442
659,router_7_3,router_3_2,3.1000,0.700042
660,router_7_3,router_2_2,3.6000,0.654427
661,router_1_3,router_0_3,1.0000,0.949813
662,router_1_3,router_0_3,1.5000,0.949813
663,router_2_3,router_0_3,1.3000,0.877627
664,router_2_3,router_0_3,2.8001,0.876790
665,router_2_3,router_7_2,2.9000,0.654859
666,router_2_3,router_7_2,4.9001,0.648433
667,router_3_3,router_7_2,3.7001,0.697708
668,router_3_3,router_7_2,5.7001,0.695920
669,router_3_3,router_6_2,5.9001,0.746546
670,router_3_3,router_6_2,2.5000,0.753613
671,router_4_3,router_6_2,3.9001,0.807954
672,router_4_3,router_6_2,1.9000,0.812136
673,router_4_3,router_5_2,2.3001,0.875788
674,router_4_3,router_5_2,2.3000,0.877794
675,router_5_3,router_5_2,0.5000,0.949813
675,router_5_3,router_5_2,0.5000,0.949813
677,router_5_3,router_4_2,0.8000,0.878464
678,router_5_3,router_4_2,4.3001,0.873456
679,router_6_3,router_4_2,3.6001,0.810415
680,router_6_3,router_4_2,3.6001,0.811162
681,router_6_3,router_3_2,6.4001,0.744168
682,router_6_3,router_3_2,4.4001,0.750134
683,router_7_3,router_3_2,5.6001,0.694673
684,router_7_3,router_3_2,3.1000,0.700042
685,router_7_3,router_2_2,2.6000,0.656048
686,router_7_3,router_2_2,6.0001,0.649816
688,router_1_3,router_0_3,3.0001,0.949813
689,router_1_3,router_0_3,1.0000,0.949813
689,router_1_3,router_0_3,0.5000,0.949813
690,router_2_3,router_0_3,1.3000,0.877627
691,router_2_3,router_7_2,3.6000,0.652598
692,router_2_3,router_7_2,6.9002,0.642527
693,router_2_3,router_7_2,2.9000,0.655724
694,router_3_3,router_7_2,4.9001,0.693548
695,router_3_3,router_6_2,4.9001,0.747606
696,router_3_3,router_6_2,1.9000,0.755632
697,router_3_3,router_6_2,5.4001,0.746810
698,router_4_3,router_6_2,6.4001,0.798220
699,router_4_3,router_5_2,1.1000,0.877961
700,router_4_3,router_5_2,1.9000,0.876623
701,router_4_3,router_5_2,1.3000,0.877459
702,router_5_3,router_5_2,0.5000,0.949813
703,router_5_3,router_4_2,1.3000,0.878464
704,router_5_3,router_4_2,2.8001,0.875955
705,router_5_3,router_4_2,3.8001,0.875955
706,router_6_3,router_4_2,2.9001,0.808773
707,router_6_3,router_3_2,1.9000,0.754824
708,router_6_3,router_3_2,2.9000,0.752808
709,router_6_3,router_3_2,2.4000,0.754151
710,router_7_3,router_3_2,3.6000,0.700042
711,router_7_3,router_2_2,5.6001,0.649071
712,router_7_3,router_2_2,4.0001,0.653028
713,router_7_3,router_2_2,6.1001,0.644836
715,router_1_3,router_0_3,1.0000,0.949813
716,router_1_3,router_0_3,0.5000,0.949813
717,router_1_3,router_0_3,1.5000,0.949813
717,router_1_3,router_0_3,0.5000,0.949813
718,router_2_3,router_7_2,4.5001,0.650350
719,router_2_3,router_7_2,3.3001,0.653566
720,router_2_3,router_7_2,3.1001,0.654643
721,router_2_3,router_7_2,3.1000,0.654643
722,router_3_3,router_6_2,4.4001,0.748403
723,router_3_3,router_6_2,2.4000,0.753748
724,router_3_3,router_6_2,3.3001,0.750934
725,router_3_3,router_6_2,3.3001,0.750934
726,router_4_3,router_5_2,1.3000,0.877459
727,router_4_3,router_5_2,1.9001,0.876623
728,router_4_3,router_5_2,2.7001,0.875288
729,router_4_3,router_5_2,0.8000,0.878296
730,router_5_3,router_4_2,2.3001,0.875955
731,router_5_3,router_4_2,1.3000,0.877627
732,router_5_3,router_4_2,1.3000,0.877627
733,router_5_3,router_4_2,2.3001,0.877627
734,router_6_3,router_3_2,2.9001,0.752138
735,router_6_3,router_3_2,3.4001,0.751469
736,router_6_3,router_3_2,2.4000,0.753479
737,router_6_3,router_3_2,4.4001,0.749467
738,router_7_3,router_2_2,3.1000,0.654967
739,router_7_3,router_2_2,3.1000,0.654427
740,router_7_3,router_2_2,4.1001,0.652276
741,router_7_3,router_2_2,4.5001,0.651419
742,router_1_3,router_0_3,2.5001,0.949813
743,router_1_3,router_0_3,0.5000,0.949813
744,router_1_3,router_0_3,0.5000,0.949813
745,router_1_3,router_7_2,3.7001,0.611262
746,router_2_3,router_7_2,3.7001,0.652383
747,router_2_3,router_7_2,3.6000,0.652598
748,router_2_3,router_7_2,4.1001,0.651419
749,router_2_3,router_6_2,4.1001,0.698544
750,router_3_3,router_6_2,4.1001,0.749734
751,router_3_3,router_6_2,2.5000,0.752942
752,router_3_3,router_6_2,3.7001,0.750801
753,router_3_3,router_5_2,2.4000,0.811237
754,router_4_3,router_5_2,1.3000,0.878129
755,router_4_3,router_5_2,0.8000,0.878296
756,router_4_3,router_5_2,1.1000,0.877961
757,router_4_3,router_4_2,0.5000,0.949813
758,router_5_3,router_4_2,4.3001,0.872625
759,router_5_3,router_4_2,0.8000,0.878464
760,router_5_3,router_4_2,2.3001,0.875955
761,router_5_3,router_3_2,5.4001,0.808029
762,router_6_3,router_3_2,1.9000,0.754824
763,router_6_3,router_3_2,3.4001,0.750801
764,router_6_3,router_3_2,3.9001,0.750801
765,router_6_3,router_2_2,3.1000,0.700642
766,router_7_3,router_2_2,4.1001,0.652813
767,router_7_3,router_2_2,5.6001,0.647478
768,router_7_3,router_2_2,3.6000,0.653889
769,router_7_3,router_1_2,3.1000,0.612468
770,router_1_3,router_0_3,0.5000,0.949813
770,router_1_3,router_0_3,0.5000,0.949813
772,router_1_3,router_7_2,4.5001,0.608670
773,router_1_3,router_7_2,4.5001,0.611744
774,router_2_3,router_7_2,4.6001,0.649816
775,router_2_3,router_7_2,3.9001,0.652920
776,router_2_3,router_6_2,4.6001,0.694970
777,router_2_3,router_6_2,4.5001,0.698425
778,router_3_3,router_6_2,2.5001,0.753613
779,router_3_3,router_6_2,2.9001,0.752942
780,router_3_3,router_5_2,1.4000,0.813036
781,router_3_3,router_5_2,1.9000,0.811537
782,router_4_3,router_5_2,2.8001,0.876289
783,router_4_3,router_5_2,1.1000,0.877961
784,router_4_3,router_4_2,1.0000,0.949813
785,router_4_3,router_4_2,2.0001,0.949813
786,router_5_3,router_4_2,3.8001,0.874288
787,router_5_3,router_4_2,0.8000,0.878464
788,router_5_3,router_3_2,3.4001,0.810265
789,router_5_3,router_3_2,5.4001,0.803582
790,router_6_3,router_3_2,2.4000,0.754151
791,router_6_3,router_3_2,2.4000,0.754824
792,router_6_3,router_2_2,5.6001,0.691719
793,router_6_3,router_2_2,5.1001,0.693489
794,router_7_3,router_2_2,4.6001,0.649603
795,router_7_3,router_2_2,7.1001,0.641690
796,router_7_3,router_1_2,5.1001,0.606715
797,router_7_3,router_1_2,4.6001,0.608623
798,router_1_3,router_0_3,0.5000,0.949813
799,router_1_3,router_7_2,4.1001,0.609245
800,router_1_3,router_7_2,4.5001,0.608766
801,router_1_3,router_7_2,3.0000,0.613388
802,router_2_3,router_7_2,3.7001,0.652813
803,router_2_3,router_6_2,4.1001,0.696277
804,router_2_3,router_6_2,3.6000,0.699023
805,router_2_3,router_6_2,3.3001,0.700102
806,router_3_3,router_6_2,2.9001,0.752406
807,router_3_3,router_5_2,3.9001,0.807954
808,router_3_3,router_5_2,2.9001,0.808699
809,router_3_3,router_5_2,4.4001,0.805875
810,router_4_3,router_5_2,2.8001,0.875621
811,router_4_3,router_4_2,0.5000,0.949813
812,router_4_3,router_4_2,1.0000,0.949813
813,router_4_3,router_4_2,0.5000,0.949813
814,router_5_3,router_4_2,2.8001,0.877627
815,router_5_3,router_3_2,4.4001,0.805801
816,router_5_3,router_3_2,2.4000,0.810265
817,router_5_3,router_3_2,2.9000,0.810265
818,router_6_3,router_3_2,2.4000,0.753479
819,router_6_3,router_2_2,4.6001,0.694673
820,router_6_3,router_2_2,4.1001,0.696456
821,router_6_3,router_2_2,7.6002,0.685287
822,router_7_3,router_2_2,3.6000,0.652813
823,router_7_3,router_1_2,4.6001,0.609868
824,router_7_3,router_1_2,3.6000,0.611503
825,router_7_3,router_1_2,4.6001,0.608910
826,router_1_3,router_7_2,4.1001,0.610588
827,router_1_3,router_7_2,3.4001,0.612323
828,router_1_3,router_7_2,4.1001,0.609532
829,router_1_3,router_7_2,6.6002,0.604581
830,router_2_3,router_6_2,5.1001,0.696039
831,router_2_3,router_6_2,4.1001,0.697350
832,router_2_3,router_6_2,3.3001,0.699742
833,router_2_3,router_6_2,4.9001,0.694496
834,router_3_3,router_5_2,3.3001,0.809743
835,router_3_3,router_5_2,2.4000,0.810639
836,router_3_3,router_5_2,1.7000,0.812886
837,router_3_3,router_5_2,2.6001,0.812736
838,router_4_3,router_4_2,2.5001,0.949813
839,router_4_3,router_4_2,0.5000,0.949813
840,router_4_3,router_4_2,1.5000,0.949813
841,router_4_3,router_4_2,2.0000,0.949813
842,router_5_3,router_3_2,6.1001,0.808177
843,router_5_3,router_3_2,1.9000,0.811761
844,router_5_3,router_3_2,1.4000,0.813261
845,router_5_3,router_3_2,2.9000,0.812511
846,router_6_3,router_2_2,4.1001,0.697051
847,router_6_3,router_2_2,5.1001,0.694081
848,router_6_3,router_2_2,3.2001,0.701605
849,router_6_3,router_2_2,3.6000,0.700042
850,router_7_3,router_1_2,5.1001,0.608623
851,router_7_3,router_1_2,4.1001,0.610829
852,router_7_3,router_1_2,3.6000,0.611503
853,router_7_3,router_1_2,4.6001,0.607667
854,router_0_3,router_7_2,4.1001,0.573652
855,router_1_3,router_7_2,5.3001,0.605623
856,router_1_3,router_7_2,3.7001,0.610300
857,router_1_3,router_7_2,4.1001,0.609916
858,router_1_3,router_6_2,3.7001,0.652813
859,router_2_3,router_6_2,3.3001,0.701183
860,router_2_3,router_6_2,3.1000,0.700823
861,router_2_3,router_6_2,3.7001,0.700582
862,router_2_3,router_5_2,2.5001,0.754016
863,router_3_3,router_5_2,2.9000,0.809743
864,router_3_3,router_5_2,1.7000,0.812286
865,router_3_3,router_5_2,3.4001,0.811237
866,router_3_3,router_4_2,2.8001,0.876289
867,router_4_3,router_4_2,0.5000,0.949813
869,router_4_3,router_4_2,2.5001,0.949813
869,router_4_3,router_4_2,1.5000,0.949813
870,router_4_3,router_3_2,2.3001,0.877627
871,router_5_3,router_3_2,3.4001,0.808029
872,router_5_3,router_3_2,1.4000,0.813261
873,router_5_3,router_3_2,1.9000,0.811761
874,router_5_3,router_2_2,2.4000,0.754824
875,router_6_3,router_2_2,4.6001,0.695861
876,router_6_3,router_2_2,5.1001,0.696456
877,router_6_3,router_2_2,4.6001,0.695267
878,router_6_3,router_1_2,4.1001,0.651205
879,router_7_3,router_1_2,5.1001,0.606715
880,router_7_3,router_1_2,5.1001,0.607477
881,router_7_3,router_1_2,6.6001,0.605765
882,router_7_3,router_0_2,5.6001,0.570133
883,router_0_3,router_7_2,7.7002,0.564212
884,router_0_3,router_7_2,5.7001,0.569877
885,router_1_3,router_7_2,3.3001,0.613000
886,router_1_3,router_7_2,3.7001,0.611455
887,router_1_3,router_6_2,3.9001,0.652813
888,router_1_3,router_6_2,3.7001,0.653566
889,router_2_3,router_6_2,3.6000,0.698066
890,router_2_3,router_6_2,4.5001,0.695801
891,router_2_3,router_5_2,1.4000,0.755902
892,router_2_3,router_5_2,2.5000,0.753479
893,router_3_3,router_5_2,3.4001,0.808252
894,router_3_3,router_5_2,6.9002,0.796760
895,router_3_3,router_4_2,1.3000,0.877459
896,router_3_3,router_4_2,1.1000,0.877961
898,router_4_3,router_4_2,0.5000,0.949813
898,router_4_3,router_4_2,0.5000,0.949813
899,router_4_3,router_3_2,3.3001,0.875121
900,router_4_3,router_3_2,1.3000,0.877627
901,router_5_3,router_3_2,2.9001,0.811013
902,router_5_3,router_3_2,1.9000,0.811761
903,router_5_3,router_2_2,2.9000,0.753479
904,router_5_3,router_2_2,2.4000,0.754151
905,router_6_3,router_2_2,3.1000,0.700642
906,router_6_3,router_2_2,3.6000,0.698843
907,router_6_3,router_1_2,5.1001,0.648008
908,router_6_3,router_1_2,6.1001,0.646419
909,router_7_3,router_1_2,3.6000,0.612275
910,router_7_3,router_1_2,5.1001,0.608431
911,router_7_3,router_0_2,4.6001,0.572274
912,router_7_3,router_0_2,4.6001,0.571416
913,router_0_3,router_7_2,6.5001,0.567497
914,router_0_3,router_7_2,4.5001,0.572016
915,router_0_3,router_7_2,4.9001,0.570902
916,router_1_3,router_7_2,7.0002,0.604581
917,router_1_3,router_6_2,3.7001,0.653243
918,router_1_3,router_6_2,2.9000,0.655291
919,router_1_3,router_6_2,4.5001,0.649816
920,router_2_3,router_6_2,4.1001,0.696754
921,router_2_3,router_5_2,2.9001,0.752004
922,router_2_3,router_5_2,2.9000,0.753479
923,router_2_3,router_5_2,3.7001,0.750267
924,router_3_3,router_5_2,2.5001,0.813186
925,router_3_3,router_4_2,1.3000,0.877459
926,router_3_3,router_4_2,4.8001,0.872294
927,router_3_3,router_4_2,1.5000,0.877292
928,router_4_3,router_4_2,0.5000,0.949813
929,router_4_3,router_3_2,2.3001,0.876790
930,router_4_3,router_3_2,0.8000,0.878464
931,router_4_3,router_3_2,1.8000,0.876790
932,router_5_3,router_3_2,1.9000,0.812511
933,router_5_3,router_2_2,1.9000,0.754824
934,router_5_3,router_2_2,2.9000,0.754151
935,router_5_3,router_2_2,4.4001,0.748137
936,router_6_3,router_2_2,3.6000,0.699442
937,router_6_3,router_1_2,5.6001,0.646419
938,router_6_3,router_1_2,6.1001,0.644836
939,router_6_3,router_1_2,3.6000,0.652813
940,router_7_3,router_1_2,5.1001,0.607191
941,router_7_3,router_0_2,4.1001,0.573566
942,router_7_3,router_0_2,4.1001,0.573997
943,router_7_3,router_0_2,4.6001,0.571845
944,router_0_3,router_7_2,4.9001,0.571244
945,router_0_3,router_7_2,4.1001,0.573652
946,router_0_3,router_7_2,5.6001,0.569110
947,router_0_3,router_7_2,3.3001,0.575383
948,router_1_3,router_6_2,3.6000,0.652598
949,router_1_3,router_6_2,5.1001,0.649071
950,router_1_3,router_6_2,6.1001,0.645152
951,router_1_3,router_6_2,3.9001,0.653781
952,router_2_3,router_5_2,3.7001,0.750801
953,router_2_3,router_5_2,2.1000,0.754016
954,router_2_3,router_5_2,2.9001,0.753211
955,router_2_3,router_5_2,2.5000,0.754016
956,router_3_3,router_4_2,1.3000,0.877459
957,router_3_3,router_4_2,0.8000,0.878296
958,router_3_3,router_4_2,1.3000,0.877459
959,router_3_3,router_4_2,1.5000,0.877292
960,router_4_3,router_3_2,1.8000,0.877627
961,router_4_3,router_3_2,3.3001,0.875955
962,router_4_3,router_3_2,6.3002,0.870140
963,router_4_3,router_3_2,1.3000,0.877627
964,router_5_3,router_2_2,2.9001,0.752808
965,router_5_3,router_2_2,2.9000,0.753479
966,router_5_3,router_2_2,5.9001,0.744827
967,router_5_3,router_2_2,2.9000,0.752138
968,router_6_3,router_1_2,5.1001,0.650136
969,router_6_3,router_1_2,6.0001,0.647160
970,router_6_3,router_1_2,4.5001,0.652491
971,router_6_3,router_1_2,7.1001,0.641690
972,router_7_3,router_0_2,6.6001,0.565472
973,router_7_3,router_0_2,4.1001,0.573997
974,router_7_3,router_0_2,4.1001,0.573135
975,router_7_3,router_0_2,3.1000,0.576165
976,router_0_3,router_7_2,4.5001,0.572360
977,router_0_3,router_7_2,3.3001,0.575470
978,router_0_3,router_7_2,8.1002,0.563793
979,router_0_3,router_6_2,3.7001,0.610204
980,router_1_3,router_6_2,5.3001,0.647584
981,router_1_3,router_6_2,3.7001,0.653458
982,router_1_3,router_6_2,4.6001,0.650243
983,router_1_3,router_5_2,7.3002,0.684997
984,router_2_3,router_5_2,1.9000,0.754554
985,router_2_3,router_5_2,2.5000,0.753076
986,router_2_3,router_5_2,3.9001,0.750801
987,router_2_3,router_4_2,2.6001,0.813487
988,router_3_3,router_4_2,1.8000,0.877292
989,router_3_3,router_4_2,2.3001,0.876456
990,router_3_3,router_4_2,1.9001,0.877459
991,router_3_3,router_3_2,2.5001,0.949813
992,router_4_3,router_3_2,0.8000,0.878464
993,router_4_3,router_3_2,2.3001,0.875955
994,router_4_3,router_3_2,3.8001,0.874288
995,router_4_3,router_2_2,1.9000,0.812511
996,router_5_3,router_2_2,1.9000,0.754824
997,router_5_3,router_2_2,2.4000,0.754151
998,router_5_3,router_2_2,3.4001,0.752138
999,router_5_3,router_1_2,4.1001,0.696456
1000,router_6_3,router_1_2,5.1001,0.650136
1001,router_6_3,router_1_2,3.6000,0.653350
1002,router_6_3,router_1_2,6.6001,0.644836
1003,router_6_3,router_0_2,4.6001,0.607667
1004,router_7_3,router_0_2,10.1002,0.558401
1005,router_7_3,router_0_2,3.6000,0.574863
1006,router_7_3,router_0_2,4.1001,0.573566
1007,router_7_3,router_7_1,2.8001,0.875121
1008,router_0_3,router_7_2,4.9001,0.570902
1009,router_0_3,router_7_2,4.1001,0.573135
1010,router_0_3,router_6_2,5.3001,0.604486
1011,router_0_3,router_6_2,4.5001,0.609149
1012,router_1_3,router_6_2,3.6000,0.653458
1013,router_1_3,router_6_2,4.5001,0.650350
1014,router_1_3,router_5_2,4.6001,0.695445
1015,router_1_3,router_5_2,3.1000,0.699862
1016,router_2_3,router_5_2,3.7001,0.751870
1017,router_2_3,router_5_2,2.4000,0.753211
1018,router_2_3,router_4_2,1.9000,0.812736
1019,router_2_3,router_4_2,3.4001,0.810041
1020,router_3_3,router_4_2,1.5000,0.878129
1021,router_3_3,router_4_2,2.3000,0.876456
1023,router_3_3,router_3_2,0.5000,0.949813
1023,router_3_3,router_3_2,2.5001,0.949813
1024,router_4_3,router_3_2,1.8000,0.876790
1025,router_4_3,router_3_2,2.3001,0.875955
1026,router_4_3,router_2_2,2.9001,0.811013
1027,router_4_3,router_2_2,2.1000,0.812661
1028,router_5_3,router_2_2,3.4001,0.750801
1029,router_5_3,router_2_2,2.9000,0.752138
1030,router_5_3,router_1_2,5.1001,0.695267
1031,router_5_3,router_1_2,5.6001,0.695861
1032,router_6_3,router_1_2,4.1001,0.651740
1033,router_6_3,router_1_2,4.6001,0.650670
1034,router_6_3,router_0_2,6.6001,0.604817
1035,router_6_3,router_0_2,3.6000,0.612468
1036,router_7_3,router_0_2,4.6001,0.572274
1037,router_7_3,router_0_2,3.1000,0.576600
1038,router_7_3,router_7_1,1.3000,0.877627
1039,router_7_3,router_7_1,0.8000,0.878464
1040,router_0_3,router_7_2,3.6000,0.575643
1041,router_0_3,router_6_2,5.1001,0.607620
1042,router_0_3,router_6_2,3.7001,0.611359
1043,router_0_3,router_6_2,6.6001,0.604203
1044,router_1_3,router_6_2,5.9001,0.649390
1045,router_1_3,router_5_2,6.1001,0.690249
1046,router_1_3,router_5_2,5.3001,0.692603
1047,router_1_3,router_5_2,4.4001,0.701304
1048,router_2_3,router_5_2,2.5000,0.753479
1049,router_2_3,router_4_2,2.5000,0.811836
1050,router_2_3,router_4_2,1.7000,0.812286
1051,router_2_3,router_4_2,1.4000,0.813036
1052,router_3_3,router_4_2,1.1000,0.877961
1053,router_3_3,router_3_2,1.0000,0.949813
1053,router_3_3,router_3_2,0.5000,0.949813
1054,router_3_3,router_3_2,2.0000,0.949813
1056,router_4_3,router_3_2,3.8001,0.875955
1057,router_4_3,router_2_2,2.6001,0.811911
1058,router_4_3,router_2_2,1.4000,0.813261
1059,router_4_3,router_2_2,2.1000,0.812661
1060,router_5_3,router_2_2,2.4000,0.753479
1061,router_5_3,router_1_2,4.1001,0.700042
1062,router_5_3,router_1_2,3.6000,0.700042
1063,router_5_3,router_1_2,4.7001,0.698604
1064,router_6_3,router_1_2,3.6000,0.652813
1065,router_6_3,router_0_2,4.6001,0.608623
1066,router_6_3,router_0_2,4.6001,0.606715
1067,router_6_3,router_0_2,6.1001,0.605291
1068,router_7_3,router_0_2,4.1001,0.573135
1069,router_7_3,router_7_1,3.3001,0.875121
1070,router_7_3,router_7_1,0.8000,0.878464
1071,router_7_3,router_7_1,2.3001,0.876790
1072,router_0_3,router_6_2,5.7001,0.604297
1073,router_0_3,router_6_2,4.5001,0.608670
1074,router_0_3,router_6_2,4.2001,0.611262
1075,router_0_3,router_6_2,3.3000,0.612517
1076,router_1_3,router_5_2,5.6001,0.691896
1077,router_1_3,router_5_2,3.3001,0.700823
1078,router_1_3,router_5_2,3.3001,0.699862
1079,router_1_3,router_5_2,3.7001,0.699262
1080,router_2_3,router_4_2,3.7001,0.808401
1081,router_2_3,router_4_2,3.4001,0.811537
1082,router_2_3,router_4_2,2.6001,0.811836
1083,router_2_3,router_4_2,1.9000,0.812736
1084,router_3_3,router_3_2,0.5000,0.949813
1085,router_3_3,router_3_2,0.5000,0.949813
1086,router_3_3,router_3_2,1.0000,0.949813
1087,router_3_3,router_3_2,1.0000,0.949813
1088,router_4_3,router_2_2,3.4001,0.808773
1089,router_4_3,router_2_2,2.6000,0.811911
1090,router_4_3,router_2_2,1.9000,0.812511
1091,router_4_3,router_2_2,2.6000,0.812661
1092,router_5_3,router_1_2,4.7001,0.699802
1093,router_5_3,router_1_2,5.6001,0.694673
1094,router_5_3,router_1_2,3.1000,0.701244
1095,router_5_3,router_1_2,6.1001,0.689955
1096,router_6_3,router_0_2,6.1001,0.604817
1097,router_6_3,router_0_2,4.1001,0.610540
1098,router_6_3,router_0_2,7.1001,0.601521
1099,router_6_3,router_0_2,4.1001,0.610540
1100,router_7_3,router_7_1,1.3000,0.878464
1101,router_7_3,router_7_1,0.8000,0.878464
1102,router_7_3,router_7_1,0.8000,0.878464
1103,router_7_3,router_7_1,1.8000,0.877627
1104,router_7_2,router_6_2,0.5000,0.949813
1105,router_0_3,router_6_2,6.1001,0.605528
1106,router_0_3,router_6_2,6.1001,0.606382
1107,router_0_3,router_6_2,3.6000,0.611648
1108,router_0_3,router_5_2,4.1001,0.651419
1109,router_1_3,router_5_2,3.3001,0.699262
1110,router_1_3,router_5_2,4.5001,0.697230
1111,router_1_3,router_5_2,4.1001,0.696396
1112,router_1_3,router_4_2,2.9001,0.753479
1113,router_2_3,router_4_2,3.4001,0.808848
1114,router_2_3,router_4_2,2.2000,0.812436
1115,router_2_3,router_4_2,1.4000,0.813036
1116,router_2_3,router_3_2,0.8000,0.878296
1118,router_3_3,router_3_2,0.5000,0.949813
1119,router_3_3,router_3_2,1.5000,0.949813
1119,router_3_3,router_3_2,0.5000,0.949813
1120,router_3_3,router_2_2,1.8000,0.876790
1121,router_4_3,router_2_2,1.9000,0.811761
1122,router_4_3,router_2_2,3.4001,0.807285
1123,router_4_3,router_2_2,3.4001,0.807285
1124,router_4_3,router_1_2,2.4000,0.754151
1125,router_5_3,router_1_2,4.2001,0.700402
1126,router_5_3,router_1_2,4.6001,0.694673
1127,router_5_3,router_1_2,3.1000,0.700042
1128,router_5_3,router_0_2,4.1001,0.651740
1129,router_6_3,router_0_2,6.6001,0.602460
1130,router_6_3,router_0_2,3.6000,0.611792
1131,router_6_3,router_0_2,4.6001,0.608145
1132,router_6_3,router_7_1,4.2001,0.809593
1133,router_7_3,router_7_1,1.3000,0.877627
1134,router_7_3,router_7_1,1.3000,0.877627
1135,router_7_3,router_7_1,1.3000,0.877627
1136,router_7_3,router_6_1,4.4001,0.808029
1138,router_7_2,router_6_2,0.5000,0.949813
1138,router_7_2,router_6_2,0.5000,0.949813
1139,router_0_3,router_6_2,6.1001,0.603071
1140,router_0_3,router_6_2,3.3001,0.612517
1141,router_0_3,router_5_2,2.9000,0.654859
1142,router_0_3,router_5_2,4.1001,0.652062
1143,router_1_3,router_5_2,3.3001,0.699622
1144,router_1_3,router_5_2,4.9001,0.694851
1145,router_1_3,router_4_2,2.9001,0.752406
1146,router_1_3,router_4_2,1.9000,0.755093
1147,router_2_3,router_4_2,2.9001,0.810340
1148,router_2_3,router_4_2,2.9001,0.811986
1149,router_2_3,router_3_2,2.8001,0.876289
1150,router_2_3,router_3_2,3.3001,0.878129
1151,router_3_3,router_3_2,0.5000,0.949813
1151,router_3_3,router_3_2,2.0000,0.949813
1153,router_3_3,router_2_2,2.3001,0.875955
1154,router_3_3,router_2_2,3.8001,0.875121
1155,router_4_3,router_2_2,2.4000,0.811013
1156,router_4_3,router_2_2,4.4001,0.804321
1157,router_4_3,router_1_2,4.9001,0.749467
1158,router_4_3,router_1_2,3.4001,0.752808
1159,router_5_3,router_1_2,4.1001,0.700642
1160,router_5_3,router_1_2,4.1001,0.697648
1161,router_5_3,router_0_2,5.1001,0.648539
1162,router_5_3,router_0_2,7.5002,0.644521
1163,router_6_3,router_0_2,4.6001,0.609388
1164,router_6_3,router_0_2,3.6000,0.611985
1165,router_6_3,router_7_1,1.8000,0.813186
1166,router_6_3,router_7_1,3.9001,0.807954
1167,router_7_3,router_7_1,0.8000,0.878464
1168,router_7_3,router_7_1,2.3001,0.877627
1169,router_7_3,router_6_1,2.4000,0.810265
1170,router_7_3,router_6_1,2.4000,0.811761
1171,router_7_2,router_6_2,1.5000,0.949813
1172,router_7_2,router_6_2,0.5000,0.949813
1173,router_7_2,router_6_2,2.5001,0.949813
1174,router_0_3,router_6_2,6.9002,0.601849
1175,router_0_3,router_5_2,4.5001,0.650136
1176,router_0_3,router_5_2,3.7001,0.654427
1177,router_0_3,router_5_2,6.1001,0.645047
1178,router_1_3,router_5_2,3.7001,0.697708
1179,router_1_3,router_4_2,4.5001,0.747739
1180,router_1_3,router_4_2,2.4000,0.753211
1181,router_1_3,router_4_2,2.1000,0.755093
1182,router_2_3,router_4_2,2.5001,0.810489
1183,router_2_3,router_3_2,1.9000,0.876623
1184,router_2_3,router_3_2,2.7001,0.875288
1185,router_2_3,router_3_2,3.1001,0.874621
1186,router_3_3,router_3_2,1.5000,0.949813
1187,router_3_3,router_2_2,0.8000,0.878464
1188,router_3_3,router_2_2,2.8001,0.878464
1189,router_3_3,router_2_2,2.3001,0.876790
1190,router_4_3,router_2_2,2.9001,0.809519
1191,router_4_3,router_1_2,3.4001,0.750801
1192,router_4_3,router_1_2,2.4000,0.753479
1193,router_4_3,router_1_2,5.4001,0.747473
1194,router_5_3,router_1_2,3.1000,0.700642
1195,router_5_3,router_0_2,4.6001,0.651205
1196,router_5_3,router_0_2,4.5001,0.652491
1197,router_5_3,router_0_2,4.6001,0.650670
1198,router_6_3,router_0_2,4.6001,0.609580
1199,router_6_3,router_7_1,5.0001,0.808401
1200,router_6_3,router_7_1,4.4001,0.804986
1201,router_6_3,router_7_1,1.4000,0.813186
1202,router_7_3,router_7_1,1.3000,0.877627
1203,router_7_3,router_6_1,2.9000,0.811013
1204,router_7_3,router_6_1,3.9001,0.807285
1205,router_7_3,router_6_1,1.9000,0.811761
1206,router_7_2,router_6_2,2.0000,0.949813
1206,router_7_2,router_6_2,0.5000,0.949813
1207,router_7_2,router_6_2,0.5000,0.949813
1208,router_7_2,router_6_2,1.5000,0.949813
1210,router_0_3,router_5_2,3.3000,0.653673
1211,router_0_3,router_5_2,4.1001,0.652598
1212,router_0_3,router_5_2,3.5001,0.654751
1213,router_0_3,router_5_2,4.9001,0.648858
1214,router_1_3,router_4_2,2.1000,0.754016
1215,router_1_3,router_4_2,2.4000,0.753748
1216,router_1_3,router_4_2,2.9001,0.752406
1217,router_1_3,router_4_2,2.4000,0.753211
1218,router_2_3,router_3_2,0.8000,0.878296
1219,router_2_3,router_3_2,1.9000,0.878296
1220,router_2_3,router_3_2,1.9001,0.877459
1221,router_2_3,router_3_2,6.8002,0.870305
1222,router_3_3,router_2_2,8.3002,0.868488
1223,router_3_3,router_2_2,0.8000,0.878464
1224,router_3_3,router_2_2,2.8001,0.875955
1225,router_3_3,router_2_2,2.3001,0.877627
1226,router_4_3,router_1_2,2.9001,0.754824
1227,router_4_3,router_1_2,1.9000,0.754824
1228,router_4_3,router_1_2,2.4000,0.753479
1229,router_4_3,router_1_2,4.9001,0.746810
1230,router_5_3,router_0_2,5.0001,0.652491
1231,router_5_3,router_0_2,4.6001,0.651740
1232,router_5_3,router_0_2,4.1001,0.651740
1233,router_5_3,router_0_2,3.6000,0.653889
1234,router_6_3,router_7_1,2.9001,0.808699
1235,router_6_3,router_7_1,2.4000,0.810938
1236,router_6_3,router_7_1,3.9001,0.808550
1237,router_6_3,router_7_1,3.4001,0.808550
1238,router_7_3,router_6_1,1.4000,0.813261
1239,router_7_3,router_6_1,3.9001,0.809519
1240,router_7_3,router_6_1,5.4001,0.804321
1241,router_7_3,router_6_1,2.6000,0.812661
1242,router_7_2,router_6_2,1.5000,0.949813
1244,router_7_2,router_6_2,0.5000,0.949813
1244,router_7_2,router_6_2,0.5000,0.949813
1245,router_7_2,router_5_2,2.3001,0.875955
1246,router_0_3,router_5_2,4.1001,0.652276
1247,router_0_3,router_5_2,3.3001,0.653996
1248,router_0_3,router_5_2,4.9001,0.649071
1249,router_0_3,router_4_2,4.5001,0.697230
1250,router_1_3,router_4_2,2.5001,0.754151
1251,router_1_3,router_4_2,2.1000,0.754151
1252,router_1_3,router_4_2,2.9000,0.752406
1253,router_1_3,router_3_2,1.7000,0.812286
1254,router_2_3,router_3_2,2.8001,0.874954
1255,router_2_3,router_3_2,3.5001,0.875621
1256,router_2_3,router_3_2,2.8001,0.876957
1257,router_2_3,router_2_2,1.0000,0.949813
1258,router_3_3,router_2_2,0.8000,0.878464
1259,router_3_3,router_2_2,3.3001,0.874288
1260,router_3_3,router_2_2,2.8001,0.875121
1261,router_3_3,router_1_2,2.4000,0.810265
1262,router_4_3,router_1_2,2.9000,0.753479
1263,router_4_3,router_1_2,2.9000,0.753479
1264,router_4_3,router_1_2,4.9001,0.746810
1265,router_4_3,router_0_2,3.6000,0.698843
1266,router_5_3,router_0_2,6.1001,0.646419
1267,router_5_3,router_0_2,4.6001,0.650136
1268,router_5_3,router_0_2,4.1001,0.651205
1269,router_5_3,router_7_1,2.9000,0.752674
1270,router_6_3,router_7_1,3.4001,0.808401
1271,router_6_3,router_7_1,1.4000,0.813186
1272,router_6_3,router_7_1,2.9000,0.811387
1273,router_6_3,router_6_1,0.8000,0.878464
1274,router_7_3,router_6_1,3.4001,0.807285
1275,router_7_3,router_6_1,1.9000,0.812511
1276,router_7_3,router_6_1,2.4000,0.811761
1277,router_7_3,router_5_1,4.4001,0.748137
1279,router_7_2,router_6_2,0.5000,0.949813
1279,router_7_2,router_6_2,1.5000,0.949813
1281,router_7_2,router_5_2,1.3000,0.877627
1281,router_7_2,router_5_2,0.8000,0.878464
1282,router_0_3,router_5_2,4.1001,0.651954
1283,router_0_3,router_5_2,3.9001,0.653135
1284,router_0_3,router_4_2,3.3000,0.701545
1285,router_0_3,router_4_2,3.3001,0.700702
1286,router_1_3,router_4_2,1.4000,0.755902
1287,router_1_3,router_4_2,5.4001,0.747871
1288,router_1_3,router_3_2,1.9000,0.812136
1289,router_1_3,router_3_2,2.4000,0.811836
1290,router_2_3,router_3_2,2.8001,0.876957
1291,router_2_3,router_3_2,1.3000,0.878129
1292,router_2_3,router_2_2,0.5000,0.949813
1292,router_2_3,router_2_2,1.5000,0.949813
1294,router_3_3,router_2_2,2.3001,0.875955
1295,router_3_3,router_2_2,0.8000,0.878464
1296,router_3_3,router_1_2,4.1001,0.811162
1297,router_3_3,router_1_2,3.4001,0.808773
1298,router_4_3,router_1_2,2.4000,0.753479
1299,router_4_3,router_1_2,3.9001,0.750134
1300,router_4_3,router_0_2,5.1001,0.695861
1301,router_4_3,router_0_2,4.6001,0.694673
1302,router_5_3,router_0_2,4.0001,0.654104
1303,router_5_3,router_0_2,5.1001,0.650670
1304,router_5_3,router_7_1,2.4000,0.754016
1305,router_5_3,router_7_1,3.4001,0.752674
1306,router_6_3,router_7_1,2.4000,0.810191
1307,router_6_3,router_7_1,2.9000,0.810788
1308,router_6_3,router_6_1,1.3000,0.877627
1309,router_6_3,router_6_1,1.3000,0.877627
1310,router_7_3,router_6_1,2.4000,0.811013
1311,router_7_3,router_6_1,2.4000,0.810265
1312,router_7_3,router_5_1,2.4000,0.753479
1313,router_7_3,router_5_1,2.9000,0.752138
1314,router_7_2,router_6_2,1.5000,0.949813
1315,router_7_2,router_5_2,2.3000,0.875955
1316,router_7_2,router_5_2,2.8001,0.876790
1317,router_7_2,router_5_2,2.8001,0.875955
1318,router_0_3,router_5_2,3.3000,0.654104
1319,router_0_3,router_4_2,3.6000,0.699502
1320,router_0_3,router_4_2,3.7001,0.698664
1321,router_0_3,router_4_2,4.6001,0.695445
1322,router_1_3,router_4_2,2.5001,0.753479
1323,router_1_3,router_3_2,2.1000,0.812286
1324,router_1_3,router_3_2,2.9001,0.810041
1325,router_1_3,router_3_2,4.4001,0.805875
1326,router_2_3,router_3_2,0.8000,0.878296
1327,router_2_3,router_2_2,1.0000,0.949813
1327,router_2_3,router_2_2,4.0001,0.949813
1329,router_2_3,router_2_2,0.5000,0.949813
1330,router_3_3,router_2_2,1.8001,0.877627
1331,router_3_3,router_1_2,1.9000,0.811761
1332,router_3_3,router_1_2,2.4000,0.810265
1333,router_3_3,router_1_2,2.4000,0.810265
1334,router_4_3,router_1_2,2.9000,0.753479
1335,router_4_3,router_0_2,3.1000,0.700042
1336,router_4_3,router_0_2,3.1000,0.700642
1337,router_4_3,router_0_2,3.6000,0.700642
1338,router_5_3,router_0_2,4.5001,0.651954
1339,router_5_3,router_7_1,2.8000,0.752942
1340,router_5_3,router_7_1,1.7000,0.755767
1341,router_5_3,router_7_1,2.5000,0.754823
1342,router_6_3,router_7_1,1.9000,0.812286
1343,router_6_3,router_6_1,1.3000,0.877627
1344,router_6_3,router_6_1,1.3000,0.877627
1345,router_6_3,router_6_1,1.8000,0.877627
1346,router_7_3,router_6_1,2.9001,0.809519
1347,router_7_3,router_5_1,1.9000,0.755497
1348,router_7_3,router_5_1,2.9000,0.752138
1349,router_7_3,router_5_1,2.9000,0.753479
1350,router_7_2,router_5_2,5.3001,0.872625
1351,router_7_2,router_5_2,4.3001,0.874288
1352,router_7_2,router_5_2,1.3000,0.877627
1353,router_7_2,router_5_2,1.3000,0.877627
1354,router_0_3,router_4_2,3.3000,0.700102
1355,router_0_3,router_4_2,3.1000,0.700342
1356,router_0_3,router_4_2,2.9000,0.702026
1357,router_0_3,router_4_2,3.3001,0.699143
1358,router_1_3,router_3_2,3.9001,0.808550
1359,router_1_3,router_3_2,1.7000,0.812286
1360,router_1_3,router_3_2,1.9000,0.811537
1361,router_1_3,router_3_2,1.4000,0.813637
1362,router_2_3,router_2_2,1.0000,0.949813
1363,router_2_3,router_2_2,6.0001,0.949813
1364,router_2_3,router_2_2,1.0000,0.949813
1365,router_2_3,router_2_2,1.0000,0.949813
1366,router_3_3,router_1_2,2.1000,0.812661
1367,router_3_3,router_1_2,3.9001,0.805801
1368,router_3_3,router_1_2,1.9000,0.812511
1369,router_3_3,router_1_2,2.4000,0.810265
1370,router_4_3,router_0_2,4.1001,0.697648
1371,router_4_3,router_0_2,4.2001,0.701605
1372,router_4_3,router_0_2,3.6000,0.700042
1373,router_4_3,router_0_2,3.6000,0.700642
1374,router_5_3,router_7_1,1.9000,0.754689
1375,router_5_3,router_7_1,2.9000,0.753345
1376,router_5_3,router_7_1,1.9000,0.754689
1377,router_5_3,router_7_1,5.4001,0.746943
1378,router_6_3,router_6_1,4.3001,0.872625
1379,router_6_3,router_6_1,3.8001,0.875121
1380,router_6_3,router_6_1,0.8000,0.878464
1381,router_6_3,router_6_1,1.3000,0.877627
1382,router_7_3,router_5_1,1.9000,0.754824
1383,router_7_3,router_5_1,2.4000,0.754824
1384,router_7_3,router_5_1,2.4000,0.754151
1385,router_7_3,router_5_1,1.9000,0.755497
1386,router_6_2,router_5_2,1.0000,0.949813
1387,router_7_2,router_5_2,0.8000,0.878464
1388,router_7_2,router_5_2,2.8001,0.875121
1389,router_7_2,router_5_2,3.8001,0.873456
1390,router_7_2,router_4_2,6.4001,0.798439
1391,router_0_3,router_4_2,6.9002,0.688257
1392,router_0_3,router_4_2,2.9000,0.700702
1393,router_0_3,router_4_2,3.7001,0.698783
1394,router_0_3,router_3_2,3.3001,0.750934
1395,router_1_3,router_3_2,4.1001,0.805134
1396,router_1_3,router_3_2,1.7000,0.812886
1397,router_1_3,router_3_2,3.8001,0.810938
1398,router_1_3,router_2_2,0.8000,0.878296
1399,router_2_3,router_2_2,1.0000,0.949813
1399,router_2_3,router_2_2,1.5000,0.949813
1400,router_2_3,router_2_2,1.0000,0.949813
1402,router_2_3,router_1_2,1.3000,0.877627
1403,router_3_3,router_1_2,1.6000,0.813412
1404,router_3_3,router_1_2,1.6000,0.813412
1405,router_3_3,router_1_2,1.9000,0.812511
1406,router_3_3,router_0_2,1.9000,0.755497
1407,router_4_3,router_0_2,3.1000,0.701244
1408,router_4_3,router_0_2,5.1001,0.695267
1409,router_4_3,router_0_2,4.6001,0.695861
1410,router_4_3,router_7_1,5.3001,0.692603
1411,router_5_3,router_7_1,4.1001,0.752674
1412,router_5_3,router_7_1,3.9001,0.750000
1413,router_5_3,router_7_1,2.1000,0.754689
1414,router_5_3,router_6_1,2.4000,0.810788
1415,router_6_3,router_6_1,0.8000,0.878464
1416,router_6_3,router_6_1,1.3000,0.877627
1417,router_6_3,router_6_1,1.8000,0.876790
1418,router_6_3,router_5_1,1.6000,0.813412
1419,router_7_3,router_5_1,4.9001,0.748802
1420,router_7_3,router_5_1,2.4000,0.756172
1421,router_7_3,router_5_1,2.9000,0.752138
1422,router_7_3,router_4_1,5.1001,0.694673
1423,router_6_2,router_5_2,1.0000,0.949813
1424,router_6_2,router_5_2,0.5000,0.949813
1425,router_7_2,router_5_2,3.3001,0.874288
1426,router_7_2,router_5_2,0.8000,0.878464
1427,router_7_2,router_4_2,1.6000,0.813412
1428,router_7_2,router_4_2,2.9001,0.810265
1429,router_0_3,router_4_2,4.4001,0.700222
1430,router_0_3,router_4_2,4.1001,0.697708
1431,router_0_3,router_3_2,4.4001,0.748935
1432,router_0_3,router_3_2,3.9001,0.749201
1433,router_1_3,router_3_2,1.9000,0.812736
1434,router_1_3,router_3_2,1.9000,0.812136
1435,router_1_3,router_2_2,2.3001,0.875788
1436,router_1_3,router_2_2,3.5001,0.873955
1437,router_2_3,router_2_2,2.5001,0.949813
1438,router_2_3,router_2_2,0.5000,0.949813
1439,router_2_3,router_1_2,0.8000,0.878464
1440,router_2_3,router_1_2,2.8001,0.875121
1441,router_3_3,router_1_2,2.6001,0.811911
1442,router_3_3,router_1_2,3.1001,0.811162
1443,router_3_3,router_0_2,4.9001,0.748802
1444,router_3_3,router_0_2,2.4000,0.754151
1445,router_4_3,router_0_2,4.6001,0.695267
1446,router_4_3,router_0_2,5.1001,0.694081
1447,router_4_3,router_7_1,6.1001,0.692485
1448,router_4_3,router_7_1,5.3001,0.695207
1449,router_5_3,router_7_1,2.1000,0.754151
1450,router_5_3,router_7_1,1.9000,0.754689
1451,router_5_3,router_6_1,2.9000,0.808699
1452,router_5_3,router_6_1,2.4000,0.811537
1453,router_6_3,router_6_1,0.8000,0.878464
1454,router_6_3,router_6_1,1.3000,0.877627
1455,router_6_3,router_5_1,2.4000,0.811013
1456,router_6_3,router_5_1,2.9000,0.809519
1457,router_7_3,router_5_1,2.4000,0.753479
1458,router_7_3,router_5_1,2.4000,0.754151
1459,router_7_3,router_4_1,4.6001,0.695267
1460,router_7_3,router_4_1,3.6000,0.698245
1461,router_6_2,router_5_2,0.5000,0.949813
1462,router_6_2,router_5_2,2.0001,0.949813
1463,router_6_2,router_5_2,0.5000,0.949813
1464,router_7_2,router_5_2,2.8001,0.875955
1465,router_7_2,router_4_2,3.1001,0.811162
1466,router_7_2,router_4_2,2.9001,0.811013
1467,router_7_2,router_4_2,3.9001,0.805801
1468,router_0_3,router_4_2,3.6001,0.700462
1469,router_0_3,router_3_2,2.5000,0.753479
1470,router_0_3,router_3_2,3.7001,0.749867
1471,router_0_3,router_3_2,2.1000,0.755093
1472,router_1_3,router_3_2,3.9001,0.807359
1473,router_1_3,router_2_2,3.8001,0.877292
1474,router_1_3,router_2_2,1.9001,0.876623
1475,router_1_3,router_2_2,4.3001,0.874455
1476,router_2_3,router_2_2,0.5000,0.949813
1477,router_2_3,router_1_2,1.3000,0.877627
1478,router_2_3,router_1_2,0.8000,0.878464
1479,router_2_3,router_1_2,1.3000,0.878464
1480,router_3_3,router_1_2,2.4000,0.811013
1481,router_3_3,router_0_2,2.9000,0.753479
1482,router_3_3,router_0_2,2.4000,0.753479
1483,router_3_3,router_0_2,1.9000,0.754824
1484,router_4_3,router_0_2,3.6000,0.698245
1485,router_4_3,router_7_1,4.9001,0.694022
1486,router_4_3,router_7_1,5.1001,0.696158
1487,router_4_3,router_7_1,3.1000,0.700462
1488,router_5_3,router_7_1,2.5001,0.754689
1489,router_5_3,router_6_1,1.9000,0.813637
1490,router_5_3,router_6_1,1.9000,0.811686
1491,router_5_3,router_6_1,3.4001,0.810788
1492,router_6_3,router_6_1,1.3000,0.878464
1493,router_6_3,router_5_1,1.9000,0.811761
1494,router_6_3,router_5_1,2.9000,0.810265
1495,router_6_3,router_5_1,2.1000,0.812661
1496,router_7_3,router_5_1,3.4001,0.752808
1497,router_7_3,router_4_1,4.1001,0.697648
1498,router_7_3,router_4_1,2.6000,0.701846
1499,router_7_3,router_4_1,5.6001,0.691719
1500,router_6_2,router_5_2,0.5000,0.949813
1500,router_6_2,router_5_2,1.0000,0.949813
1501,router_6_2,router_5_2,1.5000,0.949813
1502,router_6_2,router_5_2,1.0000,0.949813
1504,router_7_2,router_4_2,2.4000,0.810265
1505,router_7_2,router_4_2,1.9000,0.812511
1506,router_7_2,router_4_2,2.6000,0.812661
1507,router_7_2,router_4_2,5.4001,0.803582
1508,router_0_3,router_3_2,3.4001,0.750534
1509,router_0_3,router_3_2,5.3001,0.747075
1510,router_0_3,router_3_2,2.5000,0.753076
1511,router_0_3,router_3_2,2.4000,0.753748
1512,router_1_3,router_2_2,1.1000,0.877961
1513,router_1_3,router_2_2,1.5000,0.878129
1514,router_1_3,router_2_2,1.1000,0.877961
1515,router_1_3,router_2_2,2.3001,0.877125
1516,router_2_3,router_1_2,1.3000,0.877627
1517,router_2_3,router_1_2,2.8001,0.875121
1518,router_2_3,router_1_2,4.3001,0.873456
1519,router_2_3,router_1_2,1.8000,0.876790
1520,router_3_3,router_0_2,1.9000,0.755497
1521,router_3_3,router_0_2,2.9000,0.752808
1522,router_3_3,router_0_2,3.4001,0.751469
1523,router_3_3,router_0_2,2.9000,0.752808
1524,router_4_3,router_7_1,4.1001,0.696396
1525,router_4_3,router_7_1,4.6001,0.695089
1526,router_4_3,router_7_1,4.6001,0.696634
1527,router_4_3,router_7_1,5.7001,0.692957
1528,router_5_3,router_6_1,2.9001,0.812136
1529,router_5_3,router_6_1,2.9000,0.809892
1530,router_5_3,router_6_1,2.4000,0.810191
1531,router_5_3,router_6_1,1.9000,0.812886
1532,router_6_3,router_5_1,2.9000,0.809519
1533,router_6_3,router_5_1,4.9001,0.803582
1534,router_6_3,router_5_1,8.4002,0.794069
1535,router_6_3,router_5_1,4.1001,0.812661
1536,router_7_3,router_4_1,4.6001,0.697051
1537,router_7_3,router_4_1,3.1000,0.700042
1538,router_7_3,router_4_1,5.6001,0.695267
1539,router_7_3,router_4_1,3.1000,0.700042
1541,router_6_2,router_5_2,0.5000,0.949813
1542,router_6_2,router_5_2,2.0000,0.949813
1542,router_6_2,router_5_2,1.0000,0.949813
1543,router_6_2,router_4_2,3.8001,0.875955
1544,router_7_2,router_4_2,2.1000,0.812661
1545,router_7_2,router_4_2,3.6001,0.810415
1546,router_7_2,router_4_2,1.9000,0.811761
1547,router_7_2,router_3_2,2.4000,0.753479
1548,router_0_3,router_3_2,2.5000,0.753748
1549,router_0_3,router_3_2,3.3001,0.750934
1550,router_0_3,router_3_2,2.5000,0.752942
1551,router_0_3,router_2_2,2.9000,0.809743
1552,router_1_3,router_2_2,4.3001,0.874454
1553,router_1_3,router_2_2,2.3001,0.877627
1554,router_1_3,router_2_2,0.8000,0.878296
1555,router_1_3,router_1_2,0.5000,0.949813
1556,router_2_3,router_1_2,2.8001,0.875955
1557,router_2_3,router_1_2,1.3000,0.878464
1558,router_2_3,router_1_2,1.8000,0.877627
1559,router_2_3,router_0_2,1.6000,0.813412
1560,router_3_3,router_0_2,5.9001,0.744168
1561,router_3_3,router_0_2,3.9001,0.750801
1562,router_3_3,router_0_2,4.4001,0.748802
1563,router_3_3,router_7_1,3.6000,0.654212
1564,router_4_3,router_7_1,5.1001,0.693785
1565,router_4_3,router_7_1,3.7001,0.699262
1566,router_4_3,router_7_1,6.6001,0.691778
1567,router_4_3,router_6_1,2.4000,0.753345
1568,router_5_3,router_6_1,1.9000,0.811686
1569,router_5_3,router_6_1,2.4000,0.811986
1570,router_5_3,router_6_1,1.8000,0.813186
1571,router_5_3,router_5_1,0.8000,0.878464
1572,router_6_3,router_5_1,1.9000,0.812511
1573,router_6_3,router_5_1,1.9000,0.811761
1574,router_6_3,router_5_1,4.6001,0.808922
1575,router_6_3,router_4_1,2.9001,0.752138
1576,router_7_3,router_4_1,3.1000,0.701846
1577,router_7_3,router_4_1,4.1001,0.696456
1578,router_7_3,router_4_1,4.1001,0.697051
1579,router_7_3,router_3_1,3.1000,0.654427
1580,router_6_2,router_5_2,1.0000,0.949813
1580,router_6_2,router_5_2,0.5000,0.949813
1582,router_6_2,router_4_2,1.8000,0.876790
1583,router_6_2,router_4_2,1.3000,0.878464
1584,router_7_2,router_4_2,2.4000,0.811013
1585,router_7_2,router_4_2,2.4000,0.811761
1586,router_7_2,router_3_2,4.9001,0.747473
1587,router_7_2,router_3_2,4.4001,0.750134
1588,router_0_3,router_3_2,2.9000,0.751870
1589,router_0_3,router_3_2,2.5000,0.753076
1590,router_0_3,router_2_2,1.4000,0.813637
1591,router_0_3,router_2_2,1.7000,0.812286
1592,router_1_3,router_2_2,0.8000,0.878296
1593,router_1_3,router_2_2,0.8000,0.878296
1595,router_1_3,router_1_2,2.5001,0.949813
1595,router_1_3,router_1_2,0.5000,0.949813
1596,router_2_3,router_1_2,3.8001,0.875955
1597,router_2_3,router_1_2,2.3001,0.877627
1598,router_2_3,router_0_2,4.9001,0.808029
1599,router_2_3,router_0_2,2.9000,0.809519
1600,router_3_3,router_0_2,5.4001,0.745487
1601,router_3_3,router_0_2,2.4000,0.753479
1602,router_3_3,router_7_1,4.1001,0.652062
1603,router_3_3,router_7_1,4.6001,0.650457
1604,router_4_3,router_7_1,3.3000,0.700222
1605,router_4_3,router_7_1,4.1001,0.697947
1606,router_4_3,router_6_1,2.9001,0.752540
1607,router_4_3,router_6_1,2.4000,0.753345
1608,router_5_3,router_6_1,1.9000,0.812286
1609,router_5_3,router_6_1,1.4000,0.813186
1610,router_5_3,router_5_1,2.3000,0.876790
1611,router_5_3,router_5_1,2.3001,0.876790
1612,router_6_3,router_5_1,2.6001,0.811911
1613,router_6_3,router_5_1,3.4001,0.808029
1614,router_6_3,router_4_1,3.9001,0.750801
1615,router_6_3,router_4_1,3.4001,0.751469
1616,router_7_3,router_4_1,5.6001,0.695267
1617,router_7_3,router_4_1,3.6000,0.698843
1618,router_7_3,router_3_1,4.1001,0.652276
1619,router_7_3,router_3_1,3.1000,0.654967
1620,router_6_2,router_5_2,0.5000,0.949813
1621,router_6_2,router_4_2,2.8001,0.875121
1622,router_6_2,router_4_2,1.3000,0.877627
1623,router_6_2,router_4_2,1.3000,0.877627
1624,router_7_2,router_4_2,2.9001,0.811013
1625,router_7_2,router_3_2,3.4001,0.752138
1626,router_7_2,router_3_2,1.9000,0.754824
1627,router_7_2,router_3_2,1.9000,0.755497
1628,router_0_3,router_3_2,5.3001,0.746810
1629,router_0_3,router_2_2,1.7000,0.812886
1630,router_0_3,router_2_2,2.1000,0.811088
1631,router_0_3,router_2_2,1.9000,0.812736
1632,router_1_3,router_2_2,3.3001,0.874122
1633,router_1_3,router_1_2,0.5000,0.949813
1634,router_1_3,router_1_2,1.0000,0.949813
1635,router_1_3,router_1_2,0.5000,0.949813
1636,router_2_3,router_1_2,4.8001,0.873456
1637,router_2_3,router_0_2,3.4001,0.808773
1638,router_2_3,router_0_2,3.9001,0.805801
1639,router_2_3,router_0_2,3.4001,0.807285
1640,router_3_3,router_0_2,3.4001,0.752808
1641,router_3_3,router_7_1,3.9001,0.653673
1642,router_3_3,router_7_1,3.1000,0.654859
1643,router_3_3,router_7_1,3.3001,0.654104
1644,router_4_3,router_7_1,3.7001,0.699382
1645,router_4_3,router_6_1,1.4000,0.756037
1646,router_4_3,router_6_1,4.4001,0.750000
1647,router_4_3,router_6_1,1.9000,0.755362
1648,router_5_3,router_6_1,2.9000,0.809444
1649,router_5_3,router_5_1,1.8000,0.878464
1650,router_5_3,router_5_1,1.8000,0.876790
1651,router_5_3,router_5_1,2.3001,0.875955
1652,router_6_3,router_5_1,1.9000,0.813261
1653,router_6_3,router_4_1,1.9000,0.754824
1654,router_6_3,router_4_1,3.4001,0.750801
1655,router_6_3,router_4_1,2.4000,0.754151
1656,router_7_3,router_4_1,3.2001,0.701605
1657,router_7_3,router_3_1,4.6001,0.650670
1658,router_7_3,router_3_1,4.1001,0.651740
1659,router_7_3,router_3_1,3.1000,0.654427
1660,router_6_2,router_4_2,1.8000,0.876790
1661,router_6_2,router_4_2,2.3001,0.876790
1662,router_6_2,router_4_2,1.8000,0.876790
1663,router_6_2,router_4_2,1.3000,0.878464
1664,router_7_2,router_3_2,2.9001,0.752138
1665,router_7_2,router_3_2,1.9000,0.754824
1666,router_7_2,router_3_2,3.9001,0.751469
1667,router_7_2,router_3_2,1.9000,0.754824
1668,router_0_3,router_2_2,2.1000,0.811686
1669,router_0_3,router_2_2,2.1000,0.811836
1670,router_0_3,router_2_2,2.2000,0.812586
1671,router_0_3,router_2_2,1.9000,0.812736
1672,router_1_3,router_1_2,3.0001,0.949813
1672,router_1_3,router_1_2,0.5000,0.949813
1673,router_1_3,router_1_2,0.5000,0.949813
1675,router_1_3,router_1_2,0.5000,0.949813
1676,router_2_3,router_0_2,2.9001,0.811013
1677,router_2_3,router_0_2,2.9000,0.811761
1678,router_2_3,router_0_2,2.4000,0.811013
1679,router_2_3,router_0_2,2.1000,0.812661
1680,router_3_3,router_7_1,7.6001,0.641690
1681,router_3_3,router_7_1,5.6001,0.648539
1682,router_3_3,router_7_1,3.1000,0.654320
1683,router_3_3,router_7_1,5.6001,0.646736
1684,router_4_3,router_6_1,4.2000,0.748536
1685,router_4_3,router_6_1,3.7001,0.750534
1686,router_4_3,router_6_1,1.9000,0.755228
1687,router_4_3,router_6_1,3.3001,0.752138
1688,router_5_3,router_5_1,1.3000,0.877627
1689,router_5_3,router_5_1,1.3000,0.877627
1690,router_5_3,router_5_1,2.3001,0.877627
1691,router_5_3,router_5_1,1.8000,0.876790
1692,router_6_3,router_4_1,7.4002,0.740884
1693,router_6_3,router_4_1,3.4001,0.752808
1694,router_6_3,router_4_1,4.9001,0.747473
1695,router_6_3,router_4_1,4.4001,0.748802
1696,router_7_3,router_3_1,8.6002,0.638569
1697,router_7_3,router_3_1,3.6000,0.653889
1698,router_7_3,router_3_1,3.1000,0.654427
1699,router_7_3,router_3_1,5.0001,0.649816
1700,router_5_2,router_4_2,1.5000,0.949813
1701,router_6_2,router_4_2,1.3000,0.878464
1702,router_6_2,router_4_2,2.3000,0.875955
1703,router_6_2,router_4_2,3.8001,0.873456
1704,router_6_2,router_3_2,1.4000,0.813261
1705,router_7_2,router_3_2,4.4001,0.748137
1706,router_7_2,router_3_2,1.9000,0.754824
1707,router_7_2,router_3_2,2.9000,0.753479
1708,router_7_2,router_2_2,4.6001,0.694673
1709,router_0_3,router_2_2,2.6001,0.811986
1710,router_0_3,router_2_2,2.1000,0.811088
1711,router_0_3,router_2_2,3.8001,0.810191
1712,router_0_3,router_1_2,1.3000,0.877459
1714,router_1_3,router_1_2,0.5000,0.949813
1714,router_1_3,router_1_2,2.0000,0.949813
1715,router_1_3,router_1_2,3.0001,0.949813
1716,router_1_3,router_0_2,1.8000,0.876790
1717,router_2_3,router_0_2,3.9001,0.806543
1718,router_2_3,router_0_2,2.4000,0.811761
1719,router_2_3,router_0_2,2.9000,0.811013
1720,router_2_3,router_7_1,7.3002,0.601287
1721,router_3_3,router_7_1,2.9000,0.654967
1722,router_3_3,router_7_1,3.1001,0.654859
1723,router_3_3,router_7_1,4.7001,0.651954
1724,router_3_3,router_6_1,4.9001,0.694022
1725,router_4_3,router_6_1,2.1000,0.755228
1726,router_4_3,router_6_1,2.5001,0.753076
1727,router_4_3,router_6_1,2.1000,0.754151
1728,router_4_3,router_5_1,1.4000,0.813186
1729,router_5_3,router_5_1,1.8000,0.876790
1730,router_5_3,router_5_1,2.3001,0.878464
1731,router_5_3,router_5_1,0.8000,0.878464
1732,router_5_3,router_4_1,1.6000,0.813412
1733,router_6_3,router_4_1,2.4000,0.753479
1734,router_6_3,router_4_1,2.9000,0.754151
1735,router_6_3,router_4_1,3.4001,0.750801
1736,router_6_3,router_3_1,4.6001,0.695267
1737,router_7_3,router_3_1,6.6001,0.644836
1738,router_7_3,router_3_1,6.0001,0.648220
1739,router_7_3,router_3_1,4.1001,0.652276
1740,router_7_3,router_2_1,5.6001,0.608910
1741,router_5_2,router_4_2,1.0000,0.949813
1741,router_5_2,router_4_2,0.5000,0.949813
1743,router_6_2,router_4_2,1.3000,0.878464
1744,router_6_2,router_4_2,1.3000,0.877627
1745,router_6_2,router_3_2,2.4000,0.810265
1746,router_6_2,router_3_2,1.9000,0.812511
1747,router_7_2,router_3_2,2.9000,0.754151
1748,router_7_2,router_3_2,2.9000,0.752138
1749,router_7_2,router_2_2,5.1001,0.693489
1750,router_7_2,router_2_2,5.1001,0.696456
1751,router_0_3,router_2_2,4.2000,0.809593
1752,router_0_3,router_2_2,2.9001,0.810639
1753,router_0_3,router_1_2,1.8000,0.876623
1754,router_0_3,router_1_2,2.7000,0.876958
1756,router_1_3,router_1_2,1.5000,0.949813
1756,router_1_3,router_1_2,2.5001,0.949813
1757,router_1_3,router_0_2,0.8000,0.878464
1758,router_1_3,router_0_2,1.8000,0.877627
1759,router_2_3,router_0_2,5.4001,0.802844
1760,router_2_3,router_0_2,3.4001,0.807285
1761,router_2_3,router_7_1,3.6000,0.613000
1762,router_2_3,router_7_1,4.9001,0.606097
1763,router_3_3,router_7_1,5.5001,0.649816
1764,router_3_3,router_7_1,3.6000,0.653566
1765,router_3_3,router_6_1,4.6001,0.694614
1766,router_3_3,router_6_1,3.6000,0.699262
1767,router_4_3,router_6_1,2.1000,0.754151
1768,router_4_3,router_6_1,2.9001,0.752674
1769,router_4_3,router_5_1,3.4001,0.807954
1770,router_4_3,router_5_1,3.4001,0.807211
1771,router_5_3,router_5_1,0.8000,0.878464
1772,router_5_3,router_5_1,2.3001,0.876790
1773,router_5_3,router_4_1,1.9000,0.811761
1774,router_5_3,router_4_1,3.1001,0.811162
1775,router_6_3,router_4_1,2.4000,0.753479
1776,router_6_3,router_4_1,2.4000,0.754824
1777,router_6_3,router_3_1,4.7001,0.699202
1778,router_6_3,router_3_1,4.6001,0.698245
1779,router_7_3,router_3_1,3.5001,0.653566
1780,router_7_3,router_3_1,4.5001,0.651419
1781,router_7_3,router_2_1,3.6000,0.612468
1782,router_7_3,router_2_1,5.6001,0.605291
1783,router_5_2,router_4_2,0.5000,0.949813
1784,router_5_2,router_4_2,1.0000,0.949813
1785,router_5_2,router_4_2,2.0000,0.949813
1786,router_6_2,router_4_2,1.8001,0.878464
1787,router_6_2,router_3_2,3.9001,0.806543
1788,router_6_2,router_3_2,1.4000,0.813261
1789,router_6_2,router_3_2,1.4000,0.813261
1790,router_7_2,router_3_2,5.4001,0.747473
1791,router_7_2,router_2_2,3.1000,0.701244
1792,router_7_2,router_2_2,4.6001,0.696456
1793,router_7_2,router_2_2,3.1000,0.701244
1794,router_0_3,router_2_2,1.4000,0.813036
1795,router_0_3,router_1_2,1.3000,0.877459
1796,router_0_3,router_1_2,1.9001,0.876623
1797,router_0_3,router_1_2,1.3000,0.877459
1798,router_1_3,router_1_2,2.0001,0.949813
1799,router_1_3,router_0_2,1.3000,0.877627
1800,router_1_3,router_0_2,1.8000,0.876790
1801,router_1_3,router_0_2,2.8001,0.875121
1802,router_2_3,router_0_2,2.6001,0.811911
1803,router_2_3,router_7_1,4.5001,0.609628
1804,router_2_3,router_7_1,3.6000,0.611841
1805,router_2_3,router_7_1,4.1001,0.610781
1806,router_3_3,router_7_1,3.7001,0.652383
1807,router_3_3,router_6_1,4.1001,0.700222
1808,router_3_3,router_6_1,3.7001,0.698783
1809,router_3_3,router_6_1,4.1001,0.697469
1810,router_4_3,router_6_1,3.4001,0.752540
1811,router_4_3,router_5_1,1.9000,0.813637
1812,router_4_3,router_5_1,2.4000,0.810191
1813,router_4_3,router_5_1,1.9000,0.811686
1814,router_5_3,router_5_1,3.3001,0.876790
1815,router_5_3,router_4_1,3.6001,0.811162
1816,router_5_3,router_4_1,4.4001,0.806543
1817,router_5_3,router_4_1,2.4000,0.811761
1818,router_6_3,router_4_1,3.9001,0.750134
1819,router_6_3,router_3_1,4.1001,0.696456
1820,router_6_3,router_3_1,4.6001,0.695861
1821,router_6_3,router_3_1,6.6001,0.687615
1822,router_7_3,router_3_1,3.5001,0.655183
1823,router_7_3,router_2_1,5.1001,0.608145
1824,router_7_3,router_2_1,5.1001,0.607191
1825,router_7_3,router_2_1,5.1001,0.607954
1826,router_5_2,router_4_2,0.5000,0.949813
1827,router_5_2,router_4_2,0.5000,0.949813
1828,router_5_2,router_4_2,1.5000,0.949813
1829,router_5_2,router_4_2,1.0000,0.949813
1830,router_6_2,router_3_2,1.9000,0.812511
1831,router_6_2,router_3_2,4.9001,0.805060
1832,router_6_2,router_3_2,4.4001,0.805060
1833,router_6_2,router_3_2,3.1001,0.811162
1834,router_7_2,router_2_2,6.6001,0.687615
1835,router_7_2,router_2_2,3.6000,0.698843
1836,router_7_2,router_2_2,3.6000,0.698843
1837,router_7_2,router_2_2,6.1001,0.691719
1838,router_0_3,router_1_2,1.3000,0.877459
1839,router_0_3,router_1_2,1.3000,0.878129
1840,router_0_3,router_1_2,1.8000,0.877292
1841,router_0_3,router_1_2,2.8001,0.875621
1842,router_1_3,router_0_2,3.8001,0.875121
1843,router_1_3,router_0_2,2.3001,0.876790
1844,router_1_3,router_0_2,1.8000,0.876790
1845,router_1_3,router_0_2,0.8000,0.878464
1846,router_2_3,router_7_1,3.7001,0.611744
1847,router_2_3,router_7_1,4.9001,0.608001
1848,router_2_3,router_7_1,4.1001,0.610012
1849,router_2_3,router_7_1,3.3001,0.612227
1850,router_3_3,router_6_1,3.1000,0.700943
1851,router_3_3,router_6_1,5.1001,0.692839
1852,router_3_3,router_6_1,3.6000,0.700222
1853,router_3_3,router_6_1,6.9002,0.686974
1854,router_4_3,router_5_1,1.9000,0.813036
1855,router_4_3,router_5_1,3.9001,0.806468
1856,router_4_3,router_5_1,1.9000,0.812286
1857,router_4_3,router_5_1,1.4000,0.813787
1858,router_5_3,router_4_1,1.9000,0.811761
1859,router_5_3,router_4_1,4.9001,0.804321
1860,router_5_3,router_4_1,1.4000,0.813261
1861,router_5_3,router_4_1,1.9000,0.812511
1862,router_6_3,router_3_1,4.1001,0.697648
1863,router_6_3,router_3_1,4.1001,0.697051
1864,router_6_3,router_3_1,4.1001,0.697648
1865,router_6_3,router_3_1,4.1001,0.697648
1866,router_7_3,router_2_1,6.6001,0.605765
1867,router_7_3,router_2_1,5.6001,0.604817
1868,router_7_3,router_2_1,3.6000,0.612275
1869,router_7_3,router_2_1,5.1001,0.606240
1871,router_5_2,router_4_2,0.5000,0.949813
1872,router_5_2,router_4_2,1.0000,0.949813
1872,router_5_2,router_4_2,1.5000,0.949813
1873,router_5_2,router_3_2,2.8001,0.875955
1874,router_6_2,router_3_2,3.4001,0.807285
1875,router_6_2,router_3_2,4.4001,0.808029
1876,router_6_2,router_3_2,2.9000,0.809519
1877,router_6_2,router_2_2,3.9001,0.752808
1878,router_7_2,router_2_2,3.6000,0.699442
1879,router_7_2,router_2_2,4.1001,0.697051
1880,router_7_2,router_2_2,4.1001,0.696456
1881,router_7_2,router_1_2,5.1001,0.648008
1882,router_0_3,router_1_2,2.3001,0.876790
1883,router_0_3,router_1_2,1.3000,0.877459
1884,router_0_3,router_1_2,3.8001,0.873290
1885,router_0_3,router_0_2,3.0001,0.949813
1886,router_1_3,router_0_2,0.8000,0.878464
1887,router_1_3,router_0_2,1.8000,0.876790
1888,router_1_3,router_0_2,0.8000,0.878464
1889,router_1_3,router_7_1,3.3000,0.575470
1890,router_2_3,router_7_1,4.2001,0.611744
1891,router_2_3,router_7_1,3.3000,0.612420
1892,router_2_3,router_7_1,6.1001,0.604203
1893,router_2_3,router_6_1,2.7000,0.655724
1894,router_3_3,router_6_1,2.9000,0.700702
1895,router_3_3,router_6_1,4.5001,0.696873
1896,router_3_3,router_6_1,3.7001,0.699742
1897,router_3_3,router_5_1,3.4001,0.751202
1898,router_4_3,router_5_1,1.8000,0.813186
1899,router_4_3,router_5_1,2.4000,0.810788
1900,router_4_3,router_5_1,2.9000,0.808699
1901,router_4_3,router_4_1,1.3000,0.877627
1902,router_5_3,router_4_1,4.4001,0.804321
1903,router_5_3,router_4_1,3.4001,0.809519
1904,router_5_3,router_4_1,3.1001,0.811162
1905,router_5_3,router_3_1,3.4001,0.752138
1906,router_6_3,router_3_1,6.1001,0.689955
1907,router_6_3,router_3_1,3.6000,0.700642
1908,router_6_3,router_3_1,4.1001,0.698245
1909,router_6_3,router_2_1,4.6001,0.650136
1910,router_7_3,router_2_1,4.1001,0.609580
1911,router_7_3,router_2_1,6.1001,0.608145
1912,router_7_3,router_2_1,3.3000,0.613339
1913,router_7_3,router_1_1,3.1000,0.575730
1914,router_5_2,router_4_2,0.5000,0.949813
1915,router_5_2,router_4_2,1.0000,0.949813
1916,router_5_2,router_3_2,1.8000,0.877627
1917,router_5_2,router_3_2,1.3000,0.877627
1918,router_6_2,router_3_2,2.9001,0.810265
1919,router_6_2,router_3_2,1.9000,0.811761
1920,router_6_2,router_2_2,5.4001,0.747473
1921,router_6_2,router_2_2,4.4001,0.748137
1922,router_7_2,router_2_2,4.1001,0.697051
1923,router_7_2,router_2_2,5.6001,0.691130
1924,router_7_2,router_1_2,4.1001,0.651740
1925,router_7_2,router_1_2,6.6001,0.643260
1926,router_0_3,router_1_2,3.3001,0.874122
1927,router_0_3,router_1_2,1.5000,0.878129
1928,router_0_3,router_0_2,2.0001,0.949813
1928,router_0_3,router_0_2,0.5000,0.949813
1930,router_1_3,router_0_2,3.1001,0.874621
1931,router_1_3,router_0_2,1.8000,0.876790
1932,router_1_3,router_7_1,4.6001,0.572704
1933,router_1_3,router_7_1,5.6001,0.569536
1934,router_2_3,router_7_1,6.9002,0.601568
1935,router_2_3,router_7_1,3.3001,0.611648
1936,router_2_3,router_6_1,3.9001,0.653458
1937,router_2_3,router_6_1,3.1000,0.655183
1938,router_3_3,router_6_1,3.3000,0.701183
1939,router_3_3,router_6_1,3.7001,0.698783
1940,router_3_3,router_5_1,2.9001,0.752004
1941,router_3_3,router_5_1,2.9001,0.753076
1942,router_4_3,router_5_1,1.8000,0.813186
1943,router_4_3,router_5_1,3.4001,0.809444
1944,router_4_3,router_4_1,2.3000,0.876790
1945,router_4_3,router_4_1,1.8000,0.876790
1946,router_5_3,router_4_1,3.9001,0.807285
1947,router_5_3,router_4_1,1.4000,0.813261
1948,router_5_3,router_3_1,4.4001,0.748802
1949,router_5_3,router_3_1,3.9001,0.750134
1950,router_6_3,router_3_1,4.1001,0.698245
1951,router_6_3,router_3_1,3.6000,0.698245
1952,router_6_3,router_2_1,5.1001,0.649603
1953,router_6_3,router_2_1,4.0001,0.653028
1954,router_7_3,router_2_1,6.1001,0.603873
1955,router_7_3,router_2_1,6.1001,0.605765
1956,router_7_3,router_1_1,5.6001,0.569280
1957,router_7_3,router_1_1,5.1001,0.569706
1958,router_5_2,router_4_2,7.5002,0.949813
1959,router_5_2,router_3_2,5.8001,0.870140
1960,router_5_2,router_3_2,0.8000,0.878464
1961,router_5_2,router_3_2,1.8000,0.878464
1962,router_6_2,router_3_2,1.9000,0.813261
1963,router_6_2,router_2_2,6.4001,0.746810
1964,router_6_2,router_2_2,2.4000,0.754151
1965,router_6_2,router_2_2,2.9000,0.754151
1966,router_7_2,router_2_2,3.1000,0.700642
1967,router_7_2,router_1_2,5.6001,0.647478
1968,router_7_2,router_1_2,6.1001,0.645363
1969,router_7_2,router_1_2,5.6001,0.648008
1970,router_0_3,router_1_2,1.3000,0.877459
1971,router_0_3,router_0_2,3.0001,0.949813
1972,router_0_3,router_0_2,0.5000,0.949813
1973,router_0_3,router_0_2,2.5001,0.949813
1974,router_1_3,router_0_2,2.8001,0.875121
1975,router_1_3,router_7_1,3.7001,0.574084
1976,router_1_3,router_7_1,6.6001,0.567328
1977,router_1_3,router_7_1,3.7001,0.573911
1978,router_2_3,router_7_1,5.1001,0.608001
1979,router_2_3,router_6_1,4.6001,0.650991
1980,router_2_3,router_6_1,8.1002,0.638984
1981,router_2_3,router_6_1,2.6000,0.655940
1982,router_3_3,router_6_1,6.1001,0.691895
1983,router_3_3,router_5_1,2.9001,0.753748
1984,router_3_3,router_5_1,2.9001,0.753211
1985,router_3_3,router_5_1,2.1000,0.754151
1986,router_4_3,router_5_1,2.4000,0.810788
1987,router_4_3,router_4_1,0.8000,0.878464
1988,router_4_3,router_4_1,2.8001,0.877627
1989,router_4_3,router_4_1,3.8001,0.875121
1990,router_5_3,router_4_1,10.6003,0.800050
1991,router_5_3,router_3_1,2.9001,0.752138
1992,router_5_3,router_3_1,2.9000,0.754151
1993,router_5_3,router_3_1,3.9001,0.749467
1994,router_6_3,router_3_1,4.6001,0.697051
1995,router_6_3,router_2_1,3.6000,0.653889
1996,router_6_3,router_2_1,3.5001,0.653566
1997,router_6_3,router_2_1,3.6000,0.653350
1998,router_7_3,router_2_1,5.1001,0.609101
1999,router_7_3,router_1_1,6.6001,0.567582
2000,router_7_3,router_1_1,5.1001,0.570133
2001,router_7_3,router_1_1,4.1001,0.573566
2002,router_5_2,router_3_2,1.8000,0.876790
2003,router_5_2,router_3_2,0.8000,0.878464
2004,router_5_2,router_3_2,1.3000,0.878464
2005,router_5_2,router_3_2,1.8000,0.876790
2006,router_6_2,router_2_2,3.9001,0.753479
2007,router_6_2,router_2_2,1.4000,0.756172
2008,router_6_2,router_2_2,3.4001,0.752138
2009,router_6_2,router_2_2,4.9001,0.746810
2010,router_7_2,router_1_2,6.0001,0.649284
2011,router_7_2,router_1_2,4.6001,0.650136
2012,router_7_2,router_1_2,4.1001,0.653889
2013,router_7_2,router_1_2,5.0001,0.648752
2014,router_0_3,router_0_2,0.5000,0.949813
2014,router_0_3,router_0_2,0.5000,0.949813
2016,router_0_3,router_0_2,1.0000,0.949813
2017,router_0_3,router_0_2,1.5000,0.949813
2018,router_1_3,router_7_1,4.5001,0.572188
2019,router_1_3,router_7_1,4.6001,0.572962
2020,router_1_3,router_7_1,5.7001,0.568600
2021,router_1_3,router_7_1,5.7001,0.569025
2022,router_2_3,router_6_1,3.3001,0.653673
2023,router_2_3,router_6_1,4.3001,0.652169
2024,router_2_3,router_6_1,4.9001,0.649923
2025,router_2_3,router_6_1,4.1001,0.651954
2026,router_3_3,router_5_1,3.7000,0.752004
2027,router_3_3,router_5_1,2.1000,0.754151
2028,router_3_3,router_5_1,2.9000,0.753345
2029,router_3_3,router_5_1,7.9002,0.739446
2030,router_4_3,router_4_1,2.3000,0.875955
2031,router_4_3,router_4_1,0.8000,0.878464
2032,router_4_3,router_4_1,0.8000,0.878464
2033,router_4_3,router_4_1,2.3001,0.876790
2034,router_5_3,router_3_1,2.4000,0.754151
2035,router_5_3,router_3_1,2.4000,0.753479
2036,router_5_3,router_3_1,1.9000,0.755497
2037,router_5_3,router_3_1,2.4000,0.754151
2038,router_6_3,router_2_1,5.5001,0.649816
2039,router_6_3,router_2_1,4.1001,0.651740
2040,router_6_3,router_2_1,4.5001,0.651954
2041,router_6_3,router_2_1,5.1001,0.649071
2042,router_7_3,router_1_1,3.6000,0.575296
2043,router_7_3,router_1_1,3.1000,0.576165
2044,router_7_3,router_1_1,4.6001,0.572274
2045,router_7_3,router_1_1,4.1001,0.572704
2046,router_4_2,router_3_2,0.5000,0.949813
2047,router_5_2,router_3_2,1.8000,0.876790
2048,router_5_2,router_3_2,1.8000,0.877627
2049,router_5_2,router_3_2,0.8000,0.878464
2050,router_5_2,router_2_2,2.9001,0.808773
2051,router_6_2,router_2_2,2.9000,0.752138
2052,router_6_2,router_2_2,2.9000,0.752808
2053,router_6_2,router_2_2,2.9000,0.752138
2054,router_6_2,router_1_2,4.6001,0.695267
2055,router_7_2,router_1_2,4.0001,0.653566
2056,router_7_2,router_1_2,4.1001,0.652813
2057,router_7_2,router_1_2,3.1000,0.654967
2058,router_7_2,router_0_2,5.6001,0.606240
2059,router_0_3,router_0_2,0.5000,0.949813
2061,router_0_3,router_0_2,2.0001,0.949813
2061,router_0_3,router_0_2,3.0001,0.949813
2062,router_0_3,router_7_1,6.5001,0.535431
2063,router_1_3,router_7_1,4.5001,0.571759
2064,router_1_3,router_7_1,3.6000,0.574689
2065,router_1_3,router_7_1,2.9000,0.576513
2066,router_1_3,router_6_1,6.1001,0.603920
2067,router_2_3,router_6_1,3.6000,0.652706
2068,router_2_3,router_6_1,3.5001,0.653673
2069,router_2_3,router_6_1,4.5001,0.649816
2070,router_2_3,router_5_1,4.5001,0.696396
2071,router_3_3,router_5_1,2.1000,0.754151
2072,router_3_3,router_5_1,2.5001,0.753076
2073,router_3_3,router_5_1,2.9001,0.753211
2074,router_3_3,router_4_1,3.4001,0.808401
2075,router_4_3,router_4_1,3.3001,0.874288
2076,router_4_3,router_4_1,0.8000,0.878464
2077,router_4_3,router_4_1,1.8000,0.877627
2078,router_4_3,router_3_1,1.6000,0.813412
2079,router_5_3,router_3_1,2.4000,0.755497
2080,router_5_3,router_3_1,2.4000,0.753479
2081,router_5_3,router_3_1,1.9000,0.754824
2082,router_5_3,router_2_1,5.1001,0.695267
2083,router_6_3,router_2_1,4.1001,0.652276
2084,router_6_3,router_2_1,3.1000,0.654427
2085,router_6_3,router_2_1,4.5001,0.653028
2086,router_6_3,router_1_1,5.1001,0.607667
2087,router_7_3,router_1_1,4.1001,0.573135
2088,router_7_3,router_1_1,6.1001,0.567582
2089,router_7_3,router_1_1,4.1001,0.573135
2090,router_7_3,router_0_1,6.0001,0.536537
2091,router_4_2,router_3_2,0.5000,0.949813
2091,router_4_2,router_3_2,1.0000,0.949813
2093,router_5_2,router_3_2,2.3001,0.875955
2094,router_5_2,router_3_2,1.3000,0.877627
2095,router_5_2,router_2_2,1.9000,0.811761
2096,router_5_2,router_2_2,1.9000,0.812511
2097,router_6_2,router_2_2,2.9000,0.752138
2098,router_6_2,router_2_2,3.4001,0.751469
2099,router_6_2,router_1_2,4.1001,0.697648
2100,router_6_2,router_1_2,5.1001,0.695267
2101,router_7_2,router_1_2,6.6001,0.644310
2102,router_7_2,router_1_2,4.1001,0.652276
2103,router_7_2,router_0_2,5.1001,0.606715
2104,router_7_2,router_0_2,4.1001,0.610540
2105,router_0_3,router_0_2,0.5000,0.949813
2105,router_0_3,router_0_2,0.5000,0.949813
2107,router_0_3,router_7_1,6.0000,0.536652
2108,router_0_3,router_7_1,6.5001,0.535812
2109,router_1_3,router_7_1,3.6000,0.575036
2110,router_1_3,router_7_1,3.7001,0.574430
2111,router_1_3,router_6_1,3.3001,0.612034
2112,router_1_3,router_6_1,4.1001,0.608862
2113,router_2_3,router_6_1,4.6001,0.650457
2114,router_2_3,router_6_1,3.7001,0.652813
2115,router_2_3,router_5_1,5.6001,0.692013
2116,router_2_3,router_5_1,3.6000,0.699262
2117,router_3_3,router_5_1,2.4000,0.753345
2118,router_3_3,router_5_1,2.9001,0.753211
2119,router_3_3,router_4_1,3.9001,0.807954
2120,router_3_3,router_4_1,1.9000,0.812436
2121,router_4_3,router_4_1,1.8000,0.876790
2122,router_4_3,router_4_1,1.3000,0.877627
2123,router_4_3,router_3_1,1.9000,0.812511
2124,router_4_3,router_3_1,3.1001,0.811162
2125,router_5_3,router_3_1,1.9000,0.754824
2126,router_5_3,router_3_1,3.4001,0.752138
2127,router_5_3,router_2_1,3.1000,0.701244
2128,router_5_3,router_2_1,4.6001,0.695267
2129,router_6_3,router_2_1,5.1001,0.648539
2130,router_6_3,router_2_1,4.1001,0.652813
2131,router_6_3,router_1_1,10.1002,0.592271
2132,router_6_3,router_1_1,4.6001,0.609388
2133,router_7_3,router_1_1,4.1001,0.573566
2134,router_7_3,router_1_1,5.1001,0.570133
2135,router_7_3,router_0_1,6.0001,0.537685
2136,router_7_3,router_0_1,7.5001,0.533875
2137,router_4_2,router_3_2,6.0002,0.949813
2138,router_4_2,router_3_2,0.5000,0.949813
2139,router_4_2,router_3_2,0.5000,0.949813
2140,router_5_2,router_3_2,0.8000,0.878464
2141,router_5_2,router_2_2,1.4000,0.813261
2142,router_5_2,router_2_2,2.9000,0.811013
2143,router_5_2,router_2_2,1.9000,0.811761
2144,router_6_2,router_2_2,1.9000,0.755497
2145,router_6_2,router_1_2,3.6000,0.698843
2146,router_6_2,router_1_2,6.1001,0.689955
2147,router_6_2,router_1_2,4.6001,0.695267
2148,router_7_2,router_1_2,5.1001,0.648008
2149,router_7_2,router_0_2,3.6000,0.611503
2150,router_7_2,router_0_2,4.1001,0.609580
2151,router_7_2,router_0_2,4.1001,0.609580
2152,router_0_3,router_0_2,0.5000,0.949813
2153,router_0_3,router_7_1,6.0001,0.538261
2154,router_0_3,router_7_1,7.0001,0.533686
2155,router_0_3,router_7_1,5.7001,0.539417
2156,router_1_3,router_7_1,4.5001,0.572016
2157,router_1_3,router_6_1,4.2001,0.610492
2158,router_1_3,router_6_1,4.1001,0.611070
2159,router_1_3,router_6_1,3.3001,0.611455
2160,router_2_3,router_6_1,6.1002,0.645574
2161,router_2_3,router_5_1,4.6001,0.697230
2162,router_2_3,router_5_1,3.2001,0.702750
2163,router_2_3,router_5_1,5.1001,0.695801
2164,router_3_3,router_5_1,2.5001,0.753748
2165,router_3_3,router_4_1,2.4000,0.810191
2166,router_3_3,router_4_1,2.9000,0.809444
2167,router_3_3,router_4_1,1.4000,0.813186
2168,router_4_3,router_4_1,0.8000,0.878464
2169,router_4_3,router_3_1,2.6001,0.813412
2170,router_4_3,router_3_1,3.6001,0.810415
2171,router_4_3,router_3_1,2.4000,0.812511
2172,router_5_3,router_3_1,4.4001,0.752138
2173,router_5_3,router_2_1,3.1000,0.700642
2174,router_5_3,router_2_1,3.6000,0.700642
2175,router_5_3,router_2_1,4.2001,0.699802
2176,router_6_3,router_2_1,5.6001,0.646948
2177,router_6_3,router_1_1,7.6001,0.598256
2178,router_6_3,router_1_1,5.6001,0.604817
2179,router_6_3,router_1_1,4.6001,0.609580
2180,router_7_3,router_1_1,3.6000,0.575296
2181,router_7_3,router_0_1,8.5001,0.531989
2182,router_7_3,router_0_1,6.5001,0.536155
2183,router_7_3,router_0_1,6.0000,0.536537
2184,router_4_2,router_3_2,4.5001,0.949813
2184,router_4_2,router_3_2,4.0001,0.949813
2185,router_4_2,router_3_2,3.0001,0.949813
2187,router_4_2,router_3_2,0.5000,0.949813
2188,router_5_2,router_2_2,3.4001,0.808029
2189,router_5_2,router_2_2,1.4000,0.813261
2190,router_5_2,router_2_2,1.9000,0.811761
2191,router_5_2,router_2_2,1.9000,0.812511
2192,router_6_2,router_1_2,4.6001,0.697648
2193,router_6_2,router_1_2,4.1001,0.697648
2194,router_6_2,router_1_2,3.6000,0.699442
2195,router_6_2,router_1_2,4.1001,0.697051
2196,router_7_2,router_0_2,3.1000,0.613436
2197,router_7_2,router_0_2,4.1001,0.610829
2198,router_7_2,router_0_2,5.6001,0.607191
2199,router_7_2,router_0_2,5.6001,0.607191
2200,router_0_3,router_7_1,6.9001,0.535888
2201,router_0_3,router_7_1,6.0000,0.537570
2202,router_0_3,router_7_1,6.5001,0.536117
2203,router_0_3,router_7_1,8.5001,0.528811
2204,router_1_3,router_6_1,4.1001,0.609628
2205,router_1_3,router_6_1,3.7001,0.611070
2206,router_1_3,router_6_1,4.6001,0.608957
2207,router_1_3,router_6_1,4.5001,0.608479
2208,router_2_3,router_5_1,3.7001,0.698783
2209,router_2_3,router_5_1,4.6001,0.695089
2210,router_2_3,router_5_1,6.1001,0.689779
2211,router_2_3,router_5_1,3.1000,0.699982
2212,router_3_3,router_4_1,2.4000,0.811537
2213,router_3_3,router_4_1,1.4000,0.813186
2214,router_3_3,router_4_1,1.4000,0.813186
2215,router_3_3,router_4_1,2.4000,0.810191
2216,router_4_3,router_3_1,3.4001,0.808773
2217,router_4_3,router_3_1,2.1000,0.812661
2218,router_4_3,router_3_1,2.6000,0.811911
2219,router_4_3,router_3_1,3.4001,0.807285
2220,router_5_3,router_2_1,3.6000,0.700042
2221,router_5_3,router_2_1,3.1000,0.700642
2222,router_5_3,router_2_1,4.1001,0.700642
2223,router_5_3,router_2_1,3.6000,0.700042
2224,router_6_3,router_1_1,5.1001,0.606715
2225,router_6_3,router_1_1,4.6001,0.609101
2226,router_6_3,router_1_1,5.6001,0.606240
2227,router_6_3,router_1_1,3.6000,0.612275
2228,router_7_3,router_0_1,6.0001,0.536919
2229,router_7_3,router_0_1,7.5001,0.531613
2230,router_7_3,router_0_1,6.0000,0.539224
2231,router_7_3,router_0_1,9.0001,0.527143
2232,router_4_2,router_3_2,1.5000,0.949813
2234,router_4_2,router_3_2,1.0000,0.949813
2234,router_4_2,router_3_2,2.5001,0.949813
2235,router_4_2,router_2_2,0.8000,0.878464
2236,router_5_2,router_2_2,2.4000,0.811013
2237,router_5_2,router_2_2,2.1000,0.812661
2238,router_5_2,router_2_2,1.9000,0.811761
2239,router_5_2,router_1_2,1.9000,0.754824
2240,router_6_2,router_1_2,3.7001,0.701003
2241,router_6_2,router_1_2,4.1001,0.699442
2242,router_6_2,router_1_2,4.1001,0.696456
2243,router_6_2,router_0_2,6.5001,0.646631
2244,router_7_2,router_0_2,6.3001,0.607096
2245,router_7_2,router_0_2,4.3001,0.610925
2246,router_7_2,router_0_2,5.1001,0.609388
2247,router_7_2,router_7_1,1.0000,0.949813
2248,router_0_3,router_7_1,6.9001,0.533913
2249,router_0_3,router_7_1,6.1001,0.536804
2250,router_0_3,router_7_1,5.5000,0.538184
2251,router_0_3,router_6_1,5.7001,0.569962
2252,router_1_3,router_6_1,3.6000,0.610588
2253,router_1_3,router_6_1,5.3001,0.606858
2254,router_1_3,router_6_1,2.9000,0.613291
2255,router_1_3,router_5_1,3.5001,0.654535
2256,router_2_3,router_5_1,9.1002,0.681416
2257,router_2_3,router_5_1,3.3000,0.700702
2258,router_2_3,router_5_1,4.1001,0.697827
2259,router_2_3,router_4_1,2.5001,0.754151
2260,router_3_3,router_4_1,1.4000,0.813186
2261,router_3_3,router_4_1,1.9000,0.811686
2262,router_3_3,router_4_1,1.4000,0.813186
2263,router_3_3,router_3_1,1.3000,0.877627
2264,router_4_3,router_3_1,1.4000,0.813261
2265,router_4_3,router_3_1,1.9000,0.811761
2266,router_4_3,router_3_1,2.4000,0.811761
2267,router_4_3,router_2_1,3.9001,0.750801
2268,router_5_3,router_2_1,5.6001,0.693489
2269,router_5_3,router_2_1,3.6000,0.698843
2270,router_5_3,router_2_1,7.2002,0.693844
2271,router_5_3,router_1_1,4.6001,0.650136
2272,router_6_3,router_1_1,3.1000,0.612952
2273,router_6_3,router_1_1,7.1001,0.602930
2274,router_6_3,router_1_1,4.6001,0.608623
2275,router_6_3,router_0_1,3.1000,0.576165
2276,router_7_3,router_0_1,8.5001,0.529369
2277,router_7_3,router_0_1,6.5001,0.536537
2278,router_7_3,router_0_1,7.0001,0.533497
2279,router_7_3,router_7_0,2.4000,0.810265
2280,router_4_2,router_3_2,0.5000,0.949813
2280,router_4_2,router_3_2,1.0000,0.949813
2282,router_4_2,router_2_2,0.8000,0.878464
2283,router_4_2,router_2_2,1.3000,0.878464
2284,router_5_2,router_2_2,3.6001,0.810415
2285,router_5_2,router_2_2,2.1000,0.812661
2286,router_5_2,router_1_2,2.9001,0.752138
2287,router_5_2,router_1_2,2.9000,0.753479
2288,router_6_2,router_1_2,3.6000,0.699442
2289,router_6_2,router_1_2,4.6001,0.695267
2290,router_6_2,router_0_2,4.6001,0.650670
2291,router_6_2,router_0_2,5.6001,0.647478
2292,router_7_2,router_0_2,4.1001,0.610829
2293,router_7_2,router_0_2,5.6001,0.605765
2295,router_7_2,router_7_1,1.0000,0.949813
2295,router_7_2,router_7_1,0.5000,0.949813
2296,router_0_3,router_7_1,6.1001,0.537264
2297,router_0_3,router_7_1,8.5001,0.530078
2298,router_0_3,router_6_1,4.6001,0.571759
2299,router_0_3,router_6_1,5.3001,0.569280
2300,router_1_3,router_6_1,6.1001,0.602319
2301,router_1_3,router_6_1,3.7001,0.611455
2302,router_1_3,router_5_1,3.3001,0.654643
2303,router_1_3,router_5_1,4.7001,0.651419
2304,router_2_3,router_5_1,4.9001,0.696158
2305,router_2_3,router_5_1,5.1001,0.693312
2306,router_2_3,router_4_1,2.9001,0.752540
2307,router_2_3,router_4_1,1.4000,0.756037
2308,router_3_3,router_4_1,1.9000,0.811686
2309,router_3_3,router_4_1,1.4000,0.813186
2310,router_3_3,router_3_1,1.3000,0.877627
2311,router_3_3,router_3_1,1.3000,0.877627
2312,router_4_3,router_3_1,2.9001,0.810265
2313,router_4_3,router_3_1,2.6000,0.811911
2314,router_4_3,router_2_1,3.4001,0.752808
2315,router_4_3,router_2_1,2.9000,0.752138
2316,router_5_3,router_2_1,7.1001,0.685868
2317,router_5_3,router_2_1,4.2001,0.700402
2318,router_5_3,router_1_1,4.6001,0.649603
2319,router_5_3,router_1_1,3.1000,0.654427
2320,router_6_3,router_1_1,4.8001,0.610444
2321,router_6_3,router_1_1,5.3001,0.608527
2322,router_6_3,router_0_1,5.1001,0.570987
2323,router_6_3,router_0_1,5.6001,0.570133
2324,router_7_3,router_0_1,7.5001,0.532742
2325,router_7_3,router_0_1,7.0001,0.534254
2327,router_7_3,router_7_0,2.4000,0.811013
2327,router_7_3,router_7_0,2.1000,0.812661
2328,router_4_2,router_3_2,0.5000,0.949813
2329,router_4_2,router_2_2,1.3000,0.877627
2330,router_4_2,router_2_2,1.3000,0.877627
2331,router_4_2,router_2_2,2.3001,0.875955
2332,router_5_2,router_2_2,1.9000,0.812511
2333,router_5_2,router_1_2,2.9000,0.754151
2334,router_5_2,router_1_2,3.9001,0.752138
2335,router_5_2,router_1_2,2.4000,0.754151
2336,router_6_2,router_1_2,6.6001,0.687615
2337,router_6_2,router_0_2,6.5001,0.646102
2338,router_6_2,router_0_2,3.1000,0.654427
2339,router_6_2,router_0_2,3.1000,0.654427
2340,router_7_2,router_0_2,4.6001,0.609101
2341,router_7_2,router_7_1,1.0000,0.949813
2341,router_7_2,router_7_1,1.0000,0.949813
2342,router_7_2,router_7_1,0.5000,0.949813
2344,router_0_3,router_7_1,6.1001,0.538261
2345,router_0_3,router_6_1,4.6001,0.572790
2346,router_0_3,router_6_1,3.7001,0.574343
2347,router_0_3,router_6_1,4.1001,0.572360
2348,router_1_3,router_6_1,4.1001,0.610685
2349,router_1_3,router_5_1,5.1001,0.648964
2350,router_1_3,router_5_1,3.1000,0.655724
2351,router_1_3,router_5_1,3.1000,0.654859
2352,router_2_3,router_5_1,5.1001,0.695683
2353,router_2_3,router_4_1,2.9001,0.752674
2354,router_2_3,router_4_1,2.5000,0.753613
2355,router_2_3,router_4_1,3.3001,0.752004
2356,router_3_3,router_4_1,2.4000,0.811686
2357,router_3_3,router_3_1,1.3000,0.877627
2358,router_3_3,router_3_1,0.8000,0.878464
2359,router_3_3,router_3_1,4.8001,0.873456
2360,router_4_3,router_3_1,1.9000,0.811761
2361,router_4_3,router_2_1,3.4001,0.750801
2362,router_4_3,router_2_1,2.9000,0.752138
2363,router_4_3,router_2_1,2.4000,0.753479
2364,router_5_3,router_2_1,6.1001,0.691130
2365,router_5_3,router_1_1,4.6001,0.649603
2366,router_5_3,router_1_1,5.0001,0.650350
2367,router_5_3,router_1_1,3.6000,0.652813
2368,router_6_3,router_1_1,5.6001,0.607191
2369,router_6_3,router_0_1,7.6002,0.564212
2370,router_6_3,router_0_1,4.1001,0.573566
2371,router_6_3,router_0_1,3.6000,0.574430
2372,router_7_3,router_0_1,7.5001,0.533497
2373,router_7_3,router_7_0,1.9000,0.812511
2374,router_7_3,router_7_0,4.1001,0.809668
2375,router_7_3,router_7_0,1.9000,0.811761
2376,router_4_2,router_2_2,0.8000,0.878464
2377,router_4_2,router_2_2,3.8001,0.873456
2378,router_4_2,router_2_2,1.3000,0.878464
2379,router_4_2,router_2_2,5.3001,0.872625
2380,router_5_2,router_1_2,2.4000,0.755497
2381,router_5_2,router_1_2,3.4001,0.752138
2382,router_5_2,router_1_2,2.9000,0.752808
2383,router_5_2,router_1_2,3.4001,0.751469
2384,router_6_2,router_0_2,5.6001,0.648539
2385,router_6_2,router_0_2,4.6001,0.651205
2386,router_6_2,router_0_2,4.1001,0.652276
2387,router_6_2,router_0_2,5.1001,0.650136
2388,router_7_2,router_7_1,0.5000,0.949813
2389,router_7_2,router_7_1,1.0000,0.949813
2390,router_7_2,router_7_1,0.5000,0.949813
2391,router_7_2,router_7_1,2.5001,0.949813
2392,router_0_3,router_6_1,5.1001,0.569450
2393,router_0_3,router_6_1,6.6001,0.566398
2394,router_0_3,router_6_1,3.6000,0.575470
2395,router_0_3,router_6_1,4.1001,0.573393
2396,router_1_3,router_5_1,4.7001,0.652062
2397,router_1_3,router_5_1,7.1001,0.642108
2398,router_1_3,router_5_1,3.6000,0.653996
2399,router_1_3,router_5_1,3.1001,0.654320
2400,router_2_3,router_4_1,2.5000,0.753076
2401,router_2_3,router_4_1,2.9000,0.753211
2402,router_2_3,router_4_1,3.4001,0.753345
2403,router_2_3,router_4_1,1.9000,0.754689
2404,router_3_3,router_3_1,1.3000,0.877627
2405,router_3_3,router_3_1,1.8000,0.876790
2406,router_3_3,router_3_1,1.3000,0.878464
2407,router_3_3,router_3_1,3.3001,0.874288
2408,router_4_3,router_2_1,7.4002,0.740884
2409,router_4_3,router_2_1,2.4000,0.753479
2410,router_4_3,router_2_1,4.9001,0.748137
2411,router_4_3,router_2_1,5.9001,0.750134
2412,router_5_3,router_1_1,6.5001,0.647690
2413,router_5_3,router_1_1,4.1001,0.652276
2414,router_5_3,router_1_1,5.6001,0.646419
2415,router_5_3,router_1_1,3.1000,0.655507
2416,router_6_3,router_0_1,4.6001,0.572704
2417,router_6_3,router_0_1,5.6001,0.570560
2418,router_6_3,router_0_1,4.6001,0.571845
2419,router_6_3,router_0_1,4.1001,0.573566
2420,router_7_3,router_7_0,1.9000,0.811761
2421,router_7_3,router_7_0,3.4001,0.811013
2422,router_7_3,router_7_0,1.9000,0.811761
2423,router_7_3,router_7_0,4.1001,0.809668
2424,router_3_2,router_2_2,1.5000,0.949813
2425,router_4_2,router_2_2,1.3000,0.877627
2426,router_4_2,router_2_2,1.3000,0.878464
2427,router_4_2,router_2_2,2.3001,0.876790
2428,router_4_2,router_1_2,3.4001,0.809519
2429,router_5_2,router_1_2,1.9000,0.755497
2430,router_5_2,router_1_2,4.4001,0.749467
2431,router_5_2,router_1_2,2.4000,0.755497
2432,router_5_2,router_0_2,4.6001,0.697648
2433,router_6_2,router_0_2,5.6001,0.647478
2434,router_6_2,router_0_2,4.6001,0.650136
2435,router_6_2,router_0_2,4.1001,0.652276
2436,router_6_2,router_7_1,2.8001,0.874954
2437,router_7_2,router_7_1,0.5000,0.949813
2438,router_7_2,router_7_1,0.5000,0.949813
2439,router_7_2,router_7_1,1.0000,0.949813
2440,router_7_2,router_6_1,1.3000,0.877627
2441,router_0_3,router_6_1,3.6000,0.575209
2442,router_0_3,router_6_1,4.9001,0.571587
2443,router_0_3,router_6_1,3.3001,0.575123
2444,router_0_3,router_5_1,3.7001,0.609916
2445,router_1_3,router_5_1,2.9000,0.654967
2446,router_1_3,router_5_1,4.3001,0.653458
2447,router_1_3,router_5_1,3.1000,0.654859
2448,router_1_3,router_4_1,5.6001,0.691071
2449,router_2_3,router_4_1,2.5000,0.753613
2450,router_2_3,router_4_1,6.9002,0.742589
2451,router_2_3,router_4_1,2.4000,0.753345
2452,router_2_3,router_3_1,3.0001,0.811387
2453,router_3_3,router_3_1,2.3000,0.876790
2454,router_3_3,router_3_1,3.8001,0.873456
2455,router_3_3,router_3_1,1.3000,0.877627
2456,router_3_3,router_2_1,4.1001,0.809668
2457,router_4_3,router_2_1,2.4000,0.753479
2458,router_4_3,router_2_1,3.9001,0.750134
2459,router_4_3,router_2_1,3.4001,0.752808
2460,router_4_3,router_1_1,4.1001,0.697051
2461,router_5_3,router_1_1,4.0001,0.652491
2462,router_5_3,router_1_1,4.1001,0.652813
2463,router_5_3,router_1_1,5.1001,0.648539
2464,router_5_3,router_0_1,7.6002,0.599651
2465,router_6_3,router_0_1,6.1001,0.568855
2466,router_6_3,router_0_1,4.1001,0.573566
2467,router_6_3,router_0_1,3.6000,0.574430
2468,router_6_3,router_7_0,3.9001,0.751469
2469,router_7_3,router_7_0,3.1001,0.811162
2470,router_7_3,router_7_0,2.9001,0.811013
2471,router_7_3,router_7_0,3.4001,0.807285
2472,router_7_3,router_6_0,3.4001,0.752808
2473,router_3_2,router_2_2,0.5000,0.949813
2474,router_3_2,router_2_2,1.5000,0.949813
2475,router_4_2,router_2_2,2.3001,0.875955
2476,router_4_2,router_2_2,2.3001,0.875955
2477,router_4_2,router_1_2,1.9000,0.811761
2478,router_4_2,router_1_2,3.1001,0.811162
2479,router_5_2,router_1_2,2.9001,0.752808
2480,router_5_2,router_1_2,3.4001,0.751469
2481,router_5_2,router_0_2,4.7001,0.699202
2482,router_5_2,router_0_2,5.1001,0.696456
2483,router_6_2,router_0_2,4.0001,0.653566
2484,router_6_2,router_0_2,4.6001,0.650670
2485,router_6_2,router_7_1,1.3000,0.877459
2486,router_6_2,router_7_1,2.3001,0.876790
2487,router_7_2,router_7_1,2.0000,0.949813
2488,router_7_2,router_7_1,2.5001,0.949813
2489,router_7_2,router_6_1,2.8001,0.877459
2489,router_7_2,router_6_1,1.8000,0.876790
2491,router_0_3,router_6_1,4.6001,0.571759
2492,router_0_3,router_6_1,3.7001,0.574516
2493,router_0_3,router_5_1,4.1001,0.609628
2494,router_0_3,router_5_1,4.1001,0.610588
2495,router_1_3,router_5_1,4.6001,0.649923
2496,router_1_3,router_5_1,4.1001,0.652169
2497,router_1_3,router_4_1,4.1001,0.698305
2498,router_1_3,router_4_1,3.6000,0.698185
2499,router_2_3,router_4_1,1.7000,0.755228
2500,router_2_3,router_4_1,2.4000,0.753882
2501,router_2_3,router_3_1,1.9000,0.812286
2502,router_2_3,router_3_1,2.4000,0.810191
2503,router_3_3,router_3_1,4.3001,0.872625
2504,router_3_3,router_3_1,1.3000,0.877627
2505,router_3_3,router_2_1,1.4000,0.813261
2506,router_3_3,router_2_1,2.9000,0.811761
2507,router_4_3,router_2_1,1.9000,0.754824
2508,router_4_3,router_2_1,1.9000,0.754824
2509,router_4_3,router_1_1,5.1001,0.697648
2510,router_4_3,router_1_1,3.1000,0.700042
2511,router_5_3,router_1_1,3.0000,0.655183
2512,router_5_3,router_1_1,5.5001,0.648752
2513,router_5_3,router_0_1,5.1001,0.610060
2514,router_5_3,router_0_1,3.6000,0.611985
2515,router_6_3,router_0_1,5.6001,0.570987
2516,router_6_3,router_0_1,6.1001,0.568430
2517,router_6_3,router_7_0,2.4000,0.754420
2518,router_6_3,router_7_0,2.9001,0.753479
2519,router_7_3,router_7_0,2.9000,0.809519
2520,router_7_3,router_7_0,2.4000,0.811761
2521,router_7_3,router_6_0,3.4001,0.751469
2522,router_7_3,router_6_0,7.4002,0.740230
2523,router_3_2,router_2_2,0.5000,0.949813
2524,router_3_2,router_2_2,1.0000,0.949813
2525,router_3_2,router_2_2,0.5000,0.949813
2526,router_4_2,router_2_2,1.8000,0.876790
2527,router_4_2,router_1_2,1.9000,0.813261
2528,router_4_2,router_1_2,1.4000,0.813261
2529,router_4_2,router_1_2,3.6001,0.810415
2530,router_5_2,router_1_2,1.9000,0.754824
2531,router_5_2,router_0_2,3.6000,0.700042
2532,router_5_2,router_0_2,5.1001,0.695861
2533,router_5_2,router_0_2,5.6001,0.693489
2534,router_6_2,router_0_2,5.6001,0.646948
2535,router_6_2,router_7_1,1.9001,0.877459
2536,router_6_2,router_7_1,2.7001,0.875288
2537,router_6_2,router_7_1,1.8000,0.877961
2538,router_7_2,router_7_1,1.5000,0.949813
2539,router_7_2,router_6_1,0.8000,0.878464
2540,router_7_2,router_6_1,1.3000,0.878464
2541,router_7_2,router_6_1,0.8000,0.878464
2542,router_0_3,router_6_1,4.1001,0.573307
2543,router_0_3,router_5_1,4.1001,0.610685
2544,router_0_3,router_5_1,3.7001,0.610877
2545,router_0_3,router_5_1,4.9001,0.607238
2546,router_1_3,router_5_1,4.1001,0.652383
2547,router_1_3,router_4_1,3.7001,0.698783
2548,router_1_3,router_4_1,4.0001,0.701424
2549,router_1_3,router_4_1,3.6000,0.698664
2550,router_2_3,router_4_1,2.4000,0.753345
2551,router_2_3,router_3_1,2.4000,0.812136
2552,router_2_3,router_3_1,2.2000,0.812586
2553,router_2_3,router_3_1,1.9000,0.811686
2554,router_3_3,router_3_1,5.3001,0.870967
2555,router_3_3,router_2_1,6.4001,0.799904
2556,router_3_3,router_2_1,3.4001,0.812511
2557,router_3_3,router_2_1,2.9000,0.810265
2558,router_4_3,router_2_1,4.4001,0.750801
2559,router_4_3,router_1_1,4.2001,0.701003
2560,router_4_3,router_1_1,3.1000,0.700642
2561,router_4_3,router_1_1,4.1001,0.698245
2562,router_5_3,router_1_1,4.1001,0.652276
2563,router_5_3,router_0_1,3.3000,0.613339
2564,router_5_3,router_0_1,5.1001,0.606715
2565,router_5_3,router_0_1,3.6000,0.611792
2566,router_6_3,router_0_1,3.6000,0.574863
2567,router_6_3,router_7_0,4.4001,0.748004
2568,router_6_3,router_7_0,2.9000,0.752004
2569,router_6_3,router_7_0,2.4000,0.753345
2570,router_7_3,router_7_0,2.4000,0.811761
2571,router_7_3,router_6_0,2.4000,0.754824
2572,router_7_3,router_6_0,3.9001,0.752808
2573,router_7_3,router_6_0,2.9000,0.753479
2574,router_3_2,router_2_2,0.5000,0.949813
2575,router_3_2,router_2_2,1.5000,0.949813
2576,router_3_2,router_2_2,3.5001,0.949813
2577,router_3_2,router_2_2,4.5001,0.949813
2578,router_4_2,router_1_2,3.4001,0.808029
2579,router_4_2,router_1_2,1.9000,0.812511
2580,router_4_2,router_1_2,2.1000,0.812661
2581,router_4_2,router_1_2,1.6000,0.813412
2582,router_5_2,router_0_2,3.6000,0.700642
2583,router_5_2,router_0_2,4.1001,0.697051
2584,router_5_2,router_0_2,6.1001,0.692308
2585,router_5_2,router_0_2,4.6001,0.695861
2586,router_6_2,router_7_1,2.3001,0.877627
2587,router_6_2,router_7_1,2.8001,0.875621
2588,router_6_2,router_7_1,0.8000,0.878296
2589,router_6_2,router_7_1,1.9000,0.876623
2590,router_7_2,router_6_1,2.8001,0.875121
2591,router_7_2,router_6_1,3.8001,0.874288
2592,router_7_2,router_6_1,0.8000,0.878464
2593,router_7_2,router_6_1,3.8001,0.873456
2594,router_0_3,router_5_1,4.1001,0.610492
2595,router_0_3,router_5_1,5.3001,0.604581
2596,router_0_3,router_5_1,5.7001,0.605338
2597,router_0_3,router_5_1,8.1002,0.598023
2598,router_1_3,router_4_1,2.9000,0.701665
2599,router_1_3,router_4_1,4.1001,0.697469
2600,router_1_3,router_4_1,4.6001,0.696634
2601,router_1_3,router_4_1,3.6000,0.699742
2602,router_2_3,router_3_1,3.4001,0.808401
2603,router_2_3,router_3_1,2.4000,0.810191
2604,router_2_3,router_3_1,3.9001,0.805727
2605,router_2_3,router_3_1,1.4000,0.813186
2606,router_3_3,router_2_1,2.9000,0.809519
2607,router_3_3,router_2_1,2.9000,0.811761
2608,router_3_3,router_2_1,1.9000,0.812511
2609,router_3_3,router_2_1,2.4000,0.811013
2610,router_4_3,router_1_1,5.1001,0.692898
2611,router_4_3,router_1_1,6.1001,0.692308
2612,router_4_3,router_1_1,3.6000,0.700042
2613,router_4_3,router_1_1,4.1001,0.698245
2614,router_5_3,router_0_1,3.6000,0.611021
2615,router_5_3,router_0_1,5.1001,0.608145
2616,router_5_3,router_0_1,4.6001,0.610829
2617,router_5_3,router_0_1,4.6001,0.609101
2618,router_6_3,router_7_0,1.9000,0.754689
2619,router_6_3,router_7_0,2.9000,0.752004
2620,router_6_3,router_7_0,1.7000,0.755362
2621,router_6_3,router_7_0,1.7000,0.755362
2622,router_7_3,router_6_0,1.4000,0.756172
2623,router_7_3,router_6_0,2.4000,0.753479
2624,router_7_3,router_6_0,5.9001,0.744827
2625,router_7_3,router_6_0,2.4000,0.753479
2627,router_3_2,router_2_2,1.0000,0.949813
2628,router_3_2,router_2_2,1.0000,0.949813
2628,router_3_2,router_2_2,2.5001,0.949813
2629,router_3_2,router_1_2,0.8000,0.878464
2630,router_4_2,router_1_2,1.9000,0.811761
2631,router_4_2,router_1_2,2.6000,0.811911
2632,router_4_2,router_1_2,2.6000,0.812661
2633,router_4_2,router_0_2,4.4001,0.748802
2634,router_5_2,router_0_2,4.1001,0.698245
2635,router_5_2,router_0_2,4.1001,0.697648
2636,router_5_2,router_0_2,5.6001,0.692898
2637,router_5_2,router_7_1,2.5001,0.811387
2638,router_6_2,router_7_1,1.1000,0.877961
2639,router_6_2,router_7_1,1.3000,0.878129
2640,router_6_2,router_7_1,1.3000,0.878129
2641,router_6_2,router_6_1,0.5000,0.949813
2642,router_7_2,router_6_1,2.3001,0.876790
2643,router_7_2,router_6_1,1.3000,0.877627
2644,router_7_2,router_6_1,0.8000,0.878464
2645,router_7_2,router_5_1,1.4000,0.813261
2646,router_0_3,router_5_1,4.9001,0.607620
2647,router_0_3,router_5_1,4.1001,0.611455
2648,router_0_3,router_5_1,4.5001,0.608001
2649,router_0_3,router_4_1,4.1001,0.652062
2650,router_1_3,router_4_1,3.1000,0.699982
2651,router_1_3,router_4_1,3.1000,0.699982
2652,router_1_3,router_4_1,4.6001,0.695801
2653,router_1_3,router_3_1,4.1001,0.750534
2654,router_2_3,router_3_1,1.9000,0.811686
2655,router_2_3,router_3_1,1.9000,0.812286
2656,router_2_3,router_3_1,3.9001,0.809146
2657,router_2_3,router_2_1,2.3000,0.876790
2658,router_3_3,router_2_1,1.9000,0.811761
2659,router_3_3,router_2_1,4.1001,0.809668
2660,router_3_3,router_2_1,1.9000,0.812511
2661,router_3_3,router_1_1,3.4001,0.752808
2662,router_4_3,router_1_1,4.1001,0.698843
2663,router_4_3,router_1_1,4.2001,0.699802
2664,router_4_3,router_1_1,4.6001,0.698843
2665,router_4_3,router_0_1,3.1000,0.654427
2666,router_5_3,router_0_1,4.1001,0.611310
2667,router_5_3,router_0_1,4.6001,0.609101
2668,router_5_3,router_0_1,5.6001,0.604817
2669,router_5_3,router_7_0,3.1000,0.699982
2670,router_6_3,router_7_0,3.3001,0.751068
2671,router_6_3,router_7_0,3.3001,0.752406
2672,router_6_3,router_7_0,3.4001,0.750667
2673,router_6_3,router_6_0,2.9000,0.810265
2674,router_7_3,router_6_0,2.9000,0.754824
2675,router_7_3,router_6_0,2.9000,0.754151
2676,router_7_3,router_6_0,2.4000,0.754824
2677,router_7_3,router_5_0,6.6001,0.691130
2679,router_3_2,router_2_2,0.5000,0.949813
2679,router_3_2,router_2_2,0.5000,0.949813
2680,router_3_2,router_1_2,3.8001,0.873456
2681,router_3_2,router_1_2,1.3000,0.878464
2682,router_4_2,router_1_2,1.9000,0.811761
2683,router_4_2,router_1_2,2.9000,0.810265
2684,router_4_2,router_0_2,2.9000,0.753479
2685,router_4_2,router_0_2,2.9000,0.752138
2686,router_5_2,router_0_2,3.1000,0.700642
2687,router_5_2,router_0_2,4.1001,0.697051
2688,router_5_2,router_7_1,2.9001,0.809146
2689,router_5_2,router_7_1,4.9001,0.802623
2690,router_6_2,router_7_1,0.8000,0.878296
2691,router_6_2,router_7_1,2.3000,0.876456
2692,router_6_2,router_6_1,1.0000,0.949813
2692,router_6_2,router_6_1,1.0000,0.949813
2694,router_7_2,router_6_1,1.8000,0.876790
2695,router_7_2,router_6_1,4.8001,0.873456
2696,router_7_2,router_5_1,1.9000,0.811761
2697,router_7_2,router_5_1,1.9000,0.812511
2698,router_0_3,router_5_1,3.7001,0.612130
2699,router_0_3,router_5_1,4.5001,0.608766
2700,router_0_3,router_4_1,3.1000,0.654320
2701,router_0_3,router_4_1,4.5001,0.650670
2702,router_1_3,router_4_1,8.1002,0.683376
2703,router_1_3,router_4_1,2.6000,0.702268
2704,router_1_3,router_3_1,2.9001,0.753211
2705,router_1_3,router_3_1,2.9000,0.752004
2706,router_2_3,router_3_1,2.4000,0.810788
2707,router_2_3,router_3_1,1.4000,0.813186
2708,router_2_3,router_2_1,2.3000,0.876790
2709,router_2_3,router_2_1,2.8001,0.875955
2710,router_3_3,router_2_1,1.4000,0.813261
2711,router_3_3,router_2_1,3.4001,0.808029
2712,router_3_3,router_1_1,2.4000,0.754151
2713,router_3_3,router_1_1,1.9000,0.755497
2714,router_4_3,router_1_1,5.6001,0.696456
2715,router_4_3,router_1_1,6.1001,0.689955
2716,router_4_3,router_0_1,5.1001,0.648539
2717,router_4_3,router_0_1,5.5001,0.648752
2718,router_5_3,router_0_1,3.6000,0.611021
2719,router_5_3,router_0_1,5.6001,0.605765
2720,router_5_3,router_7_0,3.1000,0.700102
2721,router_5_3,router_7_0,3.6000,0.698305
2722,router_6_3,router_7_0,2.9001,0.753613
2723,router_6_3,router_7_0,2.1000,0.754958
2724,router_6_3,router_6_0,2.4000,0.810265
2725,router_6_3,router_6_0,1.4000,0.813261
2726,router_7_3,router_6_0,2.9000,0.752138
2727,router_7_3,router_6_0,3.9001,0.751469
2728,router_7_3,router_5_0,6.1001,0.692308
2729,router_7_3,router_5_0,4.1001,0.697051
2730,router_3_2,router_2_2,0.5000,0.949813
2731,router_3_2,router_1_2,2.8001,0.875955
2732,router_3_2,router_1_2,1.8000,0.877627
2733,router_3_2,router_1_2,2.3001,0.876790
2734,router_4_2,router_1_2,2.4000,0.811761
2735,router_4_2,router_0_2,2.4000,0.753479
2736,router_4_2,router_0_2,5.9001,0.744168
2737,router_4_2,router_0_2,2.9000,0.753479
2738,router_5_2,router_0_2,5.6001,0.691719
2739,router_5_2,router_7_1,1.7000,0.812286
2740,router_5_2,router_7_1,1.4000,0.813036
2741,router_5_2,router_7_1,1.4000,0.813637
2742,router_6_2,router_7_1,0.8000,0.878296
2743,router_6_2,router_6_1,1.0000,0.949813
2744,router_6_2,router_6_1,0.5000,0.949813
2745,router_6_2,router_6_1,2.0000,0.949813
2746,router_7_2,router_6_1,1.8001,0.876790
2747,router_7_2,router_5_1,5.1001,0.811911
2748,router_7_2,router_5_1,2.4000,0.811013
2749,router_7_2,router_5_1,1.9000,0.812511
2750,router_0_3,router_5_1,6.5002,0.603542
2751,router_0_3,router_4_1,4.1001,0.651526
2752,router_0_3,router_4_1,3.6000,0.654212
2753,router_0_3,router_4_1,3.6000,0.653243
2754,router_1_3,router_4_1,3.7001,0.698783
2755,router_1_3,router_3_1,4.9001,0.746678
2756,router_1_3,router_3_1,3.9001,0.749334
2757,router_1_3,router_3_1,2.9000,0.755093
2758,router_2_3,router_3_1,2.2000,0.812586
2759,router_2_3,router_2_1,2.3000,0.876790
2760,router_2_3,router_2_1,0.8000,0.878464
2761,router_2_3,router_2_1,1.3000,0.877627
2762,router_3_3,router_2_1,4.1001,0.809668
2763,router_3_3,router_1_1,4.9001,0.749467
2764,router_3_3,router_1_1,2.4000,0.754151
2765,router_3_3,router_1_1,1.9000,0.755497
2766,router_4_3,router_1_1,3.6000,0.699442
2767,router_4_3,router_0_1,6.6001,0.643785
2768,router_4_3,router_0_1,4.1001,0.652276
2769,router_4_3,router_0_1,4.0001,0.652491
2770,router_5_3,router_0_1,6.6001,0.603873
2771,router_5_3,router_7_0,3.7001,0.698425
2772,router_5_3,router_7_0,3.1000,0.699982
2773,router_5_3,router_7_0,4.6001,0.695564
2774,router_6_3,router_7_0,1.9000,0.754824
2775,router_6_3,router_6_0,5.6001,0.807434
2776,router_6_3,router_6_0,4.4001,0.807285
2777,router_6_3,router_6_0,2.9000,0.808773
2778,router_7_3,router_6_0,2.9000,0.752138
2779,router_7_3,router_5_0,6.1001,0.692308
2780,router_7_3,router_5_0,3.1000,0.700042
2781,router_7_3,router_5_0,4.1001,0.696456
2782,router_3_2,router_1_2,1.3000,0.877627
2783,router_3_2,router_1_2,4.3001,0.872625
2784,router_3_2,router_1_2,0.8000,0.878464
2785,router_3_2,router_1_2,2.8001,0.875121
2786,router_4_2,router_0_2,2.9001,0.754151
2787,router_4_2,router_0_2,1.9000,0.754824
2788,router_4_2,router_0_2,1.9000,0.754824
2789,router_4_2,router_0_2,3.4001,0.752138
2790,router_5_2,router_7_1,3.4001,0.810041
2791,router_5_2,router_7_1,3.9001,0.806172
2792,router_5_2,router_7_1,2.4000,0.811237
2793,router_5_2,router_7_1,2.9000,0.809146
2794,router_6_2,router_6_1,1.0000,0.949813
2795,router_6_2,router_6_1,2.0000,0.949813
2796,router_6_2,router_6_1,1.0000,0.949813
2797,router_6_2,router_6_1,1.5000,0.949813
2798,router_7_2,router_5_1,7.1002,0.805208
2799,router_7_2,router_5_1,2.4000,0.812511
2800,router_7_2,router_5_1,2.6000,0.811911
2801,router_7_2,router_5_1,1.6000,0.813412
2802,router_0_3,router_4_1,4.1001,0.653350
2803,router_0_3,router_4_1,7.1001,0.641586
2804,router_0_3,router_4_1,4.1001,0.651098
2805,router_0_3,router_4_1,4.3001,0.651526
2806,router_1_3,router_3_1,2.4000,0.754689
2807,router_1_3,router_3_1,2.5000,0.753613
2808,router_1_3,router_3_1,2.4000,0.754016
2809,router_1_3,router_3_1,2.5000,0.753076
2810,router_2_3,router_2_1,2.3000,0.876790
2811,router_2_3,router_2_1,0.8000,0.878464
2812,router_2_3,router_2_1,3.3001,0.874288
2813,router_2_3,router_2_1,2.3001,0.875955
2814,router_3_3,router_1_1,1.4000,0.756172
2815,router_3_3,router_1_1,2.4000,0.754824
2816,router_3_3,router_1_1,4.9001,0.748802
2817,router_3_3,router_1_1,5.4001,0.748802
2818,router_4_3,router_0_1,5.6001,0.648008
2819,router_4_3,router_0_1,3.6000,0.653350
2820,router_4_3,router_0_1,4.6001,0.651740
2821,router_4_3,router_0_1,3.6000,0.652813
2822,router_5_3,router_7_0,4.6001,0.697230
2823,router_5_3,router_7_0,6.1001,0.689428
2824,router_5_3,router_7_0,4.6001,0.695683
2825,router_5_3,router_7_0,3.1000,0.701063
2826,router_6_3,router_6_0,2.9001,0.809519
2827,router_6_3,router_6_0,1.6000,0.813412
2828,router_6_3,router_6_0,1.4000,0.813261
2829,router_6_3,router_6_0,1.4000,0.813261
2830,router_7_3,router_5_0,3.6000,0.698843
2831,router_7_3,router_5_0,4.1001,0.698245
2832,router_7_3,router_5_0,4.1001,0.697051
2833,router_7_3,router_5_0,4.2001,0.699202
2834,router_2_2,router_1_2,0.5000,0.949813
2835,router_3_2,router_1_2,1.3000,0.877627
2836,router_3_2,router_1_2,2.3000,0.876790
2837,router_3_2,router_1_2,3.3001,0.874288
2838,router_3_2,router_0_2,1.9000,0.812511
2839,router_4_2,router_0_2,2.4000,0.753479
2840,router_4_2,router_0_2,1.9000,0.754824
2841,router_4_2,router_0_2,2.9000,0.752808
2842,router_4_2,router_7_1,4.1001,0.750000
2843,router_5_2,router_7_1,3.0001,0.811237
2844,router_5_2,router_7_1,4.4001,0.805875
2845,router_5_2,router_7_1,3.9001,0.808550
2846,router_5_2,router_6_1,1.3000,0.877459
2847,router_6_2,router_6_1,1.5000,0.949813
2847,router_6_2,router_6_1,1.0000,0.949813
2849,router_6_2,router_6_1,0.5000,0.949813
2850,router_6_2,router_5_1,1.8000,0.877627
2851,router_7_2,router_5_1,2.9001,0.809519
2852,router_7_2,router_5_1,2.9000,0.809519
2853,router_7_2,router_5_1,2.4000,0.811761
2854,router_7_2,router_4_1,3.9001,0.750801
2855,router_0_3,router_4_1,3.7001,0.652383
2856,router_0_3,router_4_1,4.1001,0.651098
2857,router_0_3,router_4_1,4.3001,0.652169
2858,router_0_3,router_3_1,3.3000,0.701785
2859,router_1_3,router_3_1,1.4000,0.756037
2860,router_1_3,router_3_1,2.4000,0.754016
2861,router_1_3,router_3_1,2.4000,0.753345
2862,router_1_3,router_2_1,2.9000,0.808699
2863,router_2_3,router_2_1,0.8000,0.878464
2864,router_2_3,router_2_1,0.8000,0.878464
2865,router_2_3,router_2_1,2.8001,0.875121
2866,router_2_3,router_1_1,2.4000,0.810265
2867,router_3_3,router_1_1,3.4001,0.752808
2868,router_3_3,router_1_1,2.9000,0.752138
2869,router_3_3,router_1_1,4.4001,0.748802
2870,router_3_3,router_0_1,4.1001,0.697648
2871,router_4_3,router_0_1,4.5001,0.651419
2872,router_4_3,router_0_1,4.6001,0.649603
2873,router_4_3,router_0_1,3.1000,0.654427
2874,router_4_3,router_7_0,6.1001,0.644731
2875,router_5_3,router_7_0,8.8002,0.694259
2876,router_5_3,router_7_0,3.1000,0.699982
2877,router_5_3,router_7_0,2.6000,0.701785
2878,router_5_3,router_6_0,1.9000,0.754689
2879,router_6_3,router_6_0,2.4000,0.811013
2880,router_6_3,router_6_0,3.6001,0.810415
2881,router_6_3,router_6_0,1.9000,0.811761
2882,router_6_3,router_5_0,2.4000,0.754151
2883,router_7_3,router_5_0,3.6000,0.699442
2884,router_7_3,router_5_0,5.6001,0.694081
2885,router_7_3,router_5_0,3.6000,0.700642
2886,router_7_3,router_4_0,4.1001,0.652276
2887,router_2_2,router_1_2,0.5000,0.949813
2888,router_2_2,router_1_2,1.0000,0.949813
2889,router_3_2,router_1_2,1.8000,0.876790
2890,router_3_2,router_1_2,6.8002,0.875955
2891,router_3_2,router_0_2,3.1001,0.811911
2892,router_3_2,router_0_2,2.4000,0.811761
2893,router_4_2,router_0_2,1.4000,0.756172
2894,router_4_2,router_0_2,3.9001,0.750134
2895,router_4_2,router_7_1,1.9000,0.755093
2896,router_4_2,router_7_1,2.5000,0.754016
2897,router_5_2,router_7_1,1.9000,0.812736
2898,router_5_2,router_7_1,2.9001,0.810489
2899,router_5_2,router_6_1,2.8001,0.876289
2900,router_5_2,router_6_1,0.8000,0.878296
2901,router_6_2,router_6_1,1.0000,0.949813
2902,router_6_2,router_6_1,0.5000,0.949813
2903,router_6_2,router_5_1,2.3001,0.875955
2904,router_6_2,router_5_1,2.3001,0.875955
2905,router_7_2,router_5_1,1.6000,0.813412
2906,router_7_2,router_5_1,2.4000,0.811013
2907,router_7_2,router_4_1,3.4001,0.750801
2908,router_7_2,router_4_1,1.9000,0.754824
2909,router_0_3,router_4_1,6.1001,0.647266
2910,router_0_3,router_4_1,4.5001,0.649816
2911,router_0_3,router_3_1,5.1001,0.693312
2912,router_0_3,router_3_1,2.6000,0.701785
2913,router_1_3,router_3_1,4.2000,0.749867
2914,router_1_3,router_3_1,2.9001,0.752674
2915,router_1_3,router_2_1,2.2000,0.812586
2916,router_1_3,router_2_1,1.9000,0.812886
2917,router_2_3,router_2_1,3.3001,0.875955
2918,router_2_3,router_2_1,1.3000,0.877627
2919,router_2_3,router_1_1,1.9000,0.812511
2920,router_2_3,router_1_1,2.4000,0.810265
2921,router_3_3,router_1_1,3.9001,0.749467
2922,router_3_3,router_1_1,3.9001,0.750134
2923,router_3_3,router_0_1,4.6001,0.697648
2924,router_3_3,router_0_1,3.6000,0.699442
2925,router_4_3,router_0_1,5.6001,0.648008
2926,router_4_3,router_0_1,4.6001,0.650136
2927,router_4_3,router_7_0,4.1001,0.651954
2928,router_4_3,router_7_0,6.1001,0.649071
2929,router_5_3,router_7_0,4.1001,0.698305
2930,router_5_3,router_7_0,4.6001,0.696515
2931,router_5_3,router_6_0,2.1000,0.754958
2932,router_5_3,router_6_0,2.4000,0.753479
2933,router_6_3,router_6_0,2.9000,0.808773
2934,router_6_3,router_6_0,2.9000,0.808773
2935,router_6_3,router_5_0,3.4001,0.751469
2936,router_6_3,router_5_0,3.4001,0.750801
2937,router_7_3,router_5_0,3.1000,0.701244
2938,router_7_3,router_5_0,3.7001,0.700402
2939,router_7_3,router_4_0,5.1001,0.648539
2940,router_7_3,router_4_0,6.1001,0.644836
2941,router_2_2,router_1_2,1.5000,0.949813
2942,router_2_2,router_1_2,2.5001,0.949813
2943,router_2_2,router_1_2,0.5000,0.949813
2944,router_3_2,router_1_2,0.8000,0.878464
2945,router_3_2,router_0_2,1.9000,0.811761
2946,router_3_2,router_0_2,2.9000,0.811013
2947,router_3_2,router_0_2,2.4000,0.811013
2948,router_4_2,router_0_2,2.9000,0.752138
2949,router_4_2,router_7_1,2.1000,0.754823
2950,router_4_2,router_7_1,2.1000,0.754554
2951,router_4_2,router_7_1,3.3001,0.750934
2952,router_5_2,router_7_1,3.0001,0.811387
2953,router_5_2,router_6_1,2.8001,0.874954
2954,router_5_2,router_6_1,2.8001,0.874954
2955,router_5_2,router_6_1,1.3000,0.878129
2956,router_6_2,router_6_1,0.5000,0.949813
2957,router_6_2,router_5_1,1.8000,0.878464
2958,router_6_2,router_5_1,2.3001,0.875955
2959,router_6_2,router_5_1,3.3001,0.875955
2960,router_7_2,router_5_1,1.9000,0.811761
2961,router_7_2,router_4_1,2.9000,0.754151
2962,router_7_2,router_4_1,2.9000,0.753479
2963,router_7_2,router_4_1,2.4000,0.753479
2964,router_0_3,router_4_1,4.1001,0.652920
2965,router_0_3,router_3_1,3.3000,0.701304
2966,router_0_3,router_3_1,4.1001,0.697350
2967,router_0_3,router_3_1,4.1001,0.700462
2968,router_1_3,router_3_1,3.9001,0.750000
2969,router_1_3,router_2_1,1.4000,0.813787
2970,router_1_3,router_2_1,2.9001,0.808699
2971,router_1_3,router_2_1,2.9000,0.809444
2972,router_2_3,router_2_1,0.8000,0.878464
2973,router_2_3,router_1_1,1.9000,0.811761
2974,router_2_3,router_1_1,2.1000,0.812661
2975,router_2_3,router_1_1,1.9000,0.812511
2976,router_3_3,router_1_1,1.9000,0.754824
2977,router_3_3,router_0_1,3.6000,0.698843
2978,router_3_3,router_0_1,6.1001,0.692308
2979,router_3_3,router_0_1,4.6001,0.697051
2980,router_4_3,router_0_1,3.6000,0.652813
2981,router_4_3,router_7_0,4.1001,0.652598
2982,router_4_3,router_7_0,4.1001,0.651205
2983,router_4_3,router_7_0,4.6001,0.650030
2984,router_5_3,router_7_0,2.8001,0.702750
2985,router_5_3,router_6_0,5.3001,0.745752
2986,router_5_3,router_6_0,1.9000,0.755497
2987,router_5_3,router_6_0,2.4000,0.754420
2988,router_6_3,router_6_0,3.9001,0.805801
2989,router_6_3,router_5_0,3.4001,0.754824
2990,router_6_3,router_5_0,2.9000,0.752138
2991,router_6_3,router_5_0,2.9000,0.752808
2992,router_7_3,router_5_0,3.6000,0.699442
2993,router_7_3,router_4_0,3.1000,0.654967
2994,router_7_3,router_4_0,6.1001,0.646419
2995,router_7_3,router_4_0,7.1001,0.642213
2996,router_2_2,router_1_2,0.5000,0.949813
2997,router_2_2,router_1_2,0.5000,0.949813
2998,router_2_2,router_1_2,2.0000,0.949813
2999,router_2_2,router_1_2,1.0000,0.949813
3000,router_3_2,router_0_2,2.6001,0.811911
3001,router_3_2,router_0_2,1.9000,0.811761
3002,router_3_2,router_0_2,2.1000,0.812661
3003,router_3_2,router_0_2,4.9001,0.803582
3004,router_4_2,router_7_1,5.3001,0.746281
3005,router_4_2,router_7_1,2.1000,0.754554
3006,router_4_2,router_7_1,2.9000,0.752942
3007,router_4_2,router_7_1,4.5001,0.750267
3008,router_5_2,router_6_1,2.8001,0.874954
3009,router_5_2,router_6_1,1.1000,0.877961
3010,router_5_2,router_6_1,1.8000,0.876623
3011,router_5_2,router_6_1,1.3000,0.877459
3012,router_6_2,router_5_1,1.3000,0.878464
3013,router_6_2,router_5_1,1.3000,0.877627
3014,router_6_2,router_5_1,0.8000,0.878464
3015,router_6_2,router_5_1,1.8000,0.876790
3016,router_7_2,router_4_1,2.4000,0.754151
3017,router_7_2,router_4_1,6.4001,0.744168
3018,router_7_2,router_4_1,3.4001,0.750801
3019,router_7_2,router_4_1,4.9001,0.746810
3020,router_0_3,router_3_1,2.6000,0.702750
3021,router_0_3,router_3_1,3.7001,0.698305
3022,router_0_3,router_3_1,4.5001,0.698066
3023,router_0_3,router_3_1,4.1001,0.696396
3024,router_1_3,router_2_1,2.2001,0.813336
3025,router_1_3,router_2_1,4.4001,0.804838
3026,router_1_3,router_2_1,1.9000,0.812286
3027,router_1_3,router_2_1,1.9000,0.813036
3028,router_2_3,router_1_1,2.9000,0.809519
3029,router_2_3,router_1_1,2.4000,0.811013
3030,router_2_3,router_1_1,4.4001,0.804321
3031,router_2_3,router_1_1,2.4000,0.810265
3032,router_3_3,router_0_1,6.6001,0.693489
3033,router_3_3,router_0_1,6.6001,0.691719
3034,router_3_3,router_0_1,3.6000,0.700642
3035,router_3_3,router_0_1,3.6000,0.699442
3036,router_4_3,router_7_0,3.7001,0.653028
3037,router_4_3,router_7_0,6.6001,0.645258
3038,router_4_3,router_7_0,4.6001,0.650030
3039,router_4_3,router_7_0,4.9001,0.650243
3040,router_5_3,router_6_0,3.4001,0.750667
3041,router_5_3,router_6_0,2.5000,0.753882
3042,router_5_3,router_6_0,5.4001,0.748802
3043,router_5_3,router_6_0,2.5000,0.753882
3044,router_6_3,router_5_0,3.4001,0.751469
3045,router_6_3,router_5_0,3.9001,0.750134
3046,router_6_3,router_5_0,2.4000,0.754151
3047,router_6_3,router_5_0,3.4001,0.750801
3048,router_7_3,router_4_0,4.1001,0.651740
3049,router_7_3,router_4_0,3.6000,0.653350
3050,router_7_3,router_4_0,4.1001,0.652276
3051,router_7_3,router_4_0,5.1001,0.648008
3052,router_2_2,router_1_2,1.5000,0.949813
3053,router_2_2,router_1_2,1.5000,0.949813
3054,router_2_2,router_1_2,1.0000,0.949813
3055,router_2_2,router_0_2,1.8000,0.877627
3056,router_3_2,router_0_2,3.4001,0.810265
3057,router_3_2,router_0_2,3.4001,0.808029
3058,router_3_2,router_0_2,2.1000,0.812661
3059,router_3_2,router_7_1,4.6001,0.695445
3060,router_4_2,router_7_1,2.9001,0.751870
3061,router_4_2,router_7_1,1.7000,0.755093
3062,router_4_2,router_7_1,2.5000,0.753748
3063,router_4_2,router_6_1,1.9000,0.812736
3064,router_5_2,router_6_1,0.8000,0.878296
3065,router_5_2,router_6_1,1.9001,0.876623
3066,router_5_2,router_6_1,5.3002,0.870802
3067,router_5_2,router_5_1,0.5000,0.949813
3068,router_6_2,router_5_1,2.8001,0.876790
3069,router_6_2,router_5_1,2.3001,0.876790
3070,router_6_2,router_5_1,2.3001,0.875955
3071,router_6_2,router_4_1,3.9001,0.806543
3072,router_7_2,router_4_1,1.9000,0.754824
3073,router_7_2,router_4_1,2.9000,0.752138
3074,router_7_2,router_4_1,4.4001,0.749467
3075,router_7_2,router_3_1,3.2001,0.701605
3076,router_0_3,router_3_1,4.5000,0.695920
3077,router_0_3,router_3_1,4.5001,0.696992
3078,router_0_3,router_3_1,3.1000,0.699982
3079,router_0_3,router_2_1,2.4000,0.753345
3080,router_1_3,router_2_1,1.9000,0.812886
3081,router_1_3,router_2_1,1.4000,0.813186
3082,router_1_3,router_2_1,1.9000,0.811686
3083,router_1_3,router_1_1,2.8001,0.875955
3084,router_2_3,router_1_1,2.1000,0.812661
3085,router_2_3,router_1_1,1.9000,0.813261
3086,router_2_3,router_1_1,1.9000,0.811761
3087,router_2_3,router_0_1,1.9000,0.754824
3088,router_3_3,router_0_1,5.1001,0.693489
3089,router_3_3,router_0_1,3.6000,0.700642
3090,router_3_3,router_0_1,4.1001,0.698245
3091,router_3_3,router_7_0,4.5001,0.608001
3092,router_4_3,router_7_0,4.6001,0.650350
3093,router_4_3,router_7_0,4.1001,0.651098
3094,router_4_3,router_7_0,4.1001,0.651740
3095,router_4_3,router_6_0,5.6001,0.691660
3096,router_5_3,router_6_0,3.4001,0.751737
3097,router_5_3,router_6_0,1.9000,0.755497
3098,router_5_3,router_6_0,3.9001,0.749467
3099,router_5_3,router_5_0,3.9001,0.808029
3100,router_6_3,router_5_0,2.9000,0.754151
3101,router_6_3,router_5_0,2.4000,0.753479
3102,router_6_3,router_5_0,3.4001,0.750801
3103,router_6_3,router_4_0,5.6001,0.691719
3104,router_7_3,router_4_0,4.1001,0.651205
3105,router_7_3,router_4_0,5.0001,0.649284
3106,router_7_3,router_4_0,4.6001,0.649603
3107,router_7_3,router_3_0,9.6002,0.594560
3108,router_2_2,router_1_2,0.5000,0.949813
3109,router_2_2,router_1_2,0.5000,0.949813
3110,router_2_2,router_0_2,1.8000,0.877627
3111,router_2_2,router_0_2,3.3001,0.874288
3112,router_3_2,router_0_2,3.4001,0.809519
3113,router_3_2,router_0_2,1.6000,0.813412
3114,router_3_2,router_7_1,3.3000,0.700102
3115,router_3_2,router_7_1,3.7001,0.698305
3116,router_4_2,router_7_1,4.9001,0.747606
3117,router_4_2,router_7_1,5.3001,0.747606
3118,router_4_2,router_6_1,1.9000,0.811537
3119,router_4_2,router_6_1,2.4000,0.810639
3120,router_5_2,router_6_1,1.8000,0.877292
3121,router_5_2,router_6_1,1.1000,0.877961
3122,router_5_2,router_5_1,0.5000,0.949813
3122,router_5_2,router_5_1,1.5000,0.949813
3124,router_6_2,router_5_1,3.3001,0.874288
3125,router_6_2,router_5_1,1.3000,0.877627
3126,router_6_2,router_4_1,2.4000,0.810265
3127,router_6_2,router_4_1,1.9000,0.812511
3128,router_7_2,router_4_1,3.9001,0.751469
3129,router_7_2,router_4_1,3.9001,0.752138
3130,router_7_2,router_3_1,4.1001,0.698245
3131,router_7_2,router_3_1,5.1001,0.694081
3132,router_0_3,router_3_1,4.0000,0.700943
3133,router_0_3,router_3_1,5.1001,0.692839
3134,router_0_3,router_2_1,1.9000,0.754689
3135,router_0_3,router_2_1,1.9000,0.755228
3136,router_1_3,router_2_1,3.9001,0.807657
3137,router_1_3,router_2_1,1.9000,0.812436
3138,router_1_3,router_1_1,1.8000,0.876790
3139,router_1_3,router_1_1,2.8001,0.875121
3140,router_2_3,router_1_1,2.4000,0.811761
3141,router_2_3,router_1_1,4.4001,0.805060
3142,router_2_3,router_0_1,1.9000,0.755497
3143,router_2_3,router_0_1,2.9000,0.752808
3144,router_3_3,router_0_1,6.6001,0.687615
3145,router_3_3,router_0_1,3.1000,0.700042
3146,router_3_3,router_7_0,4.5000,0.610012
3147,router_3_3,router_7_0,3.1000,0.613097
3148,router_4_3,router_7_0,6.6001,0.644626
3149,router_4_3,router_7_0,6.6001,0.644100
3150,router_4_3,router_6_0,6.1001,0.692131
3151,router_4_3,router_6_0,4.1001,0.697350
3152,router_5_3,router_6_0,2.4000,0.753882
3153,router_5_3,router_6_0,2.9000,0.753076
3154,router_5_3,router_5_0,2.9000,0.810265
3155,router_5_3,router_5_0,3.9001,0.808773
3156,router_6_3,router_5_0,3.4001,0.750801
3157,router_6_3,router_5_0,4.4001,0.752138
3158,router_6_3,router_4_0,4.1001,0.697051
3159,router_6_3,router_4_0,4.2001,0.700402
3160,router_7_3,router_4_0,5.1001,0.648539
3161,router_7_3,router_4_0,4.1001,0.651205
3162,router_7_3,router_3_0,5.6001,0.604817
3163,router_7_3,router_3_0,4.6001,0.609388
3164,router_2_2,router_1_2,2.5001,0.949813
3165,router_2_2,router_0_2,1.3000,0.877627
3166,router_2_2,router_0_2,0.8000,0.878464
3167,router_2_2,router_0_2,2.8001,0.875121
3168,router_3_2,router_0_2,4.6001,0.810415
3169,router_3_2,router_7_1,4.1001,0.697708
3170,router_3_2,router_7_1,3.7001,0.698305
3171,router_3_2,router_7_1,3.7001,0.698185
3172,router_4_2,router_7_1,2.5001,0.752942
3173,router_4_2,router_6_1,1.4000,0.813637
3174,router_4_2,router_6_1,2.2001,0.812586
3175,router_4_2,router_6_1,2.1000,0.811686
3176,router_5_2,router_6_1,3.3001,0.875455
3177,router_5_2,router_5_1,0.5000,0.949813
3178,router_5_2,router_5_1,3.5001,0.949813
3179,router_5_2,router_5_1,0.5000,0.949813
3180,router_6_2,router_5_1,2.3001,0.876790
3181,router_6_2,router_4_1,3.4001,0.808029
3182,router_6_2,router_4_1,2.4000,0.810265
3183,router_6_2,router_4_1,2.4000,0.811013
3184,router_7_2,router_4_1,4.4001,0.748137
3185,router_7_2,router_3_1,6.1001,0.689955
3186,router_7_2,router_3_1,3.1000,0.700042
3187,router_7_2,router_3_1,4.6001,0.695861
3188,router_0_3,router_3_1,3.6001,0.699742
3189,router_0_3,router_2_1,2.9000,0.752004
3190,router_0_3,router_2_1,2.5001,0.753748
3191,router_0_3,router_2_1,2.1000,0.754689
3192,router_1_3,router_2_1,3.4001,0.808550
3193,router_1_3,router_1_1,1.3000,0.877627
3194,router_1_3,router_1_1,2.3001,0.875955
3195,router_1_3,router_1_1,1.3000,0.877627
3196,router_2_3,router_1_1,2.9001,0.808773
3197,router_2_3,router_0_1,4.4001,0.751469
3198,router_2_3,router_0_1,2.4000,0.753479
3199,router_2_3,router_0_1,2.9000,0.753479
3200,router_3_3,router_0_1,4.2001,0.701003
3201,router_3_3,router_7_0,4.5001,0.609820
3202,router_3_3,router_7_0,4.6001,0.610204
3203,router_3_3,router_7_0,5.1001,0.607429
3204,router_4_3,router_7_0,3.6000,0.652706
3205,router_4_3,router_6_0,3.1000,0.700943
3206,router_4_3,router_6_0,4.1001,0.698544
3207,router_4_3,router_6_0,4.1001,0.700102
3208,router_5_3,router_6_0,2.9001,0.752138
3209,router_5_3,router_5_0,6.4001,0.799904
3210,router_5_3,router_5_0,1.6000,0.813412
3211,router_5_3,router_5_0,3.9001,0.805801
3212,router_6_3,router_5_0,3.4001,0.752138
3213,router_6_3,router_4_0,4.1001,0.697051
3214,router_6_3,router_4_0,3.1000,0.701244
3215,router_6_3,router_4_0,5.1001,0.693489
3216,router_7_3,router_4_0,3.6000,0.652813
3217,router_7_3,router_3_0,4.6001,0.610060
3218,router_7_3,router_3_0,4.8001,0.611407
3219,router_7_3,router_3_0,5.1001,0.608623
3220,router_2_2,router_0_2,1.3000,0.878464
3221,router_2_2,router_0_2,3.8001,0.874288
3222,router_2_2,router_0_2,1.8000,0.876790
3223,router_2_2,router_0_2,0.8000,0.878464
3224,router_3_2,router_7_1,4.1001,0.696754
3225,router_3_2,router_7_1,4.5001,0.696992
3226,router_3_2,router_7_1,3.3001,0.699262
3227,router_3_2,router_7_1,3.6000,0.698544
3228,router_4_2,router_6_1,1.7000,0.812286
3229,router_4_2,router_6_1,1.9000,0.812136
3230,router_4_2,router_6_1,2.2000,0.812436
3231,router_4_2,router_6_1,1.4000,0.813637
3233,router_5_2,router_5_1,1.5000,0.949813
3234,router_5_2,router_5_1,1.5000,0.949813
3235,router_5_2,router_5_1,0.5000,0.949813
3235,router_5_2,router_5_1,0.5000,0.949813
3236,router_6_2,router_4_1,3.4001,0.810265
3237,router_6_2,router_4_1,5.1001,0.808177
3238,router_6_2,router_4_1,3.4001,0.810265
3239,router_6_2,router_4_1,3.1001,0.811162
3240,router_7_2,router_3_1,3.6000,0.699442
3241,router_7_2,router_3_1,4.1001,0.697648
3242,router_7_2,router_3_1,3.1000,0.700042
3243,router_7_2,router_3_1,5.1001,0.694673
3244,router_0_3,router_2_1,4.1000,0.750401
3245,router_0_3,router_2_1,4.5001,0.748270
3246,router_0_3,router_2_1,3.7001,0.753211
3247,router_0_3,router_2_1,2.4000,0.753345
3248,router_1_3,router_1_1,1.8000,0.877627
3249,router_1_3,router_1_1,1.8000,0.877627
3250,router_1_3,router_1_1,1.3000,0.877627
3251,router_1_3,router_1_1,1.3000,0.877627
3252,router_2_3,router_0_1,3.9001,0.750801
3253,router_2_3,router_0_1,1.9000,0.754824
3254,router_2_3,router_0_1,3.4001,0.752138
3255,router_2_3,router_0_1,3.9001,0.750134
3256,router_3_3,router_7_0,6.1001,0.604014
3257,router_3_3,router_7_0,3.7001,0.611648
3258,router_3_3,router_7_0,3.1000,0.612807
3259,router_3_3,router_7_0,4.6001,0.608479
3260,router_4_3,router_6_0,4.5001,0.698783
3261,router_4_3,router_6_0,3.6000,0.698185
3262,router_4_3,router_6_0,3.3001,0.699862
3263,router_4_3,router_6_0,4.9001,0.694259
3264,router_5_3,router_5_0,2.4000,0.811761
3265,router_5_3,router_5_0,1.9000,0.811761
3266,router_5_3,router_5_0,1.9000,0.812511
3267,router_5_3,router_5_0,3.1001,0.811162
3268,router_6_3,router_4_0,3.1000,0.700042
3269,router_6_3,router_4_0,3.1000,0.700642
3270,router_6_3,router_4_0,4.1001,0.697051
3271,router_6_3,router_4_0,4.1001,0.699442
3272,router_7_3,router_3_0,3.6000,0.611021
3273,router_7_3,router_3_0,3.6000,0.611021
3274,router_7_3,router_3_0,4.1001,0.610060
3275,router_7_3,router_3_0,4.6001,0.609101
3276,router_1_2,router_0_2,2.0001,0.949813
3277,router_2_2,router_0_2,1.3000,0.877627
3278,router_2_2,router_0_2,1.3000,0.877627
3279,router_2_2,router_0_2,1.8000,0.878464
3280,router_2_2,router_7_1,4.1001,0.653566
3281,router_3_2,router_7_1,3.6000,0.699502
3282,router_3_2,router_7_1,4.5001,0.699622
3283,router_3_2,router_7_1,4.6001,0.694970
3284,router_3_2,router_6_1,4.5001,0.749068
3285,router_4_2,router_6_1,2.5000,0.811237
3286,router_4_2,router_6_1,2.9001,0.810489
3287,router_4_2,router_6_1,1.9000,0.812136
3288,router_4_2,router_5_1,1.3000,0.878129
3289,router_5_2,router_5_1,0.5000,0.949813
3290,router_5_2,router_5_1,0.5000,0.949813
3291,router_5_2,router_5_1,0.5000,0.949813
3292,router_5_2,router_4_1,3.8001,0.876790
3293,router_6_2,router_4_1,1.6000,0.813412
3294,router_6_2,router_4_1,2.4000,0.812511
3295,router_6_2,router_4_1,5.4001,0.801372
3296,router_6_2,router_3_1,3.4001,0.750801
3297,router_7_2,router_3_1,3.6000,0.700042
3298,router_7_2,router_3_1,4.6001,0.695861
3299,router_7_2,router_3_1,3.6000,0.700642
3300,router_7_2,router_2_1,3.6000,0.654967
3301,router_0_3,router_2_1,1.9000,0.755902
3302,router_0_3,router_2_1,1.9000,0.754689
3303,router_0_3,router_2_1,2.5000,0.754823
3304,router_0_3,router_1_1,3.4001,0.809444
3305,router_1_3,router_1_1,0.8000,0.878464
3306,router_1_3,router_1_1,3.8001,0.875121
3307,router_1_3,router_1_1,1.3000,0.877627
3308,router_1_3,router_0_1,2.4000,0.811013
3309,router_2_3,router_0_1,3.9001,0.749467
3310,router_2_3,router_0_1,3.4001,0.752808
3311,router_2_3,router_0_1,1.9000,0.754824
3312,router_2_3,router_7_0,6.1001,0.567751
3313,router_3_3,router_7_0,3.7001,0.611166
3314,router_3_3,router_7_0,4.6001,0.608479
3315,router_3_3,router_7_0,4.1001,0.610877
3316,router_3_3,router_6_0,3.5001,0.653566
3317,router_4_3,router_6_0,4.1001,0.697588
3318,router_4_3,router_6_0,3.7001,0.698425
3319,router_4_3,router_6_0,3.6001,0.701665
3320,router_4_3,router_5_0,1.9000,0.754689
3321,router_5_3,router_5_0,2.4000,0.811013
3322,router_5_3,router_5_0,1.9000,0.811761
3323,router_5_3,router_5_0,1.9000,0.811761
3324,router_5_3,router_4_0,3.9001,0.749467
3325,router_6_3,router_4_0,4.1001,0.696456
3326,router_6_3,router_4_0,3.6000,0.698245
3327,router_6_3,router_4_0,3.7001,0.701003
3328,router_6_3,router_3_0,4.1001,0.653889
3329,router_7_3,router_3_0,3.1000,0.612952
3330,router_7_3,router_3_0,4.1001,0.610829
3331,router_7_3,router_3_0,4.1001,0.610348
3332,router_7_3,router_2_0,4.6001,0.571416
3333,router_1_2,router_0_2,0.5000,0.949813
3334,router_1_2,router_0_2,0.5000,0.949813
3335,router_2_2,router_0_2,1.3000,0.877627
3336,router_2_2,router_0_2,3.8001,0.874288
3337,router_2_2,router_7_1,3.3000,0.654643
3338,router_2_2,router_7_1,3.1000,0.655075
3339,router_3_2,router_7_1,4.0001,0.700462
3340,router_3_2,router_7_1,3.6000,0.698066
3341,router_3_2,router_6_1,3.3001,0.751335
3342,router_3_2,router_6_1,4.1001,0.751335
3343,router_4_2,router_6_1,2.9000,0.808699
3344,router_4_2,router_6_1,2.2000,0.813036
3345,router_4_2,router_5_1,2.3000,0.877125
3346,router_4_2,router_5_1,1.8000,0.877292
3347,router_5_2,router_5_1,0.5000,0.949813
3347,router_5_2,router_5_1,1.0000,0.949813
3349,router_5_2,router_4_1,1.8000,0.877627
3350,router_5_2,router_4_1,2.8001,0.878464
3351,router_6_2,router_4_1,4.1001,0.809668
3352,router_6_2,router_4_1,2.4000,0.810265
3353,router_6_2,router_3_1,2.9000,0.754824
3354,router_6_2,router_3_1,2.4000,0.754824
3355,router_7_2,router_3_1,3.1000,0.701846
3356,router_7_2,router_3_1,3.2001,0.701605
3357,router_7_2,router_2_1,5.1001,0.648008
3358,router_7_2,router_2_1,4.6001,0.651205
3359,router_0_3,router_2_1,1.9000,0.754689
3360,router_0_3,router_2_1,3.7001,0.750400
3361,router_0_3,router_1_1,2.4000,0.811387
3362,router_0_3,router_1_1,1.4000,0.813787
3363,router_1_3,router_1_1,1.8000,0.876790
3364,router_1_3,router_1_1,4.3001,0.872625
3365,router_1_3,router_0_1,1.6000,0.813412
3366,router_1_3,router_0_1,2.4000,0.810265
3367,router_2_3,router_0_1,3.4001,0.750801
3368,router_2_3,router_0_1,3.4001,0.752808
3369,router_2_3,router_7_0,3.3000,0.576078
3370,router_2_3,router_7_0,8.9002,0.561542
3371,router_3_3,router_7_0,4.6001,0.608957
3372,router_3_3,router_7_0,7.1001,0.602789
3373,router_3_3,router_6_0,6.1001,0.644731
3374,router_3_3,router_6_0,4.5001,0.650457
3375,router_4_3,router_6_0,3.7001,0.699023
3376,router_4_3,router_6_0,5.6001,0.693903
3377,router_4_3,router_5_0,2.9001,0.752808
3378,router_4_3,router_5_0,1.9000,0.755362
3379,router_5_3,router_5_0,1.9000,0.812511
3380,router_5_3,router_5_0,1.4000,0.813261
3381,router_5_3,router_4_0,1.9000,0.755497
3382,router_5_3,router_4_0,5.9001,0.746810
3383,router_6_3,router_4_0,3.6000,0.700042
3384,router_6_3,router_4_0,3.1000,0.700642
3385,router_6_3,router_3_0,4.6001,0.650670
3386,router_6_3,router_3_0,3.6000,0.653889
3387,router_7_3,router_3_0,5.1001,0.607191
3388,router_7_3,router_3_0,6.6001,0.602930
3389,router_7_3,router_2_0,5.6001,0.569280
3390,router_7_3,router_2_0,4.1001,0.573566
3391,router_1_2,router_0_2,1.0000,0.949813
3392,router_1_2,router_0_2,0.5000,0.949813
3393,router_1_2,router_0_2,2.0000,0.949813
3394,router_2_2,router_0_2,0.8000,0.878464
3395,router_2_2,router_7_1,3.1000,0.654643
3396,router_2_2,router_7_1,5.9001,0.648645
3397,router_2_2,router_7_1,3.3000,0.654427
3398,router_3_2,router_7_1,3.1000,0.699862
3399,router_3_2,router_6_1,2.4000,0.753211
3400,router_3_2,router_6_1,2.5000,0.753479
3401,router_3_2,router_6_1,2.9000,0.752406
3402,router_4_2,router_6_1,2.4001,0.810639
3403,router_4_2,router_5_1,1.5000,0.877292
3404,router_4_2,router_5_1,1.5000,0.877292
3405,router_4_2,router_5_1,0.8000,0.878296
3406,router_5_2,router_5_1,1.0000,0.949813
3407,router_5_2,router_4_1,4.8001,0.873456
3408,router_5_2,router_4_1,1.8000,0.876790
3409,router_5_2,router_4_1,3.3001,0.876790
3410,router_6_2,router_4_1,1.9000,0.811761
3411,router_6_2,router_3_1,1.9000,0.755497
3412,router_6_2,router_3_1,2.9000,0.752138
3413,router_6_2,router_3_1,3.4001,0.752138
3414,router_7_2,router_3_1,3.1000,0.701244
3415,router_7_2,router_2_1,7.6001,0.640647
3416,router_7_2,router_2_1,2.6000,0.656048
3417,router_7_2,router_2_1,5.1001,0.648008
3418,router_0_3,router_2_1,2.1000,0.754689
3419,router_0_3,router_1_1,2.4000,0.810938
3420,router_0_3,router_1_1,2.9000,0.809892
3421,router_0_3,router_1_1,2.9000,0.809295
3422,router_1_3,router_1_1,5.3001,0.871796
3423,router_1_3,router_0_1,3.9001,0.807285
3424,router_1_3,router_0_1,4.4001,0.808773
3425,router_1_3,router_0_1,3.4001,0.807285
3426,router_2_3,router_0_1,2.9000,0.752808
3427,router_2_3,router_7_0,5.1001,0.570987
3428,router_2_3,router_7_0,4.5001,0.571930
3429,router_2_3,router_7_0,5.1001,0.570902
3430,router_3_3,router_7_0,4.1001,0.609532
3431,router_3_3,router_6_0,4.6001,0.649603
3432,router_3_3,router_6_0,4.6001,0.649923
3433,router_3_3,router_6_0,3.7001,0.653028
3434,router_4_3,router_6_0,3.7001,0.699143
3435,router_4_3,router_5_0,2.1000,0.754285
3436,router_4_3,router_5_0,2.9000,0.752674
3437,router_4_3,router_5_0,3.9001,0.749334
3438,router_5_3,router_5_0,1.4000,0.813261
3439,router_5_3,router_4_0,4.4001,0.748802
3440,router_5_3,router_4_0,2.9000,0.754151
3441,router_5_3,router_4_0,2.9000,0.753479
3442,router_6_3,router_4_0,4.6001,0.697051
3443,router_6_3,router_3_0,3.6000,0.653889
3444,router_6_3,router_3_0,3.6000,0.653889
3445,router_6_3,router_3_0,6.1001,0.647478
3446,router_7_3,router_3_0,5.6001,0.605291
3447,router_7_3,router_2_0,2.6000,0.577472
3448,router_7_3,router_2_0,4.1001,0.574430
3449,router_7_3,router_2_0,3.1000,0.576600
3450,router_1_2,router_0_2,1.5000,0.949813
3451,router_1_2,router_0_2,0.5000,0.949813
3452,router_1_2,router_0_2,0.5000,0.949813
3453,router_1_2,router_0_2,1.0000,0.949813
3454,router_2_2,router_7_1,4.1001,0.652383
3455,router_2_2,router_7_1,5.1001,0.647796
3456,router_2_2,router_7_1,4.6001,0.650243
3457,router_2_2,router_7_1,3.1000,0.654643
3458,router_3_2,router_6_1,3.4001,0.750534
3459,router_3_2,router_6_1,1.9000,0.754554
3460,router_3_2,router_6_1,4.4001,0.750000
3461,router_3_2,router_6_1,4.4001,0.747871
3462,router_4_2,router_5_1,0.8000,0.878296
3463,router_4_2,router_5_1,1.9000,0.876623
3464,router_4_2,router_5_1,1.9001,0.876623
3465,router_4_2,router_5_1,2.7001,0.875288
3466,router_5_2,router_4_1,2.3001,0.877627
3467,router_5_2,router_4_1,0.8000,0.878464
3468,router_5_2,router_4_1,1.3000,0.877627
3469,router_5_2,router_4_1,2.8001,0.875121
3470,router_6_2,router_3_1,1.9000,0.754824
3471,router_6_2,router_3_1,3.9001,0.750801
3472,router_6_2,router_3_1,3.9001,0.750134
3473,router_6_2,router_3_1,2.4000,0.753479
3474,router_7_2,router_2_1,5.6001,0.646948
3475,router_7_2,router_2_1,6.1001,0.646948
3476,router_7_2,router_2_1,4.1001,0.652276
3477,router_7_2,router_2_1,3.6000,0.652813
3478,router_0_3,router_1_1,2.6001,0.811986
3479,router_0_3,router_1_1,3.9001,0.807062
3480,router_0_3,router_1_1,5.9001,0.804099
3481,router_0_3,router_1_1,2.9000,0.809444
3482,router_1_3,router_0_1,2.1000,0.812661
3483,router_1_3,router_0_1,2.4000,0.811761
3484,router_1_3,router_0_1,2.9000,0.812511
3485,router_1_3,router_0_1,2.6000,0.811911
3486,router_2_3,router_7_0,5.3001,0.569706
3487,router_2_3,router_7_0,4.6001,0.571845
3488,router_2_3,router_7_0,3.1000,0.575730
3489,router_2_3,router_7_0,5.6001,0.569621
3490,router_3_3,router_6_0,4.5001,0.650884
3491,router_3_3,router_6_0,4.5001,0.650991
3492,router_3_3,router_6_0,3.6000,0.652706
3493,router_3_3,router_6_0,3.6000,0.653566
3494,router_4_3,router_5_0,1.9000,0.754824
3495,router_4_3,router_5_0,2.9000,0.752004
3496,router_4_3,router_5_0,3.9001,0.750801
3497,router_4_3,router_5_0,2.1000,0.754958
3498,router_5_3,router_4_0,1.4000,0.756172
3499,router_5_3,router_4_0,2.9000,0.753479
3500,router_5_3,router_4_0,2.4000,0.754151
3501,router_5_3,router_4_0,1.9000,0.754824
3502,router_6_3,router_3_0,5.6001,0.648008
3503,router_6_3,router_3_0,4.1001,0.652276
3504,router_6_3,router_3_0,5.6001,0.648539
3505,router_6_3,router_3_0,5.5001,0.648220
3506,router_7_3,router_2_0,4.6001,0.573135
3507,router_7_3,router_2_0,3.6000,0.574863
3508,router_7_3,router_2_0,5.6001,0.568855
3509,router_7_3,router_2_0,6.1001,0.568855
3510,router_1_2,router_0_2,0.5000,0.949813
3511,router_1_2,router_0_2,1.5000,0.949813
3512,router_1_2,router_0_2,4.0001,0.949813
3513,router_1_2,router_7_1,5.1001,0.609628
3514,router_2_2,router_7_1,4.1001,0.651098
3515,router_2_2,router_7_1,3.7001,0.653135
3516,router_2_2,router_7_1,2.9000,0.655399
3517,router_2_2,router_6_1,2.9000,0.701545
3518,router_3_2,router_6_1,2.5001,0.753479
3519,router_3_2,router_6_1,1.9000,0.754554
3520,router_3_2,router_6_1,2.5000,0.753076
3521,router_3_2,router_5_1,3.9001,0.805579
3522,router_4_2,router_5_1,0.8000,0.878296
3523,router_4_2,router_5_1,3.3001,0.874122
3524,router_4_2,router_5_1,1.1000,0.877961
3525,router_4_2,router_4_1,4.0001,0.949813
3526,router_5_2,router_4_1,1.8000,0.877627
3527,router_5_2,router_4_1,1.3000,0.877627
3528,router_5_2,router_4_1,2.3001,0.875955
3529,router_5_2,router_3_1,2.1000,0.812661
3530,router_6_2,router_3_1,3.9001,0.749467
3531,router_6_2,router_3_1,5.9001,0.744827
3532,router_6_2,router_3_1,7.9002,0.744168
3533,router_6_2,router_2_1,3.6000,0.698245
3534,router_7_2,router_2_1,5.5001,0.649284
3535,router_7_2,router_2_1,6.1001,0.646948
3536,router_7_2,router_2_1,5.0001,0.651419
3537,router_7_2,router_1_1,5.6001,0.604817
3538,router_0_3,router_1_1,2.9001,0.809295
3539,router_0_3,router_1_1,2.4000,0.811537
3540,router_0_3,router_1_1,3.9001,0.805727
3541,router_0_3,router_0_1,2.8001,0.875121
3542,router_1_3,router_0_1,1.6000,0.813412
3543,router_1_3,router_0_1,1.4000,0.813261
3544,router_1_3,router_0_1,1.9000,0.812511
3545,router_1_3,router_7_0,6.5001,0.535203
3546,router_2_3,router_7_0,5.6001,0.569706
3547,router_2_3,router_7_0,3.3001,0.575296
3548,router_2_3,router_7_0,4.5001,0.573135
3549,router_2_3,router_6_0,7.6002,0.599791
3550,router_3_3,router_6_0,3.1001,0.654643
3551,router_3_3,router_6_0,4.1001,0.652062
3552,router_3_3,router_6_0,4.1001,0.651633
3553,router_3_3,router_5_0,4.1001,0.696396
3554,router_4_3,router_5_0,4.4001,0.750534
3555,router_4_3,router_5_0,2.4000,0.753882
3556,router_4_3,router_5_0,1.9000,0.754689
3557,router_4_3,router_4_0,3.6001,0.810415
3558,router_5_3,router_4_0,3.9001,0.749467
3559,router_5_3,router_4_0,2.9000,0.752138
3560,router_5_3,router_4_0,4.4001,0.748802
3561,router_5_3,router_3_0,4.1001,0.698245

AVERAGES,,,3.1232,0.772060
E2E_LATENCY,,,13793.7071,
