Request_ID,Source,Destination,Latency_ms,Fidelity
0,router_7_3,router_6_3,0.5000,0.949813
1,router_7_3,router_6_3,2.5001,0.949813
2,router_7_3,router_6_3,0.5000,0.949813
3,router_7_3,router_6_3,2.0000,0.949813
4,router_7_3,router_6_3,0.5000,0.949813
5,router_7_3,router_6_3,0.5000,0.949813
6,router_7_3,router_6_3,0.5000,0.949813
6,router_7_3,router_6_3,2.5001,0.949813
8,router_7_3,router_6_3,0.5000,0.949813
10,router_7_3,router_6_3,1.0000,0.949813
11,router_7_3,router_6_3,3.0001,0.949813
11,router_7_3,router_6_3,1.0000,0.949813
13,router_7_3,router_6_3,0.5000,0.949813
13,router_7_3,router_6_3,2.0000,0.949813
14,router_7_3,router_6_3,1.0000,0.949813
15,router_7_3,router_6_3,1.0000,0.949813
16,router_7_3,router_6_3,2.0000,0.949813
16,router_7_3,router_6_3,1.0000,0.949813
17,router_7_3,router_6_3,0.5000,0.949813
18,router_7_3,router_6_3,1.0000,0.949813
20,router_7_3,router_6_3,3.0001,0.949813
21,router_7_3,router_6_3,0.5000,0.949813
22,router_7_3,router_6_3,0.5000,0.949813
23,router_7_3,router_5_3,1.8000,0.877627
24,router_7_3,router_6_3,0.5000,0.949813
25,router_7_3,router_6_3,1.5000,0.949813
26,router_7_3,router_6_3,0.5000,0.949813
27,router_7_3,router_5_3,1.3000,0.878464
28,router_7_3,router_6_3,1.0000,0.949813
29,router_7_3,router_6_3,0.5000,0.949813
30,router_7_3,router_5_3,1.8001,0.876790
31,router_7_3,router_5_3,3.8001,0.874288
32,router_7_3,router_6_3,0.5000,0.949813
33,router_7_3,router_6_3,0.5000,0.949813
34,router_7_3,router_5_3,2.3001,0.876790
35,router_7_3,router_5_3,0.8000,0.878464
36,router_7_3,router_6_3,1.0000,0.949813
37,router_7_3,router_5_3,1.3000,0.877627
38,router_7_3,router_5_3,1.3000,0.877627
39,router_7_3,router_5_3,1.3000,0.877627
40,router_7_3,router_6_3,0.5000,0.949813
41,router_7_3,router_5_3,1.8000,0.877627
42,router_7_3,router_5_3,9.3002,0.866841
43,router_7_3,router_5_3,0.8000,0.878464
44,router_7_3,router_5_3,1.3000,0.878464
45,router_7_3,router_5_3,2.3001,0.876790
46,router_7_3,router_5_3,1.3000,0.877627
47,router_7_3,router_5_3,1.8000,0.877627
48,router_7_3,router_5_3,3.8001,0.875121
49,router_7_3,router_5_3,1.3000,0.878464
50,router_7_3,router_5_3,2.8001,0.875121
51,router_7_3,router_5_3,1.8000,0.876790
52,router_6_3,router_5_3,2.5001,0.949813
53,router_7_3,router_5_3,0.8000,0.878464
54,router_7_3,router_5_3,3.3001,0.875121
55,router_7_3,router_5_3,1.8000,0.878464
56,router_7_3,router_4_3,2.9001,0.809519
57,router_6_3,router_5_3,0.5000,0.949813
58,router_7_3,router_5_3,2.8001,0.876790
59,router_7_3,router_5_3,1.3000,0.877627
60,router_7_3,router_5_3,2.3001,0.875955
61,router_7_3,router_4_3,5.1001,0.808177
62,router_6_3,router_5_3,0.5000,0.949813
63,router_6_3,router_5_3,2.0000,0.949813
64,router_7_3,router_5_3,1.8000,0.877627
65,router_7_3,router_5_3,1.3000,0.878464
66,router_7_3,router_4_3,2.9001,0.809519
67,router_7_3,router_4_3,3.1001,0.811911
68,router_6_3,router_5_3,0.5000,0.949813
69,router_6_3,router_5_3,1.0000,0.949813
70,router_7_3,router_5_3,1.3000,0.878464
71,router_7_3,router_5_3,1.8000,0.877627
72,router_7_3,router_4_3,2.4000,0.810265
73,router_7_3,router_4_3,1.6000,0.813412
75,router_6_3,router_5_3,1.5000,0.949813
76,router_6_3,router_5_3,0.5000,0.949813
76,router_6_3,router_5_3,1.5000,0.949813
77,router_7_3,router_5_3,2.3001,0.876790
78,router_7_3,router_4_3,3.6001,0.810415
79,router_7_3,router_4_3,3.4001,0.808029
80,router_7_3,router_4_3,2.4000,0.810265
81,router_6_3,router_5_3,1.5000,0.949813
82,router_6_3,router_5_3,2.5001,0.949813
83,router_6_3,router_5_3,2.5001,0.949813
84,router_7_3,router_5_3,3.3001,0.874288
85,router_7_3,router_4_3,4.4001,0.805801
86,router_7_3,router_4_3,2.4000,0.811013
87,router_7_3,router_4_3,3.4001,0.807285
88,router_6_3,router_5_3,0.5000,0.949813
88,router_6_3,router_5_3,0.5000,0.949813
89,router_6_3,router_5_3,1.0000,0.949813
91,router_6_3,router_5_3,0.5000,0.949813
92,router_7_3,router_4_3,3.4001,0.808029
93,router_7_3,router_4_3,1.4000,0.813261
94,router_7_3,router_4_3,1.9000,0.811761
95,router_7_3,router_4_3,3.1001,0.811911
96,router_6_3,router_5_3,1.5000,0.949813
96,router_6_3,router_5_3,0.5000,0.949813
97,router_6_3,router_5_3,0.5000,0.949813
98,router_6_3,router_5_3,0.5000,0.949813
100,router_7_3,router_4_3,1.9000,0.811761
101,router_7_3,router_4_3,2.4000,0.813261
102,router_7_3,router_4_3,1.6000,0.813412
103,router_7_3,router_4_3,2.4000,0.810265
104,router_6_3,router_5_3,1.0000,0.949813
105,router_6_3,router_5_3,3.5001,0.949813
106,router_6_3,router_5_3,0.5000,0.949813
107,router_6_3,router_4_3,3.8001,0.875121
108,router_7_3,router_4_3,2.1000,0.812661
109,router_7_3,router_4_3,2.4000,0.811761
110,router_7_3,router_4_3,1.9000,0.812511
111,router_7_3,router_3_3,2.4000,0.754824
112,router_6_3,router_5_3,2.5001,0.949813
113,router_6_3,router_5_3,0.5000,0.949813
114,router_6_3,router_5_3,4.0001,0.949813
115,router_6_3,router_4_3,2.3001,0.877627
116,router_7_3,router_4_3,2.6001,0.811911
117,router_7_3,router_4_3,2.4000,0.810265
118,router_7_3,router_4_3,2.4000,0.811761
119,router_7_3,router_3_3,1.4000,0.756172
121,router_6_3,router_5_3,0.5000,0.949813
121,router_6_3,router_5_3,1.0000,0.949813
122,router_6_3,router_4_3,3.3001,0.875955
123,router_6_3,router_4_3,2.3001,0.875955
124,router_7_3,router_4_3,2.9001,0.809519
125,router_7_3,router_4_3,1.9000,0.812511
126,router_7_3,router_3_3,3.9001,0.749467
127,router_7_3,router_3_3,3.9001,0.750801
128,router_6_3,router_5_3,5.5001,0.949813
129,router_6_3,router_5_3,2.0000,0.949813
130,router_6_3,router_4_3,1.8000,0.876790
131,router_6_3,router_4_3,3.3001,0.876790
132,router_7_3,router_4_3,3.1001,0.811162
133,router_7_3,router_4_3,4.4001,0.805801
134,router_7_3,router_3_3,2.4000,0.753479
135,router_7_3,router_3_3,4.4001,0.748802
136,router_6_3,router_5_3,1.0000,0.949813
137,router_6_3,router_4_3,1.8000,0.876790
138,router_6_3,router_4_3,1.8000,0.876790
139,router_6_3,router_4_3,1.3000,0.878464
140,router_7_3,router_4_3,4.9001,0.805801
141,router_7_3,router_3_3,1.9000,0.754824
142,router_7_3,router_3_3,2.9000,0.752138
143,router_7_3,router_3_3,3.9001,0.750134
144,router_6_3,router_5_3,2.0000,0.949813
145,router_6_3,router_4_3,1.8000,0.876790
146,router_6_3,router_4_3,1.3000,0.877627
147,router_6_3,router_4_3,1.3000,0.877627
148,router_7_3,router_4_3,2.4000,0.810265
149,router_7_3,router_3_3,3.9001,0.749467
150,router_7_3,router_3_3,2.4000,0.753479
151,router_7_3,router_3_3,2.4000,0.753479
152,router_6_3,router_4_3,2.8001,0.875121
153,router_6_3,router_4_3,1.3000,0.877627
154,router_6_3,router_4_3,1.3000,0.878464
155,router_6_3,router_4_3,2.3001,0.876790
156,router_7_3,router_3_3,2.9001,0.752808
157,router_7_3,router_3_3,4.9001,0.747473
158,router_7_3,router_3_3,3.4001,0.753479
159,router_7_3,router_3_3,1.9000,0.755497
160,router_6_3,router_4_3,3.3001,0.874288
161,router_6_3,router_4_3,3.3001,0.874288
162,router_6_3,router_4_3,1.3000,0.877627
163,router_6_3,router_4_3,3.3001,0.874288
164,router_7_3,router_3_3,3.4001,0.750801
165,router_7_3,router_3_3,2.9000,0.752138
166,router_7_3,router_3_3,3.4001,0.750801
167,router_7_3,router_3_3,2.9000,0.752138
168,router_5_3,router_4_3,1.5000,0.949813
169,router_6_3,router_4_3,4.3001,0.872625
170,router_6_3,router_4_3,2.8001,0.875955
171,router_6_3,router_4_3,3.8001,0.875121
172,router_6_3,router_3_3,2.9001,0.811761
173,router_7_3,router_3_3,2.9000,0.752138
174,router_7_3,router_3_3,4.9001,0.747473
175,router_7_3,router_3_3,4.4001,0.749467
176,router_7_3,router_2_3,4.6001,0.696456
177,router_5_3,router_4_3,1.5000,0.949813
178,router_6_3,router_4_3,1.8000,0.878464
179,router_6_3,router_4_3,2.3001,0.876790
180,router_6_3,router_4_3,3.3001,0.875121
181,router_6_3,router_3_3,2.1000,0.812661
182,router_7_3,router_3_3,2.4000,0.753479
183,router_7_3,router_3_3,2.4000,0.754824
184,router_7_3,router_3_3,1.9000,0.754824
185,router_7_3,router_2_3,7.1001,0.689955
187,router_5_3,router_4_3,0.5000,0.949813
187,router_5_3,router_4_3,0.5000,0.949813
188,router_6_3,router_4_3,1.8000,0.877627
189,router_6_3,router_4_3,1.3000,0.878464
190,router_6_3,router_3_3,2.1000,0.812661
191,router_6_3,router_3_3,2.9001,0.812511
192,router_7_3,router_3_3,3.4001,0.750801
193,router_7_3,router_3_3,2.4000,0.753479
194,router_7_3,router_2_3,3.1000,0.701244
195,router_7_3,router_2_3,4.6001,0.695267
196,router_5_3,router_4_3,0.5000,0.949813
197,router_5_3,router_4_3,0.5000,0.949813
198,router_6_3,router_4_3,6.2000,0.870305
199,router_6_3,router_4_3,4.8001,0.871796
200,router_6_3,router_3_3,4.4001,0.804321
201,router_6_3,router_3_3,4.6001,0.809668
202,router_7_3,router_3_3,3.9001,0.750134
203,router_7_3,router_3_3,1.9000,0.754824
204,router_7_3,router_2_3,5.6001,0.692898
205,router_7_3,router_2_3,4.6001,0.695267
206,router_5_3,router_4_3,0.5000,0.949813
207,router_5_3,router_4_3,0.5000,0.949813
208,router_5_3,router_4_3,2.0000,0.949813
209,router_6_3,router_4_3,1.8001,0.876790
210,router_6_3,router_3_3,4.9001,0.805801
211,router_6_3,router_3_3,1.6000,0.813412
212,router_6_3,router_3_3,2.1000,0.812661
213,router_7_3,router_3_3,2.9001,0.752138
214,router_7_3,router_2_3,4.1001,0.698245
215,router_7_3,router_2_3,7.1001,0.687032
216,router_7_3,router_2_3,3.6000,0.699442
217,router_5_3,router_4_3,2.0001,0.949813
218,router_5_3,router_4_3,0.5000,0.949813
219,router_5_3,router_4_3,0.5000,0.949813
220,router_6_3,router_4_3,1.3000,0.877627
221,router_6_3,router_3_3,2.1000,0.812661
222,router_6_3,router_3_3,2.9001,0.809519
223,router_6_3,router_3_3,2.9000,0.809519
224,router_7_3,router_3_3,2.9001,0.752808
225,router_7_3,router_2_3,4.6001,0.694673
226,router_7_3,router_2_3,3.6000,0.699442
227,router_7_3,router_2_3,5.1001,0.693489
228,router_5_3,router_4_3,2.0000,0.949813
229,router_5_3,router_4_3,1.5000,0.949813
230,router_5_3,router_4_3,3.0001,0.949813
231,router_5_3,router_4_3,0.5000,0.949813
232,router_6_3,router_3_3,3.4001,0.807285
233,router_6_3,router_3_3,6.6001,0.805949
234,router_6_3,router_3_3,3.1001,0.811162
235,router_6_3,router_3_3,3.9001,0.808773
236,router_7_3,router_2_3,3.6000,0.700042
237,router_7_3,router_2_3,3.1000,0.700642
238,router_7_3,router_2_3,4.1001,0.698245
239,router_7_3,router_2_3,4.1001,0.697051
241,router_5_3,router_4_3,1.0000,0.949813
242,router_5_3,router_4_3,0.5000,0.949813
243,router_5_3,router_4_3,2.0001,0.949813
243,router_5_3,router_4_3,2.0000,0.949813
244,router_6_3,router_3_3,1.4000,0.813261
245,router_6_3,router_3_3,1.9000,0.811761
246,router_6_3,router_3_3,2.4000,0.811013
247,router_6_3,router_3_3,2.9000,0.809519
248,router_7_3,router_2_3,4.2001,0.700402
249,router_7_3,router_2_3,4.6001,0.695861
250,router_7_3,router_2_3,4.1001,0.696456
251,router_7_3,router_2_3,4.6001,0.697648
253,router_5_3,router_4_3,0.5000,0.949813
254,router_5_3,router_4_3,0.5000,0.949813
254,router_5_3,router_4_3,1.0000,0.949813
255,router_5_3,router_3_3,3.8001,0.875121
256,router_6_3,router_3_3,1.4000,0.813261
257,router_6_3,router_3_3,3.9001,0.809519
258,router_6_3,router_3_3,1.9000,0.813261
259,router_6_3,router_2_3,2.4000,0.753479
260,router_7_3,router_2_3,5.1001,0.695267
261,router_7_3,router_2_3,3.2001,0.701605
262,router_7_3,router_2_3,3.1000,0.700042
263,router_7_3,router_1_3,5.1001,0.649603
264,router_5_3,router_4_3,1.5000,0.949813
265,router_5_3,router_4_3,0.5000,0.949813
266,router_5_3,router_4_3,2.0000,0.949813
267,router_5_3,router_3_3,2.3001,0.876790
268,router_6_3,router_3_3,3.4001,0.808773
269,router_6_3,router_3_3,2.4000,0.810265
270,router_6_3,router_3_3,4.4001,0.807285
271,router_6_3,router_2_3,2.4000,0.753479
272,router_7_3,router_2_3,4.1001,0.699442
273,router_7_3,router_2_3,3.6000,0.698843
274,router_7_3,router_2_3,4.6001,0.694673
275,router_7_3,router_1_3,6.5001,0.645574
276,router_5_3,router_4_3,1.0000,0.949813
276,router_5_3,router_4_3,0.5000,0.949813
278,router_5_3,router_3_3,1.3000,0.877627
279,router_5_3,router_3_3,1.3000,0.878464
280,router_6_3,router_3_3,2.9001,0.809519
281,router_6_3,router_3_3,2.9000,0.809519
282,router_6_3,router_2_3,2.4000,0.753479
283,router_6_3,router_2_3,1.9000,0.754824
284,router_7_3,router_2_3,6.6001,0.694081
285,router_7_3,router_2_3,4.6001,0.695267
286,router_7_3,router_1_3,3.1000,0.654967
287,router_7_3,router_1_3,5.1001,0.648008
288,router_5_3,router_4_3,1.5000,0.949813
289,router_5_3,router_4_3,0.5000,0.949813
290,router_5_3,router_3_3,4.3001,0.873456
291,router_5_3,router_3_3,1.8000,0.876790
292,router_6_3,router_3_3,1.4000,0.813261
293,router_6_3,router_3_3,4.4001,0.807285
294,router_6_3,router_2_3,3.4001,0.750801
295,router_6_3,router_2_3,1.9000,0.754824
296,router_7_3,router_2_3,4.1001,0.696456
297,router_7_3,router_2_3,4.1001,0.698245
298,router_7_3,router_1_3,4.6001,0.651205
299,router_7_3,router_1_3,5.0001,0.650884
300,router_5_3,router_4_3,1.0000,0.949813
301,router_5_3,router_3_3,2.8001,0.875121
302,router_5_3,router_3_3,1.8000,0.876790
303,router_5_3,router_3_3,1.3000,0.877627
304,router_6_3,router_3_3,1.9000,0.812511
305,router_6_3,router_2_3,2.9000,0.752138
306,router_6_3,router_2_3,5.9001,0.746148
307,router_6_3,router_2_3,2.4000,0.753479
308,router_7_3,router_2_3,4.2001,0.700402
309,router_7_3,router_1_3,5.0001,0.650884
310,router_7_3,router_1_3,3.6000,0.653350
311,router_7_3,router_1_3,4.5001,0.652491
312,router_5_3,router_4_3,1.5000,0.949813
313,router_5_3,router_3_3,1.8000,0.877627
314,router_5_3,router_3_3,4.3001,0.872625
315,router_5_3,router_3_3,2.3001,0.875955
316,router_6_3,router_3_3,3.4001,0.808773
317,router_6_3,router_2_3,1.9000,0.755497
318,router_6_3,router_2_3,3.9001,0.749467
319,router_6_3,router_2_3,6.9002,0.745487
320,router_7_3,router_2_3,6.1001,0.689955
321,router_7_3,router_1_3,4.6001,0.649603
322,router_7_3,router_1_3,5.5001,0.649816
323,router_7_3,router_1_3,4.5001,0.651954
324,router_5_3,router_3_3,3.8001,0.875121
325,router_5_3,router_3_3,1.3000,0.877627
326,router_5_3,router_3_3,4.8001,0.873456
327,router_5_3,router_3_3,1.3000,0.877627
328,router_6_3,router_2_3,1.9000,0.754824
329,router_6_3,router_2_3,3.4001,0.752138
330,router_6_3,router_2_3,2.9000,0.752138
331,router_6_3,router_2_3,2.9000,0.753479
332,router_7_3,router_1_3,4.1001,0.652813
333,router_7_3,router_1_3,3.6000,0.652813
334,router_7_3,router_1_3,3.1000,0.654427
335,router_7_3,router_1_3,4.1001,0.651740
336,router_5_3,router_3_3,5.8001,0.870967
337,router_5_3,router_3_3,1.3000,0.877627
338,router_5_3,router_3_3,1.3000,0.877627
339,router_5_3,router_3_3,1.3000,0.877627
340,router_6_3,router_2_3,2.9001,0.753479
341,router_6_3,router_2_3,2.4000,0.753479
342,router_6_3,router_2_3,2.4000,0.754151
343,router_6_3,router_2_3,2.9000,0.752808
344,router_7_3,router_1_3,7.6001,0.640127
345,router_7_3,router_1_3,3.6000,0.653889
346,router_7_3,router_1_3,5.1001,0.649071
347,router_7_3,router_1_3,3.6000,0.653350
348,router_4_3,router_3_3,4.0001,0.949813
349,router_5_3,router_3_3,2.8001,0.875121
350,router_5_3,router_3_3,1.3000,0.877627
351,router_5_3,router_3_3,6.3002,0.870967
352,router_5_3,router_2_3,3.1001,0.811162
353,router_6_3,router_2_3,1.9000,0.754824
354,router_6_3,router_2_3,4.4001,0.750134
355,router_6_3,router_2_3,2.4000,0.754151
356,router_6_3,router_1_3,5.1001,0.695267
357,router_7_3,router_1_3,4.1001,0.651205
358,router_7_3,router_1_3,4.1001,0.652276
359,router_7_3,router_1_3,5.6001,0.648008
360,router_7_3,router_0_3,3.8001,0.611889
361,router_4_3,router_3_3,0.5000,0.949813
362,router_5_3,router_3_3,1.3000,0.877627
363,router_5_3,router_3_3,1.3000,0.877627
364,router_5_3,router_3_3,3.8001,0.873456
365,router_5_3,router_2_3,2.9001,0.808773
366,router_6_3,router_2_3,1.9000,0.754824
367,router_6_3,router_2_3,5.4001,0.749467
368,router_6_3,router_2_3,2.9000,0.752808
369,router_6_3,router_1_3,4.1001,0.698245
370,router_7_3,router_1_3,6.6001,0.646419
371,router_7_3,router_1_3,3.5001,0.653566
372,router_7_3,router_1_3,5.6001,0.648008
373,router_7_3,router_0_3,7.1001,0.602460
375,router_4_3,router_3_3,0.5000,0.949813
375,router_4_3,router_3_3,2.5001,0.949813
376,router_5_3,router_3_3,3.3001,0.875121
377,router_5_3,router_3_3,0.8000,0.878464
378,router_5_3,router_2_3,2.4000,0.811761
379,router_5_3,router_2_3,1.6000,0.813412
380,router_6_3,router_2_3,1.9000,0.755497
381,router_6_3,router_2_3,1.9000,0.754824
382,router_6_3,router_1_3,7.1001,0.688784
383,router_6_3,router_1_3,3.1000,0.701244
384,router_7_3,router_1_3,6.1001,0.645891
385,router_7_3,router_1_3,4.1001,0.651205
386,router_7_3,router_0_3,4.1001,0.609580
387,router_7_3,router_0_3,5.1001,0.607667
388,router_4_3,router_3_3,2.0001,0.949813
389,router_4_3,router_3_3,0.5000,0.949813
390,router_5_3,router_3_3,1.3000,0.878464
391,router_5_3,router_3_3,2.3001,0.875955
392,router_5_3,router_2_3,1.4000,0.813261
393,router_5_3,router_2_3,2.9000,0.811013
394,router_6_3,router_2_3,4.4001,0.751469
395,router_6_3,router_2_3,1.9000,0.756172
396,router_6_3,router_1_3,4.1001,0.697051
397,router_6_3,router_1_3,4.6001,0.695267
398,router_7_3,router_1_3,3.6000,0.653350
399,router_7_3,router_1_3,4.6001,0.650136
400,router_7_3,router_0_3,3.6000,0.611503
401,router_7_3,router_0_3,3.6000,0.611985
402,router_4_3,router_3_3,0.5000,0.949813
403,router_4_3,router_3_3,1.5000,0.949813
404,router_4_3,router_3_3,2.5001,0.949813
405,router_5_3,router_3_3,2.8001,0.875121
406,router_5_3,router_2_3,2.1000,0.812661
407,router_5_3,router_2_3,1.9000,0.812511
408,router_5_3,router_2_3,1.9000,0.811761
409,router_6_3,router_2_3,3.9001,0.751469
410,router_6_3,router_1_3,5.6001,0.693489
411,router_6_3,router_1_3,3.6000,0.698843
412,router_6_3,router_1_3,4.6001,0.694673
413,router_7_3,router_1_3,7.0001,0.647160
414,router_7_3,router_0_3,4.1001,0.610348
415,router_7_3,router_0_3,3.8001,0.612372
416,router_7_3,router_0_3,9.6002,0.595020
418,router_4_3,router_3_3,1.5000,0.949813
419,router_4_3,router_3_3,1.5000,0.949813
419,router_4_3,router_3_3,0.5000,0.949813
420,router_5_3,router_3_3,1.8000,0.876790
421,router_5_3,router_2_3,2.4000,0.813261
422,router_5_3,router_2_3,2.4000,0.810265
423,router_5_3,router_2_3,2.9000,0.809519
424,router_6_3,router_2_3,3.4001,0.752808
425,router_6_3,router_1_3,5.1001,0.694673
426,router_6_3,router_1_3,3.6000,0.700642
427,router_6_3,router_1_3,3.6000,0.700642
428,router_7_3,router_1_3,4.1001,0.651740
429,router_7_3,router_0_3,6.1001,0.604817
430,router_7_3,router_0_3,6.1001,0.604817
431,router_7_3,router_0_3,6.6001,0.604817
433,router_4_3,router_3_3,0.5000,0.949813
434,router_4_3,router_3_3,1.5000,0.949813
435,router_4_3,router_3_3,1.0000,0.949813
435,router_4_3,router_3_3,0.5000,0.949813
436,router_5_3,router_2_3,1.9000,0.811761
437,router_5_3,router_2_3,4.9001,0.802844
438,router_5_3,router_2_3,1.9000,0.811761
439,router_5_3,router_2_3,1.9000,0.812511
440,router_6_3,router_1_3,4.1001,0.697051
441,router_6_3,router_1_3,4.1001,0.696456
442,router_6_3,router_1_3,3.6000,0.699442
443,router_6_3,router_1_3,4.1001,0.697648
444,router_7_3,router_0_3,6.1001,0.605101
445,router_7_3,router_0_3,4.1001,0.611310
446,router_7_3,router_0_3,5.6001,0.606240
447,router_7_3,router_0_3,5.1001,0.606240
448,router_4_3,router_3_3,0.5000,0.949813
449,router_4_3,router_3_3,1.0000,0.949813
450,router_4_3,router_3_3,0.5000,0.949813
451,router_4_3,router_3_3,0.5000,0.949813
452,router_5_3,router_2_3,1.9000,0.811761
453,router_5_3,router_2_3,2.9000,0.808773
454,router_5_3,router_2_3,2.4000,0.810265
455,router_5_3,router_2_3,5.9001,0.799904
456,router_6_3,router_1_3,4.1001,0.696456
457,router_6_3,router_1_3,3.1000,0.700042
458,router_6_3,router_1_3,3.6000,0.700042
459,router_6_3,router_1_3,5.6001,0.694081
460,router_7_3,router_0_3,4.6001,0.610348
461,router_7_3,router_0_3,3.6000,0.611792
462,router_7_3,router_0_3,4.1001,0.610540
463,router_7_3,router_0_3,7.1001,0.601053
464,router_4_3,router_3_3,0.5000,0.949813
465,router_4_3,router_3_3,2.0001,0.949813
466,router_4_3,router_3_3,0.5000,0.949813
467,router_4_3,router_2_3,6.3002,0.870140
468,router_5_3,router_2_3,1.4000,0.813261
469,router_5_3,router_2_3,1.9000,0.811761
470,router_5_3,router_2_3,1.9000,0.812511
471,router_5_3,router_1_3,2.4000,0.754151
472,router_6_3,router_1_3,4.6001,0.698245
473,router_6_3,router_1_3,4.1001,0.697648
474,router_6_3,router_1_3,4.6001,0.695267
475,router_6_3,router_0_3,4.6001,0.650670
476,router_7_3,router_0_3,3.6000,0.611503
477,router_7_3,router_0_3,3.1000,0.613436
478,router_7_3,router_0_3,4.1001,0.611985
479,router_7_3,router_7_2,1.0000,0.949813
481,router_4_3,router_3_3,0.5000,0.949813
482,router_4_3,router_3_3,0.5000,0.949813
482,router_4_3,router_3_3,1.0000,0.949813
483,router_4_3,router_2_3,4.3001,0.873456
484,router_5_3,router_2_3,2.4000,0.810265
485,router_5_3,router_2_3,4.9001,0.803582
486,router_5_3,router_2_3,1.4000,0.813261
487,router_5_3,router_1_3,1.9000,0.754824
488,router_6_3,router_1_3,4.1001,0.697051
489,router_6_3,router_1_3,5.1001,0.693489
490,router_6_3,router_1_3,5.1001,0.697648
491,router_6_3,router_0_3,4.1001,0.652813
492,router_7_3,router_0_3,3.6000,0.611985
493,router_7_3,router_0_3,5.1001,0.607667
494,router_7_3,router_0_3,5.1001,0.607667
495,router_7_3,router_7_2,1.5000,0.949813
496,router_4_3,router_3_3,1.0000,0.949813
497,router_4_3,router_3_3,1.5000,0.949813
498,router_4_3,router_2_3,2.8001,0.875121
499,router_4_3,router_2_3,1.3000,0.877627
500,router_5_3,router_2_3,3.9001,0.807285
501,router_5_3,router_2_3,3.4001,0.808029
502,router_5_3,router_1_3,2.9000,0.754151
503,router_5_3,router_1_3,3.4001,0.751469
504,router_6_3,router_1_3,4.6001,0.696456
505,router_6_3,router_1_3,5.1001,0.695861
506,router_6_3,router_0_3,4.6001,0.649603
507,router_6_3,router_0_3,4.1001,0.651740
508,router_7_3,router_0_3,4.6001,0.607667
509,router_7_3,router_0_3,5.1001,0.607191
510,router_7_3,router_7_2,1.0000,0.949813
511,router_7_3,router_7_2,2.0001,0.949813
513,router_4_3,router_3_3,1.0000,0.949813
513,router_4_3,router_3_3,0.5000,0.949813
515,router_4_3,router_2_3,2.2000,0.877794
515,router_4_3,router_2_3,2.8001,0.876790
516,router_5_3,router_2_3,2.9001,0.809519
517,router_5_3,router_2_3,1.9000,0.811761
518,router_5_3,router_1_3,2.9000,0.752138
519,router_5_3,router_1_3,3.4001,0.751469
520,router_6_3,router_1_3,4.6001,0.695267
521,router_6_3,router_1_3,5.1001,0.695267
522,router_6_3,router_0_3,4.6001,0.651205
523,router_6_3,router_0_3,5.1001,0.649603
524,router_7_3,router_0_3,4.6001,0.609580
525,router_7_3,router_0_3,3.6000,0.612952
526,router_7_3,router_7_2,0.5000,0.949813
527,router_7_3,router_7_2,2.0001,0.949813
528,router_4_3,router_3_3,0.5000,0.949813
529,router_4_3,router_2_3,2.3001,0.876790
530,router_4_3,router_2_3,2.8001,0.875121
531,router_4_3,router_2_3,1.3000,0.878464
532,router_5_3,router_2_3,3.9001,0.807285
533,router_5_3,router_1_3,2.9000,0.752808
534,router_5_3,router_1_3,2.9000,0.752138
535,router_5_3,router_1_3,2.4000,0.753479
536,router_6_3,router_1_3,3.1000,0.700642
537,router_6_3,router_0_3,4.1001,0.651205
538,router_6_3,router_0_3,5.1001,0.648008
539,router_6_3,router_0_3,4.1001,0.651740
540,router_7_3,router_0_3,10.1002,0.597328
541,router_7_3,router_7_2,2.0000,0.949813
542,router_7_3,router_7_2,2.0001,0.949813
543,router_7_3,router_7_2,1.5000,0.949813
544,router_4_3,router_3_3,0.5000,0.949813
545,router_4_3,router_2_3,3.1001,0.875455
546,router_4_3,router_2_3,1.8000,0.876790
547,router_4_3,router_2_3,2.8001,0.875121
548,router_5_3,router_2_3,3.1001,0.811162
549,router_5_3,router_1_3,4.4001,0.749467
550,router_5_3,router_1_3,2.4000,0.754151
551,router_5_3,router_1_3,2.4000,0.754151
552,router_6_3,router_1_3,4.1001,0.698843
553,router_6_3,router_0_3,4.1001,0.652813
554,router_6_3,router_0_3,4.1001,0.651740
555,router_6_3,router_0_3,3.6000,0.652813
556,router_7_3,router_0_3,5.6001,0.606240
557,router_7_3,router_7_2,1.0000,0.949813
558,router_7_3,router_7_2,0.5000,0.949813
559,router_7_3,router_7_2,1.5000,0.949813
560,router_4_3,router_2_3,1.3000,0.877627
561,router_4_3,router_2_3,3.3001,0.875121
562,router_4_3,router_2_3,1.8000,0.876790
563,router_4_3,router_2_3,4.3001,0.874288
564,router_5_3,router_1_3,2.4000,0.754151
565,router_5_3,router_1_3,6.4001,0.744827
566,router_5_3,router_1_3,3.4001,0.752808
567,router_5_3,router_1_3,1.4000,0.756172
568,router_6_3,router_0_3,4.1001,0.652276
569,router_6_3,router_0_3,7.1001,0.643260
570,router_6_3,router_0_3,4.0001,0.652491
571,router_6_3,router_0_3,4.6001,0.649603
572,router_7_3,router_7_2,2.0000,0.949813
572,router_7_3,router_7_2,0.5000,0.949813
573,router_7_3,router_7_2,0.5000,0.949813
574,router_7_3,router_7_2,0.5000,0.949813
576,router_4_3,router_2_3,1.8000,0.877627
577,router_4_3,router_2_3,2.8001,0.875955
578,router_4_3,router_2_3,2.3001,0.875955
579,router_4_3,router_2_3,1.3000,0.877627
580,router_5_3,router_1_3,2.9001,0.752808
581,router_5_3,router_1_3,2.4000,0.753479
582,router_5_3,router_1_3,5.4001,0.745487
583,router_5_3,router_1_3,2.9000,0.752138
584,router_6_3,router_0_3,3.5001,0.653566
585,router_6_3,router_0_3,4.6001,0.650136
586,router_6_3,router_0_3,6.0001,0.648220
587,router_6_3,router_0_3,5.1001,0.649603
588,router_7_3,router_7_2,0.5000,0.949813
589,router_7_3,router_7_2,1.0000,0.949813
590,router_7_3,router_7_2,0.5000,0.949813
591,router_7_3,router_7_2,3.0001,0.949813
592,router_3_3,router_2_3,0.5000,0.949813
593,router_4_3,router_2_3,1.8000,0.878464
594,router_4_3,router_2_3,3.3001,0.874288
595,router_4_3,router_2_3,6.3002,0.870967
596,router_4_3,router_1_3,1.9000,0.812511
597,router_5_3,router_1_3,3.9001,0.752808
598,router_5_3,router_1_3,3.4001,0.754151
599,router_5_3,router_1_3,3.4001,0.751469
600,router_5_3,router_0_3,4.1001,0.697648
601,router_6_3,router_0_3,7.1001,0.641690
602,router_6_3,router_0_3,3.5001,0.653566
603,router_6_3,router_0_3,7.1001,0.641690
604,router_6_3,router_7_2,1.5000,0.877292
605,router_7_3,router_7_2,0.5000,0.949813
606,router_7_3,router_7_2,2.0001,0.949813
607,router_7_3,router_7_2,1.0000,0.949813
608,router_7_3,router_6_2,3.8001,0.875121
609,router_3_3,router_2_3,5.0001,0.949813
610,router_4_3,router_2_3,1.8000,0.877627
612,router_4_3,router_2_3,2.2001,0.876957
612,router_4_3,router_2_3,1.3000,0.877627
613,router_4_3,router_1_3,1.6000,0.813412
614,router_5_3,router_1_3,3.9001,0.749467
615,router_5_3,router_1_3,4.9001,0.746810
616,router_5_3,router_1_3,2.4000,0.754151
617,router_5_3,router_0_3,3.1000,0.700642
618,router_6_3,router_0_3,5.1001,0.651205
619,router_6_3,router_0_3,6.1001,0.646419
620,router_6_3,router_0_3,10.1002,0.632912
621,router_6_3,router_7_2,1.5000,0.878129
622,router_7_3,router_7_2,0.5000,0.949813
623,router_7_3,router_7_2,0.5000,0.949813
624,router_7_3,router_7_2,1.0000,0.949813
625,router_7_3,router_6_2,1.8000,0.876790
627,router_3_3,router_2_3,0.5000,0.949813
627,router_3_3,router_2_3,0.5000,0.949813
629,router_4_3,router_2_3,2.2001,0.876122
629,router_4_3,router_2_3,2.3001,0.876790
630,router_4_3,router_1_3,1.9000,0.811761
631,router_4_3,router_1_3,2.4000,0.810265
632,router_5_3,router_1_3,6.9002,0.741539
633,router_5_3,router_1_3,2.4000,0.754151
634,router_5_3,router_0_3,5.6001,0.692898
635,router_5_3,router_0_3,4.6001,0.696456
636,router_6_3,router_0_3,3.1000,0.654427
637,router_6_3,router_0_3,3.6000,0.652813
638,router_6_3,router_7_2,1.1000,0.877961
639,router_6_3,router_7_2,4.7001,0.871962
641,router_7_3,router_7_2,0.5000,0.949813
641,router_7_3,router_7_2,1.0000,0.949813
643,router_7_3,router_6_2,2.2000,0.877794
643,router_7_3,router_6_2,3.3001,0.875121
644,router_3_3,router_2_3,3.0001,0.949813
645,router_3_3,router_2_3,1.0000,0.949813
647,router_4_3,router_2_3,1.3000,0.877627
647,router_4_3,router_2_3,2.8001,0.877627
648,router_4_3,router_1_3,1.6000,0.813412
649,router_4_3,router_1_3,2.9001,0.809519
650,router_5_3,router_1_3,3.4001,0.750801
651,router_5_3,router_1_3,2.9000,0.752138
652,router_5_3,router_0_3,4.1001,0.697648
653,router_5_3,router_0_3,4.6001,0.695861
654,router_6_3,router_0_3,7.6002,0.641690
655,router_6_3,router_0_3,3.1000,0.654967
656,router_6_3,router_7_2,1.3000,0.878129
657,router_6_3,router_7_2,1.9001,0.876623
658,router_7_3,router_7_2,0.5000,0.949813
659,router_7_3,router_7_2,0.5000,0.949813
660,router_7_3,router_6_2,1.8000,0.876790
661,router_7_3,router_6_2,0.8000,0.878464
663,router_3_3,router_2_3,0.5000,0.949813
664,router_3_3,router_2_3,0.5000,0.949813
664,router_3_3,router_2_3,1.0000,0.949813
665,router_4_3,router_2_3,1.3000,0.877627
666,router_4_3,router_1_3,4.4001,0.805801
667,router_4_3,router_1_3,1.9000,0.811761
668,router_4_3,router_1_3,2.6000,0.812661
669,router_5_3,router_1_3,2.4000,0.754151
670,router_5_3,router_0_3,5.1001,0.694081
671,router_5_3,router_0_3,5.1001,0.693489
672,router_5_3,router_0_3,3.6000,0.700042
673,router_6_3,router_0_3,5.6001,0.646419
674,router_6_3,router_7_2,2.3001,0.875788
675,router_6_3,router_7_2,2.3001,0.875788
676,router_6_3,router_7_2,1.8000,0.876623
677,router_7_3,router_7_2,2.0000,0.949813
678,router_7_3,router_6_2,3.3001,0.876790
679,router_7_3,router_6_2,2.8001,0.875121
680,router_7_3,router_6_2,1.8000,0.877627
682,router_3_3,router_2_3,0.5000,0.949813
683,router_3_3,router_2_3,1.5000,0.949813
683,router_3_3,router_2_3,1.5000,0.949813
684,router_4_3,router_2_3,3.3001,0.874288
685,router_4_3,router_1_3,1.6000,0.813412
686,router_4_3,router_1_3,1.9000,0.811761
687,router_4_3,router_1_3,2.9000,0.811013
688,router_5_3,router_1_3,2.4000,0.753479
689,router_5_3,router_0_3,7.1001,0.688199
690,router_5_3,router_0_3,4.6001,0.694673
691,router_5_3,router_0_3,3.2001,0.702207
692,router_6_3,router_0_3,4.1001,0.651740
693,router_6_3,router_7_2,3.3001,0.874122
694,router_6_3,router_7_2,2.3001,0.876456
695,router_6_3,router_7_2,1.5000,0.878129
696,router_7_3,router_7_2,0.5000,0.949813
697,router_7_3,router_6_2,2.8001,0.878464
698,router_7_3,router_6_2,1.3000,0.877627
699,router_7_3,router_6_2,1.8000,0.878464
700,router_3_3,router_2_3,1.0000,0.949813
701,router_3_3,router_2_3,0.5000,0.949813
702,router_3_3,router_2_3,0.5000,0.949813
703,router_3_3,router_2_3,0.5000,0.949813
704,router_4_3,router_1_3,3.4001,0.808029
705,router_4_3,router_1_3,1.9000,0.812511
706,router_4_3,router_1_3,3.1001,0.811162
707,router_4_3,router_1_3,3.9001,0.806543
708,router_5_3,router_0_3,4.6001,0.697051
709,router_5_3,router_0_3,3.1000,0.700042
710,router_5_3,router_0_3,4.6001,0.694673
711,router_5_3,router_0_3,4.6001,0.694673
712,router_6_3,router_7_2,2.3001,0.875955
713,router_6_3,router_7_2,1.5000,0.877292
714,router_6_3,router_7_2,4.7001,0.873622
715,router_6_3,router_7_2,0.8000,0.878296
716,router_7_3,router_6_2,2.3001,0.875955
717,router_7_3,router_6_2,1.8000,0.876790
718,router_7_3,router_6_2,1.8000,0.876790
719,router_7_3,router_6_2,0.8000,0.878464
720,router_3_3,router_2_3,1.0000,0.949813
721,router_3_3,router_2_3,0.5000,0.949813
722,router_3_3,router_2_3,0.5000,0.949813
723,router_3_3,router_2_3,2.5001,0.949813
724,router_4_3,router_1_3,2.6001,0.811911
725,router_4_3,router_1_3,4.1001,0.809668
726,router_4_3,router_1_3,1.4000,0.813261
727,router_4_3,router_1_3,1.9000,0.811761
728,router_5_3,router_0_3,3.1000,0.700642
729,router_5_3,router_0_3,6.1001,0.694081
730,router_5_3,router_0_3,4.1001,0.697648
731,router_5_3,router_0_3,6.1001,0.692898
732,router_6_3,router_7_2,2.7000,0.875288
733,router_6_3,router_7_2,1.3000,0.878129
734,router_6_3,router_7_2,0.8000,0.878296
735,router_6_3,router_7_2,2.8001,0.874954
736,router_7_3,router_6_2,1.3000,0.877627
737,router_7_3,router_6_2,1.3000,0.877627
738,router_7_3,router_6_2,1.3000,0.877627
739,router_7_3,router_6_2,2.3001,0.875955
740,router_3_3,router_2_3,0.5000,0.949813
740,router_3_3,router_2_3,0.5000,0.949813
741,router_3_3,router_2_3,0.5000,0.949813
743,router_3_3,router_1_3,1.8000,0.877627
744,router_4_3,router_1_3,2.4000,0.811013
745,router_4_3,router_1_3,4.4001,0.805801
746,router_4_3,router_1_3,1.9000,0.811761
747,router_4_3,router_0_3,1.9000,0.754824
748,router_5_3,router_0_3,4.6001,0.697051
749,router_5_3,router_0_3,4.6001,0.696456
750,router_5_3,router_0_3,4.1001,0.697051
751,router_5_3,router_7_2,2.5001,0.811986
752,router_6_3,router_7_2,1.3000,0.877459
753,router_6_3,router_7_2,1.1000,0.877961
754,router_6_3,router_7_2,1.1000,0.877961
755,router_6_3,router_6_2,0.5000,0.949813
756,router_7_3,router_6_2,1.3000,0.877627
757,router_7_3,router_6_2,1.3000,0.877627
758,router_7_3,router_6_2,0.8000,0.878464
759,router_7_3,router_5_2,2.4000,0.810265
761,router_3_3,router_2_3,2.5001,0.949813
762,router_3_3,router_2_3,2.0000,0.949813
762,router_3_3,router_2_3,1.0000,0.949813
763,router_3_3,router_1_3,1.3000,0.877627
764,router_4_3,router_1_3,1.9000,0.811761
765,router_4_3,router_1_3,3.9001,0.808029
766,router_4_3,router_1_3,1.9000,0.811761
767,router_4_3,router_0_3,2.9000,0.752138
768,router_5_3,router_0_3,3.6000,0.700042
769,router_5_3,router_0_3,2.6000,0.701846
770,router_5_3,router_0_3,4.1001,0.698245
771,router_5_3,router_7_2,2.1000,0.811088
772,router_6_3,router_7_2,0.8000,0.878296
773,router_6_3,router_7_2,1.8000,0.877961
774,router_6_3,router_7_2,1.3000,0.878129
775,router_6_3,router_6_2,0.5000,0.949813
776,router_7_3,router_6_2,1.3000,0.877627
777,router_7_3,router_6_2,4.3001,0.872625
778,router_7_3,router_6_2,2.3001,0.877627
779,router_7_3,router_5_2,2.9001,0.812511
780,router_3_3,router_2_3,1.0000,0.949813
781,router_3_3,router_2_3,0.5000,0.949813
782,router_3_3,router_1_3,0.8000,0.878464
783,router_3_3,router_1_3,5.3001,0.870967
784,router_4_3,router_1_3,4.1001,0.809668
785,router_4_3,router_1_3,2.9001,0.809519
786,router_4_3,router_0_3,2.4000,0.753479
787,router_4_3,router_0_3,4.4001,0.750134
788,router_5_3,router_0_3,6.1001,0.689369
789,router_5_3,router_0_3,3.6000,0.699442
790,router_5_3,router_7_2,3.4001,0.809444
791,router_5_3,router_7_2,1.9000,0.812136
792,router_6_3,router_7_2,1.8000,0.876623
793,router_6_3,router_7_2,1.3000,0.877459
795,router_6_3,router_6_2,0.5000,0.949813
795,router_6_3,router_6_2,1.0000,0.949813
796,router_7_3,router_6_2,0.8000,0.878464
797,router_7_3,router_6_2,2.3001,0.877627
798,router_7_3,router_5_2,1.4000,0.813261
799,router_7_3,router_5_2,2.4000,0.812511
800,router_3_3,router_2_3,0.5000,0.949813
801,router_3_3,router_2_3,1.5000,0.949813
803,router_3_3,router_1_3,1.8000,0.877627
803,router_3_3,router_1_3,2.3001,0.876790
804,router_4_3,router_1_3,2.9001,0.811013
805,router_4_3,router_1_3,2.4000,0.810265
806,router_4_3,router_0_3,2.4000,0.754151
807,router_4_3,router_0_3,3.4001,0.752808
808,router_5_3,router_0_3,4.6001,0.694673
809,router_5_3,router_0_3,4.1001,0.697051
810,router_5_3,router_7_2,1.9000,0.811537
811,router_5_3,router_7_2,1.9000,0.812136
812,router_6_3,router_7_2,1.3000,0.877459
813,router_6_3,router_7_2,2.3000,0.875788
815,router_6_3,router_6_2,0.5000,0.949813
815,router_6_3,router_6_2,1.5000,0.949813
816,router_7_3,router_6_2,2.3001,0.875955
817,router_7_3,router_6_2,2.8001,0.875955
818,router_7_3,router_5_2,3.4001,0.808029
819,router_7_3,router_5_2,2.1000,0.812661
820,router_3_3,router_2_3,0.5000,0.949813
822,router_3_3,router_1_3,1.3000,0.877627
823,router_3_3,router_1_3,2.7000,0.876122
823,router_3_3,router_1_3,1.3000,0.877627
824,router_4_3,router_1_3,1.9000,0.812511
825,router_4_3,router_0_3,2.4000,0.754151
826,router_4_3,router_0_3,1.9000,0.754824
827,router_4_3,router_0_3,3.4001,0.751469
828,router_5_3,router_0_3,5.1001,0.696456
829,router_5_3,router_7_2,2.4000,0.811237
830,router_5_3,router_7_2,2.2000,0.813036
831,router_5_3,router_7_2,3.9001,0.807954
832,router_6_3,router_7_2,5.1001,0.872958
833,router_6_3,router_6_2,0.5000,0.949813
834,router_6_3,router_6_2,1.0000,0.949813
835,router_6_3,router_6_2,0.5000,0.949813
836,router_7_3,router_6_2,6.3002,0.869314
837,router_7_3,router_5_2,1.4000,0.813261
838,router_7_3,router_5_2,1.4000,0.813261
839,router_7_3,router_5_2,3.9001,0.806543
840,router_3_3,router_2_3,2.5001,0.949813
841,router_3_3,router_1_3,1.3000,0.877627
842,router_3_3,router_1_3,2.3000,0.877627
843,router_3_3,router_1_3,0.8000,0.878464
844,router_4_3,router_1_3,4.9001,0.803582
845,router_4_3,router_0_3,2.9000,0.754151
846,router_4_3,router_0_3,2.9000,0.752808
847,router_4_3,router_0_3,3.9001,0.750134
848,router_5_3,router_0_3,6.1001,0.691719
849,router_5_3,router_7_2,3.3001,0.807508
850,router_5_3,router_7_2,2.9000,0.809743
851,router_5_3,router_7_2,1.4000,0.813637
852,router_6_3,router_7_2,1.8001,0.876623
853,router_6_3,router_6_2,0.5000,0.949813
854,router_6_3,router_6_2,0.5000,0.949813
855,router_6_3,router_6_2,0.5000,0.949813
856,router_7_3,router_6_2,1.3000,0.877627
857,router_7_3,router_5_2,1.9000,0.811761
858,router_7_3,router_5_2,2.9000,0.811013
859,router_7_3,router_5_2,1.9000,0.812511
860,router_3_3,router_1_3,3.3001,0.874288
861,router_3_3,router_1_3,2.8001,0.875121
862,router_3_3,router_1_3,2.3001,0.877627
863,router_3_3,router_1_3,2.8001,0.875121
864,router_4_3,router_0_3,3.9001,0.750801
865,router_4_3,router_0_3,2.9000,0.753479
866,router_4_3,router_0_3,2.4000,0.754151
867,router_4_3,router_0_3,2.9000,0.752808
868,router_5_3,router_7_2,3.4001,0.808252
869,router_5_3,router_7_2,1.7000,0.812886
870,router_5_3,router_7_2,1.4000,0.813637
871,router_5_3,router_7_2,2.4000,0.811836
873,router_6_3,router_6_2,2.0000,0.949813
874,router_6_3,router_6_2,1.0000,0.949813
875,router_6_3,router_6_2,1.5000,0.949813
875,router_6_3,router_6_2,1.0000,0.949813
876,router_7_3,router_5_2,1.9000,0.812511
877,router_7_3,router_5_2,4.4001,0.805801
878,router_7_3,router_5_2,1.6000,0.813412
879,router_7_3,router_5_2,2.9001,0.810265
880,router_3_3,router_1_3,2.2000,0.877794
881,router_3_3,router_1_3,0.8000,0.878464
882,router_3_3,router_1_3,2.8001,0.878464
883,router_3_3,router_1_3,1.3000,0.877627
884,router_4_3,router_0_3,3.4001,0.750801
885,router_4_3,router_0_3,3.4001,0.750801
886,router_4_3,router_0_3,3.4001,0.750801
887,router_4_3,router_0_3,3.4001,0.753479
888,router_5_3,router_7_2,3.0001,0.811237
889,router_5_3,router_7_2,2.4000,0.811836
890,router_5_3,router_7_2,2.4000,0.810639
891,router_5_3,router_7_2,1.7000,0.812286
892,router_6_3,router_6_2,0.5000,0.949813
893,router_6_3,router_6_2,0.5000,0.949813
894,router_6_3,router_6_2,1.0000,0.949813
895,router_6_3,router_6_2,1.5000,0.949813
896,router_7_3,router_5_2,2.4000,0.812511
897,router_7_3,router_5_2,2.6000,0.811911
898,router_7_3,router_5_2,2.4000,0.811013
899,router_7_3,router_5_2,1.9000,0.813261
900,router_2_3,router_1_3,0.5000,0.949813
902,router_3_3,router_1_3,1.3000,0.877627
903,router_3_3,router_1_3,3.6000,0.873789
903,router_3_3,router_1_3,2.3001,0.876790
904,router_3_3,router_0_3,1.4000,0.813261
905,router_4_3,router_0_3,2.9000,0.752808
906,router_4_3,router_0_3,1.9000,0.754824
907,router_4_3,router_0_3,2.9000,0.752808
908,router_4_3,router_7_2,1.7000,0.755093
909,router_5_3,router_7_2,2.6001,0.812436
910,router_5_3,router_7_2,2.9001,0.810340
911,router_5_3,router_7_2,3.3001,0.808699
912,router_5_3,router_6_2,1.3000,0.878129
913,router_6_3,router_6_2,2.0000,0.949813
914,router_6_3,router_6_2,1.0000,0.949813
915,router_6_3,router_6_2,0.5000,0.949813
916,router_6_3,router_5_2,1.8000,0.877627
917,router_7_3,router_5_2,3.1001,0.811911
918,router_7_3,router_5_2,3.4001,0.808029
919,router_7_3,router_5_2,3.1001,0.811911
920,router_7_3,router_4_2,3.4001,0.750801
921,router_2_3,router_1_3,1.0000,0.949813
923,router_3_3,router_1_3,2.3000,0.875955
924,router_3_3,router_1_3,2.2000,0.876122
924,router_3_3,router_1_3,1.8000,0.876790
925,router_3_3,router_0_3,2.9001,0.811761
926,router_4_3,router_0_3,3.9001,0.749467
927,router_4_3,router_0_3,3.4001,0.751469
928,router_4_3,router_0_3,2.4000,0.754151
929,router_4_3,router_7_2,2.9001,0.752004
930,router_5_3,router_7_2,5.9001,0.802623
931,router_5_3,router_7_2,3.4001,0.808848
932,router_5_3,router_7_2,1.7000,0.812286
933,router_5_3,router_6_2,0.8000,0.878296
935,router_6_3,router_6_2,3.5001,0.949813
936,router_6_3,router_6_2,4.0001,0.949813
936,router_6_3,router_6_2,0.5000,0.949813
937,router_6_3,router_5_2,0.8000,0.878464
938,router_7_3,router_5_2,2.9001,0.810265
939,router_7_3,router_5_2,2.9000,0.808773
940,router_7_3,router_5_2,3.1001,0.811162
941,router_7_3,router_4_2,2.4000,0.754151
942,router_2_3,router_1_3,0.5000,0.949813
943,router_2_3,router_1_3,3.0001,0.949813
945,router_3_3,router_1_3,2.3000,0.875955
945,router_3_3,router_1_3,0.8000,0.878464
946,router_3_3,router_0_3,2.4000,0.811013
947,router_3_3,router_0_3,2.4000,0.810265
948,router_4_3,router_0_3,4.4001,0.748802
949,router_4_3,router_0_3,2.9000,0.753479
950,router_4_3,router_7_2,2.4000,0.753748
951,router_4_3,router_7_2,2.4000,0.753211
952,router_5_3,router_7_2,2.9000,0.810340
953,router_5_3,router_7_2,2.6000,0.811986
954,router_5_3,router_6_2,2.3000,0.875788
955,router_5_3,router_6_2,1.8000,0.877292
956,router_6_3,router_6_2,0.5000,0.949813
957,router_6_3,router_6_2,0.5000,0.949813
958,router_6_3,router_5_2,1.8000,0.876790
959,router_6_3,router_5_2,1.8000,0.876790
960,router_7_3,router_5_2,1.9000,0.813261
961,router_7_3,router_5_2,1.9000,0.811761
962,router_7_3,router_4_2,5.4001,0.746148
963,router_7_3,router_4_2,2.4000,0.754824
965,router_2_3,router_1_3,2.0000,0.949813
965,router_2_3,router_1_3,0.5000,0.949813
967,router_3_3,router_1_3,2.8001,0.875955
967,router_3_3,router_1_3,1.8000,0.876790
968,router_3_3,router_0_3,2.4000,0.811761
969,router_3_3,router_0_3,3.4001,0.808029
970,router_4_3,router_0_3,3.4001,0.751469
971,router_4_3,router_0_3,2.9000,0.752138
972,router_4_3,router_7_2,2.9001,0.752406
973,router_4_3,router_7_2,2.5000,0.753076
974,router_5_3,router_7_2,2.9000,0.810191
975,router_5_3,router_7_2,2.1000,0.811686
976,router_5_3,router_6_2,1.9000,0.876623
977,router_5_3,router_6_2,4.3001,0.873124
978,router_6_3,router_6_2,1.0000,0.949813
979,router_6_3,router_6_2,0.5000,0.949813
980,router_6_3,router_5_2,2.8001,0.875121
981,router_6_3,router_5_2,1.3000,0.877627
982,router_7_3,router_5_2,2.1000,0.812661
983,router_7_3,router_5_2,1.9000,0.812511
984,router_7_3,router_4_2,2.4000,0.754151
985,router_7_3,router_4_2,5.4001,0.748802
987,router_2_3,router_1_3,4.5001,0.949813
988,router_2_3,router_1_3,2.5001,0.949813
988,router_2_3,router_1_3,0.5000,0.949813
989,router_3_3,router_1_3,1.3000,0.877627
990,router_3_3,router_0_3,3.4001,0.808029
991,router_3_3,router_0_3,2.4000,0.810265
992,router_3_3,router_0_3,1.9000,0.812511
993,router_4_3,router_0_3,2.9000,0.753479
994,router_4_3,router_7_2,2.5000,0.754016
995,router_4_3,router_7_2,4.4001,0.747871
996,router_4_3,router_7_2,2.9000,0.752942
997,router_5_3,router_7_2,2.1000,0.812436
998,router_5_3,router_6_2,2.8001,0.875621
999,router_5_3,router_6_2,1.3000,0.878129
1000,router_5_3,router_6_2,0.8000,0.878296
1001,router_6_3,router_6_2,0.5000,0.949813
1002,router_6_3,router_5_2,0.8000,0.878464
1003,router_6_3,router_5_2,0.8000,0.878464
1004,router_6_3,router_5_2,1.3000,0.877627
1005,router_7_3,router_5_2,1.9000,0.813261
1006,router_7_3,router_4_2,4.9001,0.752138
1007,router_7_3,router_4_2,8.4002,0.738273
1008,router_7_3,router_4_2,3.4001,0.751469
1010,router_2_3,router_1_3,0.5000,0.949813
1011,router_2_3,router_1_3,2.0000,0.949813
1011,router_2_3,router_1_3,3.0001,0.949813
1012,router_3_3,router_1_3,1.8000,0.876790
1013,router_3_3,router_0_3,5.1001,0.808177
1014,router_3_3,router_0_3,2.1000,0.812661
1015,router_3_3,router_0_3,2.4000,0.811013
1016,router_4_3,router_0_3,4.9001,0.748137
1017,router_4_3,router_7_2,2.1000,0.754823
1018,router_4_3,router_7_2,2.4000,0.753748
1019,router_4_3,router_7_2,2.1000,0.754016
1020,router_5_3,router_7_2,3.9001,0.806765
1021,router_5_3,router_6_2,1.1000,0.877961
1022,router_5_3,router_6_2,0.8000,0.878296
1023,router_5_3,router_6_2,2.3000,0.877794
1024,router_6_3,router_6_2,1.0000,0.949813
1025,router_6_3,router_5_2,2.3000,0.876790
1026,router_6_3,router_5_2,1.8000,0.877627
1027,router_6_3,router_5_2,2.8001,0.877627
1028,router_7_3,router_5_2,2.9001,0.811013
1029,router_7_3,router_4_2,2.9000,0.752808
1030,router_7_3,router_4_2,2.9000,0.752138
1031,router_7_3,router_4_2,1.9000,0.754824
1032,router_2_3,router_1_3,1.0000,0.949813
1032,router_2_3,router_1_3,1.0000,0.949813
1033,router_2_3,router_1_3,0.5000,0.949813
1034,router_2_3,router_1_3,4.0001,0.949813
1036,router_3_3,router_0_3,3.1001,0.812661
1037,router_3_3,router_0_3,2.4000,0.810265
1038,router_3_3,router_0_3,4.9001,0.805801
1039,router_3_3,router_0_3,6.4001,0.799171
1040,router_4_3,router_7_2,3.9001,0.750267
1041,router_4_3,router_7_2,3.3001,0.751603
1042,router_4_3,router_7_2,1.4000,0.755902
1043,router_4_3,router_7_2,2.1000,0.754554
1044,router_5_3,router_6_2,2.3000,0.877794
1045,router_5_3,router_6_2,1.1000,0.877961
1046,router_5_3,router_6_2,1.3000,0.877459
1047,router_5_3,router_6_2,1.3000,0.877459
1048,router_6_3,router_5_2,1.8000,0.876790
1049,router_6_3,router_5_2,0.8000,0.878464
1050,router_6_3,router_5_2,0.8000,0.878464
1051,router_6_3,router_5_2,1.3000,0.877627
1052,router_7_3,router_4_2,1.4000,0.756172
1053,router_7_3,router_4_2,3.4001,0.751469
1054,router_7_3,router_4_2,2.4000,0.753479
1055,router_7_3,router_4_2,2.9000,0.754824
1056,router_2_3,router_1_3,1.0000,0.949813
1056,router_2_3,router_1_3,2.5001,0.949813
1057,router_2_3,router_1_3,1.5000,0.949813
1058,router_2_3,router_1_3,0.5000,0.949813
1060,router_3_3,router_0_3,3.9001,0.808029
1061,router_3_3,router_0_3,3.9001,0.805801
1062,router_3_3,router_0_3,3.6001,0.810415
1063,router_3_3,router_0_3,3.4001,0.808029
1064,router_4_3,router_7_2,2.9000,0.752942
1065,router_4_3,router_7_2,3.3001,0.752540
1066,router_4_3,router_7_2,3.3001,0.754554
1067,router_4_3,router_7_2,2.1000,0.754151
1068,router_5_3,router_6_2,1.8000,0.877292
1069,router_5_3,router_6_2,1.9000,0.878296
1070,router_5_3,router_6_2,1.3000,0.878129
1071,router_5_3,router_6_2,1.8000,0.877292
1072,router_6_3,router_5_2,3.3001,0.874288
1073,router_6_3,router_5_2,1.8000,0.877627
1074,router_6_3,router_5_2,1.8000,0.878464
1075,router_6_3,router_5_2,0.8000,0.878464
1076,router_7_3,router_4_2,3.9001,0.750801
1077,router_7_3,router_4_2,1.9000,0.754824
1078,router_7_3,router_4_2,2.4000,0.754151
1079,router_7_3,router_4_2,1.4000,0.756172
1080,router_2_3,router_1_3,1.5000,0.949813
1081,router_2_3,router_1_3,0.5000,0.949813
1082,router_2_3,router_1_3,1.0000,0.949813
1083,router_2_3,router_0_3,0.8000,0.878464
1084,router_3_3,router_0_3,2.4000,0.811761
1085,router_3_3,router_0_3,2.1000,0.812661
1086,router_3_3,router_0_3,2.4000,0.810265
1087,router_3_3,router_7_2,3.6000,0.698066
1088,router_4_3,router_7_2,5.7001,0.746545
1089,router_4_3,router_7_2,1.7000,0.755228
1090,router_4_3,router_7_2,2.9001,0.752674
1091,router_4_3,router_6_2,2.2000,0.813036
1092,router_5_3,router_6_2,1.5000,0.878129
1093,router_5_3,router_6_2,0.8000,0.878296
1094,router_5_3,router_6_2,1.3000,0.877459
1095,router_5_3,router_5_2,2.5001,0.949813
1096,router_6_3,router_5_2,1.3000,0.877627
1097,router_6_3,router_5_2,1.3000,0.877627
1098,router_6_3,router_5_2,1.3000,0.878464
1099,router_6_3,router_4_2,5.1001,0.810415
1100,router_7_3,router_4_2,4.9001,0.747473
1101,router_7_3,router_4_2,2.4000,0.753479
1102,router_7_3,router_4_2,2.4000,0.753479
1103,router_7_3,router_3_2,4.1001,0.697648
1104,router_2_3,router_1_3,0.5000,0.949813
1105,router_2_3,router_1_3,0.5000,0.949813
1106,router_2_3,router_1_3,2.0000,0.949813
1107,router_2_3,router_0_3,4.8001,0.874288
1108,router_3_3,router_0_3,1.9000,0.811761
1109,router_3_3,router_0_3,1.4000,0.813261
1110,router_3_3,router_0_3,1.9000,0.812511
1111,router_3_3,router_7_2,3.3000,0.699862
1112,router_4_3,router_7_2,3.4001,0.751068
1113,router_4_3,router_7_2,3.7001,0.751202
1114,router_4_3,router_7_2,2.4000,0.754285
1115,router_4_3,router_6_2,3.4001,0.807062
1116,router_5_3,router_6_2,1.1000,0.877961
1117,router_5_3,router_6_2,1.3000,0.878129
1118,router_5_3,router_6_2,0.8000,0.878296
1119,router_5_3,router_5_2,1.0000,0.949813
1120,router_6_3,router_5_2,6.8002,0.869314
1121,router_6_3,router_5_2,2.8001,0.875955
1122,router_6_3,router_5_2,4.3001,0.873456
1123,router_6_3,router_4_2,4.4001,0.808029
1124,router_7_3,router_4_2,1.4000,0.756172
1125,router_7_3,router_4_2,3.9001,0.753479
1126,router_7_3,router_4_2,4.9001,0.748802
1127,router_7_3,router_3_2,3.7001,0.701003
1129,router_2_3,router_1_3,0.5000,0.949813
1129,router_2_3,router_1_3,0.5000,0.949813
1131,router_2_3,router_0_3,1.8000,0.877627
1131,router_2_3,router_0_3,3.3001,0.876790
1132,router_3_3,router_0_3,1.9000,0.813261
1133,router_3_3,router_0_3,2.6000,0.811911
1134,router_3_3,router_7_2,3.6000,0.699502
1135,router_3_3,router_7_2,3.1000,0.699862
1136,router_4_3,router_7_2,2.1000,0.754016
1137,router_4_3,router_7_2,6.1002,0.743904
1138,router_4_3,router_6_2,2.1000,0.813036
1139,router_4_3,router_6_2,2.9000,0.810340
1140,router_5_3,router_6_2,3.1000,0.875455
1141,router_5_3,router_6_2,2.3000,0.877794
1143,router_5_3,router_5_2,0.5000,0.949813
1143,router_5_3,router_5_2,0.5000,0.949813
1144,router_6_3,router_5_2,1.8000,0.876790
1145,router_6_3,router_5_2,2.3001,0.875955
1146,router_6_3,router_4_2,1.9000,0.812511
1147,router_6_3,router_4_2,4.1001,0.809668
1148,router_7_3,router_4_2,2.4000,0.753479
1149,router_7_3,router_4_2,1.9000,0.754824
1150,router_7_3,router_3_2,6.6001,0.690542
1151,router_7_3,router_3_2,3.6000,0.699442
1152,router_2_3,router_1_3,4.0001,0.949813
1153,router_2_3,router_1_3,1.0000,0.949813
1154,router_2_3,router_0_3,1.8000,0.876790
1154,router_2_3,router_0_3,0.8000,0.878464
1156,router_3_3,router_0_3,2.6001,0.811911
1157,router_3_3,router_0_3,2.4000,0.811761
1158,router_3_3,router_7_2,4.5001,0.696873
1159,router_3_3,router_7_2,2.9000,0.700582
1160,router_4_3,router_7_2,2.9001,0.752406
1161,router_4_3,router_7_2,2.5000,0.753479
1162,router_4_3,router_6_2,4.9001,0.804986
1163,router_4_3,router_6_2,3.9001,0.806172
1164,router_5_3,router_6_2,2.8001,0.876289
1165,router_5_3,router_6_2,2.3000,0.875788
1166,router_5_3,router_5_2,2.0001,0.949813
1167,router_5_3,router_5_2,1.0000,0.949813
1168,router_6_3,router_5_2,1.8000,0.878464
1169,router_6_3,router_5_2,3.3001,0.876790
1170,router_6_3,router_4_2,3.6001,0.811162
1171,router_6_3,router_4_2,2.9001,0.808773
1172,router_7_3,router_4_2,6.4001,0.744168
1173,router_7_3,router_4_2,2.4000,0.755497
1174,router_7_3,router_3_2,5.1001,0.695861
1175,router_7_3,router_3_2,3.1000,0.700042
1176,router_2_3,router_1_3,0.5000,0.949813
1177,router_2_3,router_0_3,3.8001,0.873456
1178,router_2_3,router_0_3,1.8000,0.878464
1179,router_2_3,router_0_3,0.8000,0.878464
1180,router_3_3,router_0_3,1.9000,0.811761
1181,router_3_3,router_7_2,4.1001,0.696873
1182,router_3_3,router_7_2,3.7001,0.698425
1183,router_3_3,router_7_2,4.1001,0.696873
1184,router_4_3,router_7_2,4.4001,0.748403
1185,router_4_3,router_6_2,2.1000,0.811088
1186,router_4_3,router_6_2,2.2000,0.812436
1187,router_4_3,router_6_2,1.9000,0.812136
1188,router_5_3,router_6_2,1.8001,0.876623
1190,router_5_3,router_5_2,1.0000,0.949813
1191,router_5_3,router_5_2,0.5000,0.949813
1191,router_5_3,router_5_2,0.5000,0.949813
1192,router_6_3,router_5_2,1.3000,0.877627
1193,router_6_3,router_4_2,1.9000,0.813261
1194,router_6_3,router_4_2,2.4000,0.811013
1195,router_6_3,router_4_2,1.4000,0.813261
1196,router_7_3,router_4_2,1.4000,0.756172
1197,router_7_3,router_3_2,4.6001,0.694673
1198,router_7_3,router_3_2,3.6000,0.698245
1199,router_7_3,router_3_2,3.1000,0.700642
1200,router_2_3,router_1_3,0.5000,0.949813
1201,router_2_3,router_0_3,1.3000,0.878464
1201,router_2_3,router_0_3,2.3001,0.876790
1203,router_2_3,router_0_3,1.3000,0.877627
1204,router_3_3,router_0_3,1.9000,0.812511
1205,router_3_3,router_7_2,3.7001,0.698185
1206,router_3_3,router_7_2,4.5001,0.694851
1207,router_3_3,router_7_2,3.7001,0.698185
1208,router_4_3,router_7_2,1.4000,0.755902
1209,router_4_3,router_6_2,1.4000,0.813036
1210,router_4_3,router_6_2,1.4000,0.813036
1211,router_4_3,router_6_2,1.4000,0.813637
1212,router_5_3,router_6_2,3.5001,0.877292
1213,router_5_3,router_5_2,0.5000,0.949813
1214,router_5_3,router_5_2,1.0000,0.949813
1215,router_5_3,router_5_2,1.5000,0.949813
1216,router_6_3,router_5_2,4.8001,0.872626
1217,router_6_3,router_4_2,1.9000,0.812511
1218,router_6_3,router_4_2,1.9000,0.811761
1219,router_6_3,router_4_2,4.9001,0.802844
1220,router_7_3,router_4_2,5.4001,0.750134
1221,router_7_3,router_3_2,4.1001,0.697648
1222,router_7_3,router_3_2,4.1001,0.698245
1223,router_7_3,router_3_2,3.1000,0.700042
1224,router_2_3,router_0_3,0.8000,0.878464
1225,router_2_3,router_0_3,2.8001,0.875121
1226,router_2_3,router_0_3,0.8000,0.878464
1227,router_2_3,router_0_3,1.3000,0.877627
1228,router_3_3,router_7_2,3.7001,0.699742
1229,router_3_3,router_7_2,4.5001,0.697111
1230,router_3_3,router_7_2,3.7001,0.697708
1231,router_3_3,router_7_2,3.7001,0.699742
1232,router_4_3,router_6_2,1.8000,0.813186
1233,router_4_3,router_6_2,1.7000,0.812886
1234,router_4_3,router_6_2,1.4000,0.813637
1235,router_4_3,router_6_2,6.1002,0.799244
1236,router_5_3,router_5_2,2.5001,0.949813
1237,router_5_3,router_5_2,1.0000,0.949813
1238,router_5_3,router_5_2,1.5000,0.949813
1239,router_5_3,router_5_2,0.5000,0.949813
1240,router_6_3,router_4_2,2.6001,0.813412
1241,router_6_3,router_4_2,3.4001,0.809519
1242,router_6_3,router_4_2,5.4001,0.804321
1243,router_6_3,router_4_2,4.4001,0.805060
1244,router_7_3,router_3_2,4.1001,0.698245
1245,router_7_3,router_3_2,3.7001,0.701605
1246,router_7_3,router_3_2,6.2001,0.698006
1247,router_7_3,router_3_2,3.6000,0.699442
1248,router_2_3,router_0_3,1.8000,0.878464
1249,router_2_3,router_0_3,1.3000,0.878464
1250,router_2_3,router_0_3,1.8000,0.877627
1251,router_2_3,router_0_3,3.8001,0.876790
1252,router_3_3,router_7_2,3.7001,0.699502
1253,router_3_3,router_7_2,5.6001,0.690954
1254,router_3_3,router_7_2,5.7001,0.695207
1255,router_3_3,router_7_2,4.5001,0.695445
1256,router_4_3,router_6_2,1.9000,0.811537
1257,router_4_3,router_6_2,4.4001,0.804690
1258,router_4_3,router_6_2,1.7000,0.812286
1259,router_4_3,router_6_2,1.7000,0.812286
1260,router_5_3,router_5_2,2.0001,0.949813
1261,router_5_3,router_5_2,1.0000,0.949813
1262,router_5_3,router_5_2,1.0000,0.949813
1263,router_5_3,router_5_2,0.5000,0.949813
1264,router_6_3,router_4_2,3.4001,0.811013
1265,router_6_3,router_4_2,2.9000,0.809519
1266,router_6_3,router_4_2,1.9000,0.812511
1267,router_6_3,router_4_2,3.1001,0.811162
1268,router_7_3,router_3_2,3.1000,0.700642
1269,router_7_3,router_3_2,8.6002,0.681819
1270,router_7_3,router_3_2,4.1001,0.697648
1271,router_7_3,router_3_2,6.1001,0.692898
1272,router_1_3,router_0_3,1.0000,0.949813
1273,router_2_3,router_0_3,3.1001,0.874621
1274,router_2_3,router_0_3,2.8001,0.875121
1275,router_2_3,router_0_3,1.8000,0.876790
1276,router_2_3,router_7_2,3.7001,0.652276
1277,router_3_3,router_7_2,5.6001,0.692367
1278,router_3_3,router_7_2,3.7001,0.698185
1279,router_3_3,router_7_2,5.3001,0.692131
1280,router_3_3,router_6_2,2.1000,0.754016
1281,router_4_3,router_6_2,1.4000,0.813036
1282,router_4_3,router_6_2,2.4000,0.810639
1283,router_4_3,router_6_2,2.9000,0.810938
1284,router_4_3,router_5_2,2.8001,0.875621
1286,router_5_3,router_5_2,0.5000,0.949813
1287,router_5_3,router_5_2,2.0001,0.949813
1287,router_5_3,router_5_2,1.5000,0.949813
1288,router_5_3,router_4_2,2.8001,0.875955
1289,router_6_3,router_4_2,1.9000,0.811761
1290,router_6_3,router_4_2,3.4001,0.808773
1291,router_6_3,router_4_2,1.4000,0.813261
1292,router_6_3,router_3_2,4.9001,0.746810
1293,router_7_3,router_3_2,5.1001,0.696456
1294,router_7_3,router_3_2,5.7001,0.697409
1295,router_7_3,router_3_2,4.6001,0.696456
1296,router_7_3,router_2_2,4.0001,0.654104
1297,router_1_3,router_0_3,2.5001,0.949813
1299,router_2_3,router_0_3,1.8000,0.876790
1300,router_2_3,router_0_3,2.2001,0.876122
1300,router_2_3,router_0_3,1.3000,0.877627
1301,router_2_3,router_7_2,3.3000,0.653996
1302,router_3_3,router_7_2,3.3001,0.699262
1303,router_3_3,router_7_2,4.9001,0.695326
1304,router_3_3,router_7_2,4.5001,0.695920
1305,router_3_3,router_6_2,1.7000,0.755093
1306,router_4_3,router_6_2,1.7000,0.812286
1307,router_4_3,router_6_2,1.7000,0.812286
1308,router_4_3,router_6_2,2.5000,0.812436
1309,router_4_3,router_5_2,4.8001,0.872294
1310,router_5_3,router_5_2,2.0001,0.949813
1311,router_5_3,router_5_2,0.5000,0.949813
1312,router_5_3,router_5_2,0.5000,0.949813
1313,router_5_3,router_4_2,1.8000,0.876790
1314,router_6_3,router_4_2,1.9000,0.812511
1315,router_6_3,router_4_2,3.4001,0.811013
1316,router_6_3,router_4_2,3.9001,0.807285
1317,router_6_3,router_3_2,2.4000,0.753479
1318,router_7_3,router_3_2,9.1002,0.680095
1319,router_7_3,router_3_2,3.6000,0.699442
1320,router_7_3,router_3_2,4.1001,0.697051
1321,router_7_3,router_2_2,4.1001,0.651205
1323,router_1_3,router_0_3,0.5000,0.949813
1323,router_1_3,router_0_3,1.0000,0.949813
1324,router_2_3,router_0_3,1.8000,0.877627
1325,router_2_3,router_0_3,2.3001,0.877627
1326,router_2_3,router_7_2,3.3000,0.655291
1327,router_2_3,router_7_2,3.1000,0.654212
1328,router_3_3,router_7_2,3.3001,0.701665
1329,router_3_3,router_7_2,5.1001,0.696515
1330,router_3_3,router_6_2,3.3001,0.751469
1331,router_3_3,router_6_2,2.9000,0.752406
1332,router_4_3,router_6_2,2.4001,0.811237
1333,router_4_3,router_6_2,2.9001,0.810938
1334,router_4_3,router_5_2,2.8001,0.874954
1335,router_4_3,router_5_2,1.1000,0.877961
1336,router_5_3,router_5_2,1.0000,0.949813
1337,router_5_3,router_5_2,2.0000,0.949813
1338,router_5_3,router_4_2,0.8000,0.878464
1339,router_5_3,router_4_2,4.3001,0.874288
1340,router_6_3,router_4_2,3.6001,0.810415
1341,router_6_3,router_4_2,4.4001,0.805060
1342,router_6_3,router_3_2,3.4001,0.751469
1343,router_6_3,router_3_2,2.9000,0.752808
1344,router_7_3,router_3_2,3.6000,0.700642
1345,router_7_3,router_3_2,3.6000,0.698245
1346,router_7_3,router_2_2,3.1000,0.654427
1347,router_7_3,router_2_2,6.1001,0.644836
1348,router_1_3,router_0_3,1.5000,0.949813
1349,router_1_3,router_0_3,0.5000,0.949813
1351,router_2_3,router_0_3,2.2000,0.876122
1351,router_2_3,router_0_3,4.3001,0.872625
1352,router_2_3,router_7_2,5.5001,0.648858
1353,router_2_3,router_7_2,4.7001,0.650670
1354,router_3_3,router_7_2,3.7001,0.697708
1355,router_3_3,router_7_2,3.1000,0.700823
1356,router_3_3,router_6_2,3.3001,0.750801
1357,router_3_3,router_6_2,2.1000,0.754151
1358,router_4_3,router_6_2,1.9000,0.812736
1359,router_4_3,router_6_2,1.7000,0.812286
1360,router_4_3,router_5_2,0.8000,0.878296
1361,router_4_3,router_5_2,1.9000,0.877459
1363,router_5_3,router_5_2,1.0000,0.949813
1363,router_5_3,router_5_2,3.0001,0.949813
1364,router_5_3,router_4_2,0.8000,0.878464
1365,router_5_3,router_4_2,0.8000,0.878464
1366,router_6_3,router_4_2,3.1001,0.811162
1367,router_6_3,router_4_2,1.6000,0.813412
1368,router_6_3,router_3_2,3.9001,0.750134
1369,router_6_3,router_3_2,1.9000,0.754824
1370,router_7_3,router_3_2,10.1002,0.678950
1371,router_7_3,router_3_2,3.1000,0.701244
1372,router_7_3,router_2_2,3.6000,0.652813
1373,router_7_3,router_2_2,3.6000,0.652813
1374,router_1_3,router_0_3,1.0000,0.949813
1375,router_1_3,router_0_3,2.0001,0.949813
1376,router_1_3,router_0_3,0.5000,0.949813
1377,router_2_3,router_0_3,1.8001,0.876790
1378,router_2_3,router_7_2,4.5001,0.650350
1379,router_2_3,router_7_2,4.5001,0.649710
1380,router_2_3,router_7_2,4.3001,0.652598
1381,router_3_3,router_7_2,3.1000,0.700342
1382,router_3_3,router_6_2,3.3001,0.751603
1383,router_3_3,router_6_2,2.9000,0.751870
1384,router_3_3,router_6_2,2.9001,0.753345
1385,router_4_3,router_6_2,1.9000,0.812736
1386,router_4_3,router_5_2,4.3001,0.877125
1387,router_4_3,router_5_2,0.8000,0.878296
1388,router_4_3,router_5_2,4.8001,0.872294
1389,router_5_3,router_5_2,2.0001,0.949813
1390,router_5_3,router_4_2,0.8000,0.878464
1391,router_5_3,router_4_2,2.3001,0.877627
1392,router_5_3,router_4_2,4.8001,0.871796
1393,router_6_3,router_4_2,1.9000,0.811761
1394,router_6_3,router_3_2,1.9000,0.754824
1395,router_6_3,router_3_2,1.9000,0.754824
1396,router_6_3,router_3_2,6.4001,0.743509
1397,router_7_3,router_3_2,3.6000,0.698245
1398,router_7_3,router_2_2,4.6001,0.650670
1399,router_7_3,router_2_2,5.6001,0.647478
1400,router_7_3,router_2_2,3.6000,0.652813
1401,router_1_3,router_0_3,1.5000,0.949813
1402,router_1_3,router_0_3,1.0000,0.949813
1403,router_1_3,router_0_3,0.5000,0.949813
1404,router_2_3,router_0_3,0.8000,0.878464
1405,router_2_3,router_7_2,3.1000,0.654643
1406,router_2_3,router_7_2,5.3001,0.648114
1407,router_2_3,router_7_2,3.6000,0.653889
1408,router_3_3,router_7_2,3.7001,0.698305
1409,router_3_3,router_6_2,2.9001,0.752406
1410,router_3_3,router_6_2,3.4001,0.750534
1411,router_3_3,router_6_2,2.9000,0.751870
1412,router_4_3,router_6_2,1.8000,0.813186
1413,router_4_3,router_5_2,1.3000,0.877459
1414,router_4_3,router_5_2,1.9000,0.877459
1415,router_4_3,router_5_2,1.3000,0.877459
1416,router_5_3,router_5_2,0.5000,0.949813
1417,router_5_3,router_4_2,2.3001,0.876790
1418,router_5_3,router_4_2,1.3000,0.877627
1419,router_5_3,router_4_2,0.8000,0.878464
1420,router_6_3,router_4_2,2.4000,0.811761
1421,router_6_3,router_3_2,2.9000,0.752138
1422,router_6_3,router_3_2,1.9000,0.755497
1423,router_6_3,router_3_2,2.9000,0.752138
1424,router_7_3,router_3_2,3.6000,0.698245
1425,router_7_3,router_2_2,3.6000,0.653350
1426,router_7_3,router_2_2,5.6001,0.648539
1427,router_7_3,router_2_2,3.6000,0.653350
1428,router_1_3,router_0_3,1.0000,0.949813
1429,router_1_3,router_0_3,2.5001,0.949813
1430,router_1_3,router_0_3,0.5000,0.949813
1431,router_1_3,router_0_3,0.5000,0.949813
1432,router_2_3,router_7_2,3.7001,0.652705
1433,router_2_3,router_7_2,4.5001,0.649710
1434,router_2_3,router_7_2,3.7001,0.654643
1435,router_2_3,router_7_2,4.6001,0.651526
1436,router_3_3,router_6_2,2.5001,0.753479
1437,router_3_3,router_6_2,2.1000,0.754689
1438,router_3_3,router_6_2,2.9001,0.752004
1439,router_3_3,router_6_2,3.3001,0.751335
1440,router_4_3,router_5_2,2.8001,0.875621
1441,router_4_3,router_5_2,0.8000,0.878296
1442,router_4_3,router_5_2,0.8000,0.878296
1443,router_4_3,router_5_2,0.8000,0.878296
1444,router_5_3,router_4_2,1.3000,0.878464
1445,router_5_3,router_4_2,1.3000,0.878464
1446,router_5_3,router_4_2,2.3001,0.877627
1447,router_5_3,router_4_2,1.3000,0.877627
1448,router_6_3,router_3_2,2.9001,0.752138
1449,router_6_3,router_3_2,3.9001,0.749467
1450,router_6_3,router_3_2,2.9000,0.752808
1451,router_6_3,router_3_2,1.9000,0.754824
1452,router_7_3,router_2_2,5.1001,0.650136
1453,router_7_3,router_2_2,3.6000,0.652813
1454,router_7_3,router_2_2,5.5001,0.651419
1455,router_7_3,router_2_2,4.1001,0.651205
1457,router_1_3,router_0_3,1.0000,0.949813
1458,router_1_3,router_0_3,1.5000,0.949813
1459,router_1_3,router_0_3,2.0001,0.949813
1459,router_1_3,router_0_3,1.0000,0.949813
1460,router_2_3,router_7_2,4.5001,0.651419
1461,router_2_3,router_7_2,5.3001,0.647584
1462,router_2_3,router_7_2,4.1001,0.651954
1463,router_2_3,router_7_2,5.1001,0.650670
1464,router_3_3,router_6_2,2.5000,0.754823
1465,router_3_3,router_6_2,5.4001,0.748935
1466,router_3_3,router_6_2,1.7000,0.755228
1467,router_3_3,router_6_2,3.3001,0.752942
1468,router_4_3,router_5_2,1.5000,0.877292
1469,router_4_3,router_5_2,1.9000,0.876623
1470,router_4_3,router_5_2,1.9001,0.877459
1471,router_4_3,router_5_2,1.3000,0.877459
1472,router_5_3,router_4_2,4.8001,0.871796
1473,router_5_3,router_4_2,0.8000,0.878464
1474,router_5_3,router_4_2,2.8001,0.875121
1475,router_5_3,router_4_2,1.3000,0.877627
1476,router_6_3,router_3_2,2.9001,0.752138
1477,router_6_3,router_3_2,6.9002,0.741539
1478,router_6_3,router_3_2,3.4001,0.751469
1479,router_6_3,router_3_2,2.9000,0.752808
1480,router_7_3,router_2_2,6.6001,0.643260
1481,router_7_3,router_2_2,3.6000,0.653889
1482,router_7_3,router_2_2,3.1000,0.654427
1483,router_7_3,router_2_2,6.1001,0.646419
1485,router_1_3,router_0_3,3.0001,0.949813
1485,router_1_3,router_0_3,1.5000,0.949813
1486,router_1_3,router_0_3,0.5000,0.949813
1487,router_1_3,router_7_2,6.5001,0.601849
1488,router_2_3,router_7_2,4.1001,0.651633
1489,router_2_3,router_7_2,3.3001,0.654643
1490,router_2_3,router_7_2,5.1001,0.649071
1491,router_2_3,router_6_2,3.7001,0.698305
1492,router_3_3,router_6_2,2.1000,0.754016
1493,router_3_3,router_6_2,2.5000,0.753076
1494,router_3_3,router_6_2,2.1000,0.754554
1495,router_3_3,router_5_2,2.1000,0.811836
1496,router_4_3,router_5_2,1.3000,0.878129
1497,router_4_3,router_5_2,3.1001,0.875455
1498,router_4_3,router_5_2,0.8000,0.878296
1499,router_4_3,router_4_2,1.0000,0.949813
1500,router_5_3,router_4_2,2.3001,0.875955
1501,router_5_3,router_4_2,1.3000,0.877627
1502,router_5_3,router_4_2,1.3000,0.877627
1503,router_5_3,router_3_2,2.4000,0.811761
1504,router_6_3,router_3_2,1.9000,0.755497
1505,router_6_3,router_3_2,2.9000,0.752138
1506,router_6_3,router_3_2,7.4002,0.740884
1507,router_6_3,router_2_2,4.1001,0.697051
1508,router_7_3,router_2_2,7.1001,0.642213
1509,router_7_3,router_2_2,3.6000,0.653889
1510,router_7_3,router_2_2,3.6000,0.653350
1511,router_7_3,router_1_2,4.6001,0.609580
1512,router_1_3,router_0_3,4.5001,0.949813
1513,router_1_3,router_0_3,1.5000,0.949813
1514,router_1_3,router_0_3,1.0000,0.949813
1515,router_1_3,router_7_2,4.1001,0.609436
1516,router_2_3,router_7_2,3.3001,0.654643
1517,router_2_3,router_7_2,4.7001,0.650991
1518,router_2_3,router_7_2,4.3001,0.652383
1519,router_2_3,router_6_2,3.3000,0.700823
1520,router_3_3,router_6_2,2.1000,0.754689
1521,router_3_3,router_6_2,2.5000,0.754823
1522,router_3_3,router_6_2,2.4000,0.754824
1523,router_3_3,router_5_2,6.9002,0.803213
1524,router_4_3,router_5_2,2.3001,0.876456
1525,router_4_3,router_5_2,2.3000,0.875788
1526,router_4_3,router_5_2,1.1000,0.877961
1527,router_4_3,router_4_2,1.0000,0.949813
1528,router_5_3,router_4_2,1.3000,0.877627
1529,router_5_3,router_4_2,2.3001,0.876790
1530,router_5_3,router_4_2,1.3000,0.877627
1531,router_5_3,router_3_2,2.9001,0.810265
1532,router_6_3,router_3_2,3.4001,0.752138
1533,router_6_3,router_3_2,2.4000,0.753479
1534,router_6_3,router_3_2,2.9000,0.752138
1535,router_6_3,router_2_2,5.1001,0.697051
1536,router_7_3,router_2_2,3.5001,0.654104
1537,router_7_3,router_2_2,4.1001,0.652813
1538,router_7_3,router_2_2,4.1001,0.651740
1539,router_7_3,router_1_2,3.6000,0.612275
1540,router_1_3,router_0_3,1.0000,0.949813
1540,router_1_3,router_0_3,0.5000,0.949813
1542,router_1_3,router_7_2,4.1001,0.609532
1543,router_1_3,router_7_2,3.4001,0.612323
1544,router_2_3,router_7_2,3.1000,0.654643
1545,router_2_3,router_7_2,5.1001,0.650243
1546,router_2_3,router_6_2,3.6000,0.699023
1547,router_2_3,router_6_2,6.1001,0.692839
1548,router_3_3,router_6_2,2.1000,0.754554
1549,router_3_3,router_6_2,1.7000,0.755228
1550,router_3_3,router_5_2,1.4000,0.813036
1551,router_3_3,router_5_2,2.9001,0.808699
1552,router_4_3,router_5_2,1.5000,0.878129
1553,router_4_3,router_5_2,1.1000,0.877961
1554,router_4_3,router_4_2,0.5000,0.949813
1555,router_4_3,router_4_2,1.5000,0.949813
1556,router_5_3,router_4_2,1.8000,0.876790
1557,router_5_3,router_4_2,1.3000,0.878464
1558,router_5_3,router_3_2,2.9001,0.808773
1559,router_5_3,router_3_2,2.6000,0.811911
1560,router_6_3,router_3_2,2.9001,0.752808
1561,router_6_3,router_3_2,6.4001,0.744827
1562,router_6_3,router_2_2,5.1001,0.694081
1563,router_6_3,router_2_2,3.6000,0.700042
1564,router_7_3,router_2_2,6.0001,0.649816
1565,router_7_3,router_2_2,5.1001,0.649071
1566,router_7_3,router_1_2,6.6001,0.603401
1567,router_7_3,router_1_2,4.6001,0.607191
1568,router_1_3,router_0_3,1.5000,0.949813
1568,router_1_3,router_0_3,1.5000,0.949813
1570,router_1_3,router_7_2,4.5001,0.608384
1571,router_1_3,router_7_2,5.3001,0.608288
1572,router_2_3,router_7_2,4.1001,0.651847
1573,router_2_3,router_7_2,4.9001,0.649071
1574,router_2_3,router_6_2,5.7001,0.691071
1575,router_2_3,router_6_2,2.9000,0.701183
1576,router_3_3,router_6_2,2.1000,0.754554
1577,router_3_3,router_6_2,1.7000,0.755632
1578,router_3_3,router_5_2,1.4000,0.813036
1579,router_3_3,router_5_2,2.9000,0.809146
1580,router_4_3,router_5_2,1.8001,0.877961
1581,router_4_3,router_5_2,3.8001,0.875288
1583,router_4_3,router_4_2,0.5000,0.949813
1583,router_4_3,router_4_2,1.5000,0.949813
1584,router_5_3,router_4_2,3.3001,0.876790
1585,router_5_3,router_4_2,1.3000,0.877627
1586,router_5_3,router_3_2,3.9001,0.808773
1587,router_5_3,router_3_2,2.4000,0.811761
1588,router_6_3,router_3_2,3.9001,0.749467
1589,router_6_3,router_3_2,2.4000,0.754151
1590,router_6_3,router_2_2,3.6000,0.700642
1591,router_6_3,router_2_2,3.6000,0.699442
1592,router_7_3,router_2_2,3.1000,0.654427
1593,router_7_3,router_2_2,3.6000,0.653889
1594,router_7_3,router_1_2,4.1001,0.611021
1595,router_7_3,router_1_2,6.1001,0.605575
1596,router_1_3,router_0_3,0.5000,0.949813
1597,router_1_3,router_7_2,3.7001,0.611455
1598,router_1_3,router_7_2,3.7001,0.611455
1599,router_1_3,router_7_2,4.1001,0.610300
1600,router_2_3,router_7_2,5.6001,0.646208
1601,router_2_3,router_6_2,4.1001,0.697708
1602,router_2_3,router_6_2,3.3001,0.699862
1603,router_2_3,router_6_2,2.6000,0.701665
1604,router_3_3,router_6_2,3.3001,0.752138
1605,router_3_3,router_5_2,3.4001,0.812286
1606,router_3_3,router_5_2,1.7000,0.812286
1607,router_3_3,router_5_2,4.2001,0.809444
1608,router_4_3,router_5_2,1.3001,0.877459
1610,router_4_3,router_4_2,4.0001,0.949813
1611,router_4_3,router_4_2,1.5000,0.949813
1611,router_4_3,router_4_2,0.5000,0.949813
1612,router_5_3,router_4_2,2.8001,0.875121
1613,router_5_3,router_3_2,3.4001,0.807285
1614,router_5_3,router_3_2,3.4001,0.809519
1615,router_5_3,router_3_2,2.1000,0.812661
1616,router_6_3,router_3_2,3.4001,0.752138
1617,router_6_3,router_2_2,4.6001,0.695267
1618,router_6_3,router_2_2,3.6000,0.699442
1619,router_6_3,router_2_2,5.6001,0.691130
1620,router_7_3,router_2_2,5.1001,0.650136
1621,router_7_3,router_1_2,3.1000,0.613436
1622,router_7_3,router_1_2,4.3001,0.610925
1623,router_7_3,router_1_2,4.6001,0.608910
1624,router_1_3,router_0_3,1.0000,0.949813
1625,router_1_3,router_7_2,3.3001,0.612420
1626,router_1_3,router_7_2,2.9000,0.613291
1627,router_1_3,router_7_2,3.3001,0.611551
1628,router_2_3,router_7_2,4.5001,0.650136
1629,router_2_3,router_6_2,3.6000,0.698066
1630,router_2_3,router_6_2,3.3001,0.700582
1631,router_2_3,router_6_2,2.9000,0.700702
1632,router_3_3,router_6_2,2.4000,0.753211
1633,router_3_3,router_5_2,7.0002,0.806914
1634,router_3_3,router_5_2,2.6001,0.812736
1635,router_3_3,router_5_2,1.9000,0.812136
1636,router_4_3,router_5_2,2.8001,0.876957
1637,router_4_3,router_4_2,1.5000,0.949813
1637,router_4_3,router_4_2,0.5000,0.949813
1638,router_4_3,router_4_2,2.5001,0.949813
1640,router_5_3,router_4_2,0.8000,0.878464
1641,router_5_3,router_3_2,5.9001,0.802108
1642,router_5_3,router_3_2,1.6000,0.813412
1643,router_5_3,router_3_2,2.4000,0.811761
1644,router_6_3,router_3_2,1.9000,0.754824
1645,router_6_3,router_2_2,4.2001,0.700402
1646,router_6_3,router_2_2,4.1001,0.697648
1647,router_6_3,router_2_2,3.1000,0.700642
1648,router_7_3,router_2_2,4.5001,0.652491
1649,router_7_3,router_1_2,4.1001,0.610540
1650,router_7_3,router_1_2,4.6001,0.608145
1651,router_7_3,router_1_2,6.6001,0.604817
1652,router_1_3,router_7_2,3.7001,0.610588
1653,router_1_3,router_7_2,3.3001,0.612227
1654,router_1_3,router_7_2,4.5001,0.609341
1655,router_1_3,router_7_2,3.7001,0.612034
1656,router_2_3,router_6_2,4.6001,0.696873
1657,router_2_3,router_6_2,6.1001,0.689193
1658,router_2_3,router_6_2,4.1001,0.698544
1659,router_2_3,router_6_2,4.5001,0.695801
1660,router_3_3,router_5_2,1.9000,0.812136
1661,router_3_3,router_5_2,1.9000,0.812136
1662,router_3_3,router_5_2,4.4001,0.806468
1663,router_3_3,router_5_2,2.9000,0.812136
1664,router_4_3,router_4_2,0.5000,0.949813
1664,router_4_3,router_4_2,0.5000,0.949813
1665,router_4_3,router_4_2,2.5001,0.949813
1666,router_4_3,router_4_2,1.0000,0.949813
1668,router_5_3,router_3_2,1.9000,0.811761
1669,router_5_3,router_3_2,2.4000,0.810265
1670,router_5_3,router_3_2,1.6000,0.813412
1671,router_5_3,router_3_2,2.4000,0.811013
1672,router_6_3,router_2_2,4.6001,0.695861
1673,router_6_3,router_2_2,3.1000,0.701244
1674,router_6_3,router_2_2,3.6000,0.700642
1675,router_6_3,router_2_2,4.1001,0.697648
1676,router_7_3,router_1_2,4.6001,0.609580
1677,router_7_3,router_1_2,4.6001,0.609388
1678,router_7_3,router_1_2,5.1001,0.607191
1679,router_7_3,router_1_2,4.6001,0.608145
1680,router_1_3,router_7_2,5.7001,0.604959
1681,router_1_3,router_7_2,4.9001,0.608192
1682,router_1_3,router_7_2,3.3001,0.612227
1683,router_1_3,router_7_2,3.6000,0.612420
1684,router_2_3,router_6_2,5.3001,0.693194
1685,router_2_3,router_6_2,4.6001,0.695920
1686,router_2_3,router_6_2,3.6000,0.699023
1687,router_2_3,router_6_2,4.1001,0.697469
1688,router_3_3,router_5_2,2.6001,0.811836
1689,router_3_3,router_5_2,4.9001,0.806172
1690,router_3_3,router_5_2,1.9000,0.811537
1691,router_3_3,router_5_2,1.4000,0.813036
1692,router_4_3,router_4_2,0.5000,0.949813
1692,router_4_3,router_4_2,3.0001,0.949813
1693,router_4_3,router_4_2,0.5000,0.949813
1694,router_4_3,router_4_2,1.5000,0.949813
1696,router_5_3,router_3_2,2.4000,0.810265
1697,router_5_3,router_3_2,3.4001,0.808773
1698,router_5_3,router_3_2,3.9001,0.807285
1699,router_5_3,router_3_2,1.6000,0.813412
1700,router_6_3,router_2_2,4.1001,0.696456
1701,router_6_3,router_2_2,3.6000,0.698245
1702,router_6_3,router_2_2,4.1001,0.698245
1703,router_6_3,router_2_2,5.6001,0.691719
1704,router_7_3,router_1_2,4.1001,0.609101
1705,router_7_3,router_1_2,4.1001,0.609101
1706,router_7_3,router_1_2,6.6001,0.601053
1707,router_7_3,router_1_2,4.1001,0.610540
1708,router_0_3,router_7_2,5.6001,0.570133
1709,router_1_3,router_7_2,6.5001,0.603542
1710,router_1_3,router_7_2,4.1001,0.609053
1711,router_1_3,router_7_2,5.7001,0.605528
1712,router_1_3,router_6_2,3.7001,0.652276
1713,router_2_3,router_6_2,3.1000,0.701304
1714,router_2_3,router_6_2,2.6000,0.701665
1715,router_2_3,router_6_2,3.1000,0.699862
1716,router_2_3,router_5_2,2.4000,0.754285
1717,router_3_3,router_5_2,3.7001,0.807508
1718,router_3_3,router_5_2,2.6001,0.811986
1719,router_3_3,router_5_2,2.9001,0.808550
1720,router_3_3,router_4_2,1.9001,0.878296
1722,router_4_3,router_4_2,2.0000,0.949813
1723,router_4_3,router_4_2,0.5000,0.949813
1723,router_4_3,router_4_2,3.5001,0.949813
1724,router_4_3,router_3_2,1.8000,0.876790
1725,router_5_3,router_3_2,3.9001,0.805801
1726,router_5_3,router_3_2,2.9000,0.811013
1727,router_5_3,router_3_2,1.9000,0.812511
1728,router_5_3,router_2_2,2.4000,0.753479
1729,router_6_3,router_2_2,3.6000,0.698245
1730,router_6_3,router_2_2,5.1001,0.694081
1731,router_6_3,router_2_2,4.1001,0.698245
1732,router_6_3,router_1_2,5.0001,0.650350
1733,router_7_3,router_1_2,6.6001,0.602460
1734,router_7_3,router_1_2,4.6001,0.608145
1735,router_7_3,router_1_2,3.6000,0.611985
1736,router_7_3,router_0_2,4.1001,0.573566
1737,router_0_3,router_7_2,3.7001,0.575556
1738,router_1_3,router_7_2,5.1001,0.607620
1739,router_1_3,router_7_2,4.5001,0.608766
1740,router_1_3,router_7_2,5.4001,0.609340
1741,router_1_3,router_6_2,4.1001,0.652706
1742,router_2_3,router_6_2,4.5001,0.700102
1743,router_2_3,router_6_2,3.7001,0.698185
1744,router_2_3,router_6_2,4.8001,0.698903
1745,router_2_3,router_5_2,1.7000,0.755228
1746,router_3_3,router_5_2,3.4001,0.810788
1747,router_3_3,router_5_2,2.5001,0.811986
1748,router_3_3,router_5_2,2.1000,0.811686
1749,router_3_3,router_4_2,3.1001,0.874621
1750,router_4_3,router_4_2,0.5000,0.949813
1751,router_4_3,router_4_2,0.5000,0.949813
1752,router_4_3,router_4_2,0.5000,0.949813
1753,router_4_3,router_3_2,0.8000,0.878464
1754,router_5_3,router_3_2,3.9001,0.807285
1755,router_5_3,router_3_2,3.4001,0.808029
1756,router_5_3,router_3_2,3.9001,0.809519
1757,router_5_3,router_2_2,2.4000,0.754151
1758,router_6_3,router_2_2,4.1001,0.699442
1759,router_6_3,router_2_2,5.1001,0.693489
1760,router_6_3,router_2_2,3.1000,0.700042
1761,router_6_3,router_1_2,5.1001,0.650136
1762,router_7_3,router_1_2,4.6001,0.608623
1763,router_7_3,router_1_2,4.3001,0.611407
1764,router_7_3,router_1_2,4.1001,0.608623
1765,router_7_3,router_0_2,6.6001,0.568430
1766,router_0_3,router_7_2,4.1001,0.574170
1767,router_0_3,router_7_2,4.9001,0.571673
1768,router_1_3,router_7_2,6.1001,0.605528
1769,router_1_3,router_7_2,4.6001,0.611262
1770,router_1_3,router_6_2,6.1001,0.645680
1771,router_1_3,router_6_2,3.7001,0.652705
1772,router_2_3,router_6_2,3.7001,0.698185
1773,router_2_3,router_6_2,3.3001,0.700222
1774,router_2_3,router_5_2,2.5001,0.753479
1775,router_2_3,router_5_2,4.9001,0.748669
1776,router_3_3,router_5_2,2.9000,0.810041
1777,router_3_3,router_5_2,1.9000,0.811537
1778,router_3_3,router_4_2,1.5000,0.877292
1779,router_3_3,router_4_2,4.3001,0.875121
1781,router_4_3,router_4_2,0.5000,0.949813
1781,router_4_3,router_4_2,2.0000,0.949813
1782,router_4_3,router_3_2,1.3000,0.877627
1783,router_4_3,router_3_2,5.3001,0.870967
1784,router_5_3,router_3_2,3.1001,0.811162
1785,router_5_3,router_3_2,2.9001,0.808773
1786,router_5_3,router_2_2,3.4001,0.750801
1787,router_5_3,router_2_2,4.4001,0.748137
1788,router_6_3,router_2_2,5.6001,0.694673
1789,router_6_3,router_2_2,4.6001,0.695267
1790,router_6_3,router_1_2,3.1000,0.654967
1791,router_6_3,router_1_2,5.6001,0.648008
1792,router_7_3,router_1_2,7.6002,0.599651
1793,router_7_3,router_1_2,4.1001,0.610060
1794,router_7_3,router_0_2,5.6001,0.570133
1795,router_7_3,router_0_2,5.6001,0.569280
1796,router_0_3,router_7_2,4.5001,0.571673
1797,router_0_3,router_7_2,4.1001,0.572274
1798,router_1_3,router_7_2,4.1001,0.612420
1799,router_1_3,router_7_2,3.7001,0.611551
1800,router_1_3,router_6_2,4.6001,0.651098
1801,router_1_3,router_6_2,3.9001,0.653781
1802,router_2_3,router_6_2,3.6000,0.699502
1803,router_2_3,router_6_2,5.1001,0.695089
1804,router_2_3,router_5_2,2.1000,0.754016
1805,router_2_3,router_5_2,1.7000,0.755093
1806,router_3_3,router_5_2,2.9001,0.809146
1807,router_3_3,router_5_2,2.4000,0.811237
1808,router_3_3,router_4_2,1.1000,0.877961
1809,router_3_3,router_4_2,2.7001,0.876957
1810,router_4_3,router_4_2,0.5000,0.949813
1811,router_4_3,router_4_2,0.5000,0.949813
1812,router_4_3,router_3_2,0.8000,0.878464
1813,router_4_3,router_3_2,2.3001,0.875955
1814,router_5_3,router_3_2,2.4000,0.811013
1815,router_5_3,router_3_2,2.4000,0.811013
1816,router_5_3,router_2_2,1.9000,0.754824
1817,router_5_3,router_2_2,4.9001,0.750134
1818,router_6_3,router_2_2,6.1001,0.689369
1819,router_6_3,router_2_2,4.6001,0.698843
1820,router_6_3,router_1_2,3.6000,0.653889
1821,router_6_3,router_1_2,3.6000,0.654427
1822,router_7_3,router_1_2,4.1001,0.609101
1823,router_7_3,router_1_2,5.6001,0.605291
1824,router_7_3,router_0_2,4.1001,0.573997
1825,router_7_3,router_0_2,4.1001,0.573997
1826,router_0_3,router_7_2,6.1001,0.568175
1827,router_0_3,router_7_2,6.5001,0.568175
1828,router_0_3,router_7_2,4.9001,0.570645
1829,router_1_3,router_7_2,4.1001,0.609820
1830,router_1_3,router_6_2,5.3001,0.649177
1831,router_1_3,router_6_2,3.1000,0.654212
1832,router_1_3,router_6_2,5.6001,0.646631
1833,router_2_3,router_6_2,3.1000,0.699862
1834,router_2_3,router_5_2,2.1000,0.754151
1835,router_2_3,router_5_2,3.7001,0.752942
1836,router_2_3,router_5_2,2.1000,0.754554
1837,router_3_3,router_5_2,2.9001,0.810938
1838,router_3_3,router_4_2,1.8000,0.877292
1839,router_3_3,router_4_2,0.8000,0.878296
1840,router_3_3,router_4_2,2.3001,0.876790
1841,router_4_3,router_4_2,1.5000,0.949813
1842,router_4_3,router_3_2,2.8001,0.875121
1843,router_4_3,router_3_2,1.3000,0.878464
1844,router_4_3,router_3_2,4.3001,0.874288
1845,router_5_3,router_3_2,2.1000,0.812661
1846,router_5_3,router_2_2,7.4002,0.740230
1847,router_5_3,router_2_2,8.9002,0.737622
1848,router_5_3,router_2_2,6.4001,0.743509
1849,router_6_3,router_2_2,3.6000,0.700042
1850,router_6_3,router_1_2,5.0001,0.650884
1851,router_6_3,router_1_2,6.0001,0.648752
1852,router_6_3,router_1_2,4.6001,0.650670
1853,router_7_3,router_1_2,4.6001,0.609101
1854,router_7_3,router_0_2,3.6000,0.575730
1855,router_7_3,router_0_2,5.1001,0.570987
1856,router_7_3,router_0_2,3.6000,0.574430
1857,router_0_3,router_7_2,5.6001,0.568090
1858,router_0_3,router_7_2,3.3001,0.575123
1859,router_0_3,router_7_2,3.3001,0.574776
1860,router_1_3,router_7_2,5.6001,0.606572
1861,router_1_3,router_6_2,5.6001,0.646631
1862,router_1_3,router_6_2,3.6000,0.652598
1863,router_1_3,router_6_2,3.1000,0.655940
1864,router_2_3,router_6_2,4.1001,0.698664
1865,router_2_3,router_5_2,3.4001,0.751068
1866,router_2_3,router_5_2,2.4000,0.753748
1867,router_2_3,router_5_2,3.7001,0.750267
1868,router_3_3,router_5_2,4.1001,0.810340
1869,router_3_3,router_4_2,2.7001,0.876122
1870,router_3_3,router_4_2,0.8000,0.878296
1871,router_3_3,router_4_2,1.5000,0.878129
1872,router_4_3,router_4_2,0.5000,0.949813
1873,router_4_3,router_3_2,1.8000,0.877627
1874,router_4_3,router_3_2,0.8000,0.878464
1875,router_4_3,router_3_2,3.8001,0.874288
1876,router_5_3,router_3_2,3.6001,0.810415
1877,router_5_3,router_2_2,1.9000,0.754824
1878,router_5_3,router_2_2,1.9000,0.754824
1879,router_5_3,router_2_2,3.9001,0.750134
1880,router_6_3,router_2_2,3.6000,0.700042
1881,router_6_3,router_1_2,4.6001,0.650136
1882,router_6_3,router_1_2,3.6000,0.653889
1883,router_6_3,router_1_2,4.6001,0.649603
1884,router_7_3,router_1_2,4.1001,0.611021
1885,router_7_3,router_0_2,4.1001,0.574430
1886,router_7_3,router_0_2,8.1002,0.564631
1887,router_7_3,router_0_2,3.6000,0.574430
1888,router_0_3,router_7_2,4.5001,0.572016
1889,router_0_3,router_7_2,5.1001,0.571416
1890,router_0_3,router_7_2,4.5001,0.572618
1891,router_0_3,router_7_2,8.1002,0.562874
1892,router_1_3,router_6_2,5.1001,0.651205
1893,router_1_3,router_6_2,3.3001,0.653566
1894,router_1_3,router_6_2,4.5001,0.649816
1895,router_1_3,router_6_2,3.3001,0.654427
1896,router_2_3,router_5_2,1.7000,0.755228
1897,router_2_3,router_5_2,2.9001,0.753076
1898,router_2_3,router_5_2,3.4001,0.751068
1899,router_2_3,router_5_2,2.5000,0.752942
1900,router_3_3,router_4_2,2.3001,0.875788
1901,router_3_3,router_4_2,1.3000,0.878129
1902,router_3_3,router_4_2,2.3001,0.877125
1903,router_3_3,router_4_2,1.5000,0.878129
1904,router_4_3,router_3_2,1.8000,0.877627
1905,router_4_3,router_3_2,1.8000,0.876790
1906,router_4_3,router_3_2,0.8000,0.878464
1907,router_4_3,router_3_2,0.8000,0.878464
1908,router_5_3,router_2_2,2.9001,0.753479
1909,router_5_3,router_2_2,2.9000,0.752138
1910,router_5_3,router_2_2,1.9000,0.754824
1911,router_5_3,router_2_2,2.4000,0.753479
1912,router_6_3,router_1_2,4.6001,0.651205
1913,router_6_3,router_1_2,4.1001,0.652276
1914,router_6_3,router_1_2,4.6001,0.649603
1915,router_6_3,router_1_2,3.6000,0.652813
1916,router_7_3,router_0_2,5.1001,0.570987
1917,router_7_3,router_0_2,5.1001,0.571416
1918,router_7_3,router_0_2,6.1001,0.568855
1919,router_7_3,router_0_2,7.1001,0.566736
1920,router_0_3,router_7_2,3.7001,0.574603
1921,router_0_3,router_7_2,5.7001,0.570047
1922,router_0_3,router_7_2,3.3001,0.575123
1923,router_0_3,router_7_2,4.5001,0.573307
1924,router_1_3,router_6_2,4.1001,0.652706
1925,router_1_3,router_6_2,4.9001,0.650777
1926,router_1_3,router_6_2,3.9001,0.652276
1927,router_1_3,router_6_2,4.1001,0.651419
1928,router_2_3,router_5_2,2.9001,0.752406
1929,router_2_3,router_5_2,2.5000,0.754823
1930,router_2_3,router_5_2,4.9001,0.749201
1931,router_2_3,router_5_2,2.5000,0.753076
1932,router_3_3,router_4_2,3.3001,0.874122
1933,router_3_3,router_4_2,2.3000,0.877794
1934,router_3_3,router_4_2,0.8000,0.878296
1935,router_3_3,router_4_2,1.9001,0.877459
1936,router_4_3,router_3_2,1.3000,0.877627
1937,router_4_3,router_3_2,1.8000,0.877627
1938,router_4_3,router_3_2,7.3002,0.867664
1939,router_4_3,router_3_2,3.3001,0.875121
1940,router_5_3,router_2_2,1.9000,0.754824
1941,router_5_3,router_2_2,1.9000,0.755497
1942,router_5_3,router_2_2,6.9002,0.742195
1943,router_5_3,router_2_2,1.9000,0.755497
1944,router_6_3,router_1_2,3.6000,0.652813
1945,router_6_3,router_1_2,5.6001,0.647478
1946,router_6_3,router_1_2,4.1001,0.652276
1947,router_6_3,router_1_2,3.1000,0.654427
1948,router_7_3,router_0_2,3.6000,0.574430
1949,router_7_3,router_0_2,5.1001,0.570560
1950,router_7_3,router_0_2,5.1001,0.570133
1951,router_7_3,router_0_2,6.6001,0.569280
1952,router_0_3,router_7_2,4.5001,0.573393
1953,router_0_3,router_7_2,3.3001,0.575470
1954,router_0_3,router_7_2,4.1001,0.572016
1955,router_0_3,router_6_2,4.9001,0.609053
1956,router_1_3,router_6_2,3.3001,0.653673
1957,router_1_3,router_6_2,3.3001,0.653566
1958,router_1_3,router_6_2,3.3001,0.654212
1959,router_1_3,router_5_2,3.6000,0.698544
1960,router_2_3,router_5_2,2.1000,0.754823
1961,router_2_3,router_5_2,2.5000,0.754420
1962,router_2_3,router_5_2,4.9001,0.747871
1963,router_2_3,router_4_2,2.1000,0.812286
1964,router_3_3,router_4_2,1.3001,0.877459
1965,router_3_3,router_4_2,1.3000,0.878129
1966,router_3_3,router_4_2,0.8000,0.878296
1967,router_3_3,router_3_2,0.5000,0.949813
1968,router_4_3,router_3_2,2.8001,0.875121
1969,router_4_3,router_3_2,1.8000,0.876790
1970,router_4_3,router_3_2,1.8000,0.876790
1971,router_4_3,router_2_2,3.4001,0.811013
1972,router_5_3,router_2_2,1.9000,0.754824
1973,router_5_3,router_2_2,4.4001,0.750134
1974,router_5_3,router_2_2,3.4001,0.750801
1975,router_5_3,router_1_2,7.1001,0.689955
1976,router_6_3,router_1_2,3.1000,0.654967
1977,router_6_3,router_1_2,5.6001,0.646419
1978,router_6_3,router_1_2,4.6001,0.649603
1979,router_6_3,router_0_2,4.8001,0.609964
1980,router_7_3,router_0_2,3.1000,0.576165
1981,router_7_3,router_0_2,4.1001,0.572704
1982,router_7_3,router_0_2,5.1001,0.571845
1983,router_7_3,router_7_1,2.8001,0.876790
1984,router_0_3,router_7_2,4.1001,0.573307
1985,router_0_3,router_7_2,5.3001,0.570303
1986,router_0_3,router_7_2,3.3001,0.576165
1987,router_0_3,router_6_2,6.9002,0.602319
1988,router_1_3,router_6_2,4.5001,0.649816
1989,router_1_3,router_6_2,3.7001,0.653889
1990,router_1_3,router_6_2,2.9000,0.654859
1991,router_1_3,router_5_2,3.3001,0.699622
1992,router_2_3,router_5_2,2.5001,0.754689
1993,router_2_3,router_5_2,3.7001,0.751870
1994,router_2_3,router_5_2,3.3001,0.750801
1995,router_2_3,router_4_2,2.4000,0.810639
1996,router_3_3,router_4_2,3.8001,0.873955
1997,router_3_3,router_4_2,1.3000,0.877459
1998,router_3_3,router_4_2,1.3000,0.878129
1999,router_3_3,router_3_2,0.5000,0.949813
2000,router_4_3,router_3_2,1.3000,0.877627
2001,router_4_3,router_3_2,0.8000,0.878464
2002,router_4_3,router_3_2,2.8001,0.876790
2003,router_4_3,router_2_2,1.4000,0.813261
2004,router_5_3,router_2_2,1.4000,0.756172
2005,router_5_3,router_2_2,4.4001,0.750801
2006,router_5_3,router_2_2,2.9000,0.752808
2007,router_5_3,router_1_2,4.1001,0.697051
2008,router_6_3,router_1_2,4.1001,0.652813
2009,router_6_3,router_1_2,5.6001,0.646419
2010,router_6_3,router_1_2,8.1002,0.640127
2011,router_6_3,router_0_2,6.1001,0.603401
2012,router_7_3,router_0_2,5.6001,0.570560
2013,router_7_3,router_0_2,6.1001,0.570133
2014,router_7_3,router_0_2,6.1001,0.569280
2015,router_7_3,router_7_1,1.3000,0.877627
2016,router_0_3,router_7_2,5.7001,0.568855
2017,router_0_3,router_7_2,4.1001,0.572274
2018,router_0_3,router_6_2,3.7001,0.612613
2019,router_0_3,router_6_2,4.1001,0.610396
2020,router_1_3,router_6_2,3.6000,0.652598
2021,router_1_3,router_6_2,3.7001,0.652813
2022,router_1_3,router_5_2,2.9000,0.701063
2023,router_1_3,router_5_2,6.6001,0.688842
2024,router_2_3,router_5_2,3.3001,0.750801
2025,router_2_3,router_5_2,3.7001,0.749734
2026,router_2_3,router_4_2,1.4000,0.813036
2027,router_2_3,router_4_2,3.9001,0.809146
2028,router_3_3,router_4_2,2.3001,0.875788
2029,router_3_3,router_4_2,2.3000,0.875788
2031,router_3_3,router_3_2,1.0000,0.949813
2031,router_3_3,router_3_2,0.5000,0.949813
2032,router_4_3,router_3_2,1.8000,0.876790
2033,router_4_3,router_3_2,0.8000,0.878464
2034,router_4_3,router_2_2,2.4000,0.812511
2035,router_4_3,router_2_2,2.4000,0.810265
2036,router_5_3,router_2_2,2.4000,0.754151
2037,router_5_3,router_2_2,1.9000,0.754824
2038,router_5_3,router_1_2,4.6001,0.695267
2039,router_5_3,router_1_2,3.6000,0.700042
2040,router_6_3,router_1_2,5.0001,0.650884
2041,router_6_3,router_1_2,4.1001,0.651205
2042,router_6_3,router_0_2,5.1001,0.608145
2043,router_6_3,router_0_2,4.1001,0.610060
2044,router_7_3,router_0_2,4.1001,0.573135
2045,router_7_3,router_0_2,8.1002,0.563375
2046,router_7_3,router_7_1,0.8000,0.878464
2047,router_7_3,router_7_1,1.3000,0.878464
2048,router_0_3,router_7_2,4.5001,0.571587
2049,router_0_3,router_7_2,4.1001,0.572016
2050,router_0_3,router_6_2,4.6001,0.610012
2051,router_0_3,router_6_2,4.9001,0.607906
2052,router_1_3,router_6_2,4.9001,0.649071
2053,router_1_3,router_6_2,4.3001,0.651526
2054,router_1_3,router_5_2,4.1001,0.696277
2055,router_1_3,router_5_2,5.3001,0.693903
2056,router_2_3,router_5_2,2.9001,0.752942
2057,router_2_3,router_5_2,4.9001,0.747208
2058,router_2_3,router_4_2,1.9000,0.812136
2059,router_2_3,router_4_2,2.1000,0.811088
2060,router_3_3,router_4_2,4.3001,0.872459
2061,router_3_3,router_4_2,1.8000,0.877292
2062,router_3_3,router_3_2,0.5000,0.949813
2063,router_3_3,router_3_2,1.0000,0.949813
2064,router_4_3,router_3_2,1.3000,0.877627
2065,router_4_3,router_3_2,1.3000,0.877627
2066,router_4_3,router_2_2,2.9001,0.811013
2067,router_4_3,router_2_2,5.4001,0.801372
2068,router_5_3,router_2_2,3.4001,0.752138
2069,router_5_3,router_2_2,5.4001,0.745487
2070,router_5_3,router_1_2,4.1001,0.697648
2071,router_5_3,router_1_2,4.7001,0.699202
2072,router_6_3,router_1_2,4.1001,0.651205
2073,router_6_3,router_1_2,4.6001,0.651740
2074,router_6_3,router_0_2,4.6001,0.610348
2075,router_6_3,router_0_2,5.6001,0.606240
2076,router_7_3,router_0_2,6.1001,0.568005
2077,router_7_3,router_0_2,4.1001,0.573566
2078,router_7_3,router_7_1,0.8000,0.878464
2079,router_7_3,router_7_1,1.3000,0.877627
2080,router_0_3,router_7_2,3.7001,0.574343
2081,router_0_3,router_6_2,6.1001,0.604865
2082,router_0_3,router_6_2,4.1001,0.609820
2083,router_0_3,router_6_2,4.9001,0.609628
2084,router_1_3,router_6_2,3.3001,0.654104
2085,router_1_3,router_5_2,3.7001,0.697827
2086,router_1_3,router_5_2,3.7001,0.699862
2087,router_1_3,router_5_2,5.1001,0.693667
2088,router_2_3,router_5_2,3.3001,0.752138
2089,router_2_3,router_4_2,4.2001,0.809444
2090,router_2_3,router_4_2,3.8001,0.810041
2091,router_2_3,router_4_2,3.0001,0.811237
2092,router_3_3,router_4_2,2.3001,0.875788
2093,router_3_3,router_3_2,1.5000,0.949813
2094,router_3_3,router_3_2,0.5000,0.949813
2095,router_3_3,router_3_2,0.5000,0.949813
2096,router_4_3,router_3_2,1.3000,0.877627
2097,router_4_3,router_2_2,3.4001,0.808773
2098,router_4_3,router_2_2,5.4001,0.802108
2099,router_4_3,router_2_2,2.4000,0.810265
2100,router_5_3,router_2_2,2.4000,0.753479
2101,router_5_3,router_1_2,6.1001,0.689369
2102,router_5_3,router_1_2,4.1001,0.698843
2103,router_5_3,router_1_2,3.6000,0.698245
2104,router_6_3,router_1_2,3.1000,0.654427
2105,router_6_3,router_0_2,4.1001,0.610060
2106,router_6_3,router_0_2,5.1001,0.607191
2107,router_6_3,router_0_2,4.6001,0.610060
2108,router_7_3,router_0_2,4.1001,0.573997
2109,router_7_3,router_7_1,1.3000,0.877627
2110,router_7_3,router_7_1,2.8001,0.875955
2111,router_7_3,router_7_1,1.3000,0.877627
2112,router_0_3,router_7_2,3.3000,0.575643
2113,router_0_3,router_6_2,4.1001,0.610204
2114,router_0_3,router_6_2,3.3001,0.611744
2115,router_0_3,router_6_2,3.3001,0.612227
2116,router_1_3,router_6_2,3.7001,0.652813
2117,router_1_3,router_5_2,3.7001,0.699143
2118,router_1_3,router_5_2,3.3001,0.699742
2119,router_1_3,router_5_2,3.3001,0.701063
2120,router_2_3,router_5_2,2.9001,0.752674
2121,router_2_3,router_4_2,2.9001,0.810340
2122,router_2_3,router_4_2,1.4000,0.813637
2123,router_2_3,router_4_2,1.4000,0.813036
2124,router_3_3,router_4_2,1.3000,0.877459
2125,router_3_3,router_3_2,2.5001,0.949813
2126,router_3_3,router_3_2,1.0000,0.949813
2127,router_3_3,router_3_2,0.5000,0.949813
2128,router_4_3,router_3_2,1.8000,0.876790
2129,router_4_3,router_2_2,1.9000,0.811761
2130,router_4_3,router_2_2,1.9000,0.811761
2131,router_4_3,router_2_2,3.4001,0.807285
2132,router_5_3,router_2_2,2.9000,0.754151
2133,router_5_3,router_1_2,4.6001,0.694673
2134,router_5_3,router_1_2,7.6002,0.685868
2135,router_5_3,router_1_2,3.1000,0.700042
2136,router_6_3,router_1_2,3.5001,0.654104
2137,router_6_3,router_0_2,5.1001,0.608623
2138,router_6_3,router_0_2,6.1001,0.603401
2139,router_6_3,router_0_2,6.1001,0.604345
2140,router_7_3,router_0_2,6.1001,0.568005
2141,router_7_3,router_7_1,1.8000,0.878464
2142,router_7_3,router_7_1,1.8000,0.877627
2143,router_7_3,router_7_1,1.3000,0.877627
2144,router_0_3,router_6_2,5.7001,0.604865
2145,router_0_3,router_6_2,5.3001,0.606097
2146,router_0_3,router_6_2,3.7001,0.611262
2147,router_0_3,router_6_2,3.3001,0.612807
2148,router_1_3,router_5_2,4.1001,0.697708
2149,router_1_3,router_5_2,4.5001,0.696515
2150,router_1_3,router_5_2,3.3001,0.700823
2151,router_1_3,router_5_2,3.2001,0.701544
2152,router_2_3,router_4_2,2.5000,0.810639
2153,router_2_3,router_4_2,1.4000,0.813637
2154,router_2_3,router_4_2,2.1000,0.811686
2155,router_2_3,router_4_2,3.9001,0.808550
2156,router_3_3,router_3_2,1.0000,0.949813
2157,router_3_3,router_3_2,0.5000,0.949813
2158,router_3_3,router_3_2,2.0000,0.949813
2159,router_3_3,router_3_2,0.5000,0.949813
2160,router_4_3,router_2_2,3.4001,0.807285
2161,router_4_3,router_2_2,2.9000,0.810265
2162,router_4_3,router_2_2,3.9001,0.808773
2163,router_4_3,router_2_2,2.6000,0.811911
2164,router_5_3,router_1_2,3.6000,0.699442
2165,router_5_3,router_1_2,4.6001,0.697051
2166,router_5_3,router_1_2,3.1000,0.701244
2167,router_5_3,router_1_2,3.6000,0.699442
2168,router_6_3,router_0_2,4.6001,0.608623
2169,router_6_3,router_0_2,3.1000,0.613436
2170,router_6_3,router_0_2,5.1001,0.605765
2171,router_6_3,router_0_2,3.6000,0.611985
2172,router_7_3,router_7_1,1.3000,0.877627
2173,router_7_3,router_7_1,1.8000,0.876790
2174,router_7_3,router_7_1,1.8000,0.876790
2175,router_7_3,router_7_1,1.8000,0.878464
2176,router_0_3,router_6_2,5.7001,0.604865
2177,router_0_3,router_6_2,2.6000,0.614455
2178,router_0_3,router_6_2,4.1001,0.609436
2179,router_0_3,router_6_2,4.9001,0.606858
2180,router_1_3,router_5_2,5.3001,0.693075
2181,router_1_3,router_5_2,2.9000,0.701063
2182,router_1_3,router_5_2,4.1001,0.696873
2183,router_1_3,router_5_2,4.1001,0.698664
2184,router_2_3,router_4_2,1.7000,0.812286
2185,router_2_3,router_4_2,2.4000,0.812436
2186,router_2_3,router_4_2,2.1000,0.811088
2187,router_2_3,router_4_2,3.9001,0.807359
2188,router_3_3,router_3_2,0.5000,0.949813
2190,router_3_3,router_3_2,0.5000,0.949813
2191,router_3_3,router_3_2,1.5000,0.949813
2191,router_3_3,router_3_2,4.5001,0.949813
2192,router_4_3,router_2_2,5.6001,0.807434
2193,router_4_3,router_2_2,2.4000,0.811013
2194,router_4_3,router_2_2,3.4001,0.808029
2195,router_4_3,router_2_2,1.4000,0.813261
2196,router_5_3,router_1_2,3.7001,0.701003
2197,router_5_3,router_1_2,7.2001,0.697409
2198,router_5_3,router_1_2,3.6000,0.698843
2199,router_5_3,router_1_2,4.7001,0.698006
2200,router_6_3,router_0_2,3.1000,0.612952
2201,router_6_3,router_0_2,4.1001,0.610060
2202,router_6_3,router_0_2,5.6001,0.605291
2203,router_6_3,router_0_2,4.3001,0.611407
2204,router_7_3,router_7_1,2.3000,0.876790
2205,router_7_3,router_7_1,2.8001,0.875121
2206,router_7_3,router_7_1,1.8000,0.876790
2207,router_7_3,router_7_1,7.3002,0.868488
2208,router_7_2,router_6_2,2.5001,0.949813
2209,router_0_3,router_6_2,3.7001,0.610685
2210,router_0_3,router_6_2,4.6001,0.610396
2211,router_0_3,router_6_2,3.7001,0.610781
2212,router_0_3,router_5_2,4.6001,0.651098
2213,router_1_3,router_5_2,6.9002,0.687440
2214,router_1_3,router_5_2,3.1000,0.699862
2215,router_1_3,router_5_2,5.7001,0.691660
2216,router_1_3,router_4_2,2.1000,0.754823
2217,router_2_3,router_4_2,4.6001,0.810489
2218,router_2_3,router_4_2,1.9000,0.812136
2219,router_2_3,router_4_2,2.4000,0.810639
2220,router_2_3,router_3_2,1.3000,0.877459
2221,router_3_3,router_3_2,0.5000,0.949813
2222,router_3_3,router_3_2,0.5000,0.949813
2222,router_3_3,router_3_2,1.5000,0.949813
2224,router_3_3,router_2_2,1.3000,0.877627
2225,router_4_3,router_2_2,2.4000,0.810265
2226,router_4_3,router_2_2,1.9000,0.811761
2227,router_4_3,router_2_2,3.9001,0.805801
2228,router_4_3,router_1_2,5.4001,0.746148
2229,router_5_3,router_1_2,4.6001,0.695267
2230,router_5_3,router_1_2,3.6000,0.698843
2231,router_5_3,router_1_2,5.6001,0.691130
2232,router_5_3,router_0_2,3.6000,0.652813
2233,router_6_3,router_0_2,7.1001,0.600585
2234,router_6_3,router_0_2,5.6001,0.606525
2235,router_6_3,router_0_2,5.6001,0.607477
2236,router_6_3,router_7_1,4.2001,0.809593
2237,router_7_3,router_7_1,0.8000,0.878464
2238,router_7_3,router_7_1,2.8001,0.876790
2239,router_7_3,router_7_1,1.8000,0.876790
2240,router_7_3,router_6_1,3.1001,0.811162
2241,router_7_2,router_6_2,3.5001,0.949813
2242,router_0_3,router_6_2,4.1001,0.609820
2243,router_0_3,router_6_2,4.1001,0.610204
2244,router_0_3,router_6_2,6.1001,0.606002
2245,router_0_3,router_5_2,4.1001,0.651633
2246,router_1_3,router_5_2,4.1001,0.698185
2247,router_1_3,router_5_2,3.3001,0.699622
2248,router_1_3,router_5_2,4.6001,0.695445
2249,router_1_3,router_4_2,4.9001,0.746546
2250,router_2_3,router_4_2,2.6001,0.811836
2251,router_2_3,router_4_2,1.9000,0.812736
2252,router_2_3,router_4_2,1.4000,0.813036
2253,router_2_3,router_3_2,1.3000,0.878129
2255,router_3_3,router_3_2,3.0001,0.949813
2256,router_3_3,router_3_2,1.0000,0.949813
2256,router_3_3,router_3_2,2.0000,0.949813
2257,router_3_3,router_2_2,1.3000,0.877627
2258,router_4_3,router_2_2,1.9000,0.811761
2259,router_4_3,router_2_2,6.9002,0.799171
2260,router_4_3,router_2_2,1.4000,0.813261
2261,router_4_3,router_1_2,2.9000,0.752138
2262,router_5_3,router_1_2,5.1001,0.692898
2263,router_5_3,router_1_2,3.1000,0.701244
2264,router_5_3,router_1_2,4.1001,0.697051
2265,router_5_3,router_0_2,4.5001,0.651419
2266,router_6_3,router_0_2,3.1000,0.613727
2267,router_6_3,router_0_2,4.1001,0.611310
2268,router_6_3,router_0_2,4.1001,0.610060
2269,router_6_3,router_7_1,1.9000,0.812886
2270,router_7_3,router_7_1,1.3000,0.877627
2271,router_7_3,router_7_1,2.3001,0.875955
2272,router_7_3,router_7_1,0.8000,0.878464
2273,router_7_3,router_6_1,2.4000,0.811013
2274,router_7_2,router_6_2,0.5000,0.949813
2274,router_7_2,router_6_2,3.5001,0.949813
2276,router_0_3,router_6_2,4.1001,0.610973
2277,router_0_3,router_6_2,4.5001,0.608766
2278,router_0_3,router_5_2,3.1001,0.654535
2279,router_0_3,router_5_2,2.9000,0.654967
2280,router_1_3,router_5_2,5.1001,0.693194
2281,router_1_3,router_5_2,3.6000,0.698066
2282,router_1_3,router_4_2,2.1000,0.754016
2283,router_1_3,router_4_2,2.5000,0.754285
2284,router_2_3,router_4_2,4.1001,0.805727
2285,router_2_3,router_4_2,2.9000,0.808550
2286,router_2_3,router_3_2,1.3000,0.877459
2287,router_2_3,router_3_2,1.5000,0.877292
2288,router_3_3,router_3_2,3.5001,0.949813
2288,router_3_3,router_3_2,1.0000,0.949813
2290,router_3_3,router_2_2,1.8000,0.876790
2291,router_3_3,router_2_2,2.3001,0.875955
2292,router_4_3,router_2_2,3.4001,0.807285
2293,router_4_3,router_2_2,1.6000,0.813412
2294,router_4_3,router_1_2,4.4001,0.749467
2295,router_4_3,router_1_2,2.4000,0.754824
2296,router_5_3,router_1_2,4.1001,0.698245
2297,router_5_3,router_1_2,3.2001,0.701605
2298,router_5_3,router_0_2,3.1000,0.654427
2299,router_5_3,router_0_2,5.1001,0.649071
2300,router_6_3,router_0_2,6.1001,0.603401
2301,router_6_3,router_0_2,8.6002,0.598999
2302,router_6_3,router_7_1,2.8001,0.809743
2303,router_6_3,router_7_1,2.4000,0.810191
2304,router_7_3,router_7_1,2.8001,0.875955
2305,router_7_3,router_7_1,3.3001,0.877627
2306,router_7_3,router_6_1,3.4001,0.808029
2307,router_7_3,router_6_1,1.6000,0.813412
2308,router_7_2,router_6_2,1.0000,0.949813
2309,router_7_2,router_6_2,1.0000,0.949813
2310,router_0_3,router_6_2,5.1001,0.607334
2311,router_0_3,router_6_2,3.7001,0.610973
2312,router_0_3,router_5_2,4.1001,0.652813
2313,router_0_3,router_5_2,2.9000,0.654859
2314,router_1_3,router_5_2,2.9000,0.700582
2315,router_1_3,router_5_2,3.3001,0.699262
2316,router_1_3,router_4_2,2.9001,0.754554
2317,router_1_3,router_4_2,3.3001,0.752272
2318,router_2_3,router_4_2,2.9001,0.808550
2319,router_2_3,router_4_2,1.9000,0.812136
2320,router_2_3,router_3_2,1.8000,0.877292
2321,router_2_3,router_3_2,1.3000,0.877459
2322,router_3_3,router_3_2,4.0001,0.949813
2322,router_3_3,router_3_2,0.5000,0.949813
2324,router_3_3,router_2_2,0.8000,0.878464
2325,router_3_3,router_2_2,1.3000,0.877627
2326,router_4_3,router_2_2,1.9000,0.812511
2327,router_4_3,router_2_2,3.4001,0.810265
2328,router_4_3,router_1_2,1.9000,0.754824
2329,router_4_3,router_1_2,2.9000,0.753479
2330,router_5_3,router_1_2,4.6001,0.695267
2331,router_5_3,router_1_2,5.1001,0.695267
2332,router_5_3,router_0_2,5.1001,0.649071
2333,router_5_3,router_0_2,6.6001,0.643785
2334,router_6_3,router_0_2,3.3000,0.612855
2335,router_6_3,router_0_2,4.6001,0.609101
2336,router_6_3,router_7_1,5.0000,0.808401
2337,router_6_3,router_7_1,2.4000,0.810191
2338,router_7_3,router_7_1,2.3000,0.875955
2339,router_7_3,router_7_1,1.3000,0.877627
2340,router_7_3,router_6_1,3.4001,0.809519
2341,router_7_3,router_6_1,4.9001,0.808029
2342,router_7_2,router_6_2,0.5000,0.949813
2343,router_7_2,router_6_2,0.5000,0.949813
2344,router_7_2,router_6_2,1.5000,0.949813
2345,router_0_3,router_6_2,4.1001,0.609820
2346,router_0_3,router_5_2,4.1001,0.652169
2347,router_0_3,router_5_2,4.3001,0.652920
2348,router_0_3,router_5_2,4.1001,0.650991
2349,router_1_3,router_5_2,3.6000,0.698544
2350,router_1_3,router_4_2,1.9000,0.754554
2351,router_1_3,router_4_2,1.7000,0.755093
2352,router_1_3,router_4_2,3.9001,0.751335
2353,router_2_3,router_4_2,3.9001,0.806172
2354,router_2_3,router_3_2,1.3000,0.877459
2355,router_2_3,router_3_2,1.3000,0.877459
2356,router_2_3,router_3_2,3.3001,0.874122
2357,router_3_3,router_3_2,5.0001,0.949813
2358,router_3_3,router_2_2,0.8000,0.878464
2359,router_3_3,router_2_2,4.3001,0.872625
2360,router_3_3,router_2_2,0.8000,0.878464
2361,router_4_3,router_2_2,1.4000,0.813261
2362,router_4_3,router_1_2,1.9000,0.754824
2363,router_4_3,router_1_2,2.9000,0.752808
2364,router_4_3,router_1_2,3.9001,0.749467
2365,router_5_3,router_1_2,3.6000,0.699442
2366,router_5_3,router_0_2,4.1001,0.651205
2367,router_5_3,router_0_2,5.0001,0.652491
2368,router_5_3,router_0_2,4.1001,0.651205
2369,router_6_3,router_0_2,5.1001,0.608623
2370,router_6_3,router_7_1,2.4000,0.810191
2371,router_6_3,router_7_1,1.9000,0.811686
2372,router_6_3,router_7_1,3.9001,0.808550
2373,router_7_3,router_7_1,0.8000,0.878464
2374,router_7_3,router_6_1,3.1001,0.811162
2375,router_7_3,router_6_1,2.9001,0.808773
2376,router_7_3,router_6_1,1.4000,0.813261
2377,router_7_2,router_6_2,4.5001,0.949813
2378,router_7_2,router_6_2,1.0000,0.949813
2379,router_7_2,router_6_2,1.0000,0.949813
2380,router_0_3,router_6_2,4.1001,0.610492
2381,router_0_3,router_5_2,3.1000,0.654643
2382,router_0_3,router_5_2,4.6001,0.650243
2383,router_0_3,router_5_2,5.3001,0.648220
2384,router_1_3,router_5_2,4.5001,0.695801
2385,router_1_3,router_4_2,3.9001,0.749734
2386,router_1_3,router_4_2,2.4000,0.753748
2387,router_1_3,router_4_2,3.4001,0.752138
2388,router_2_3,router_4_2,3.4001,0.809444
2389,router_2_3,router_3_2,1.5000,0.878129
2390,router_2_3,router_3_2,2.8001,0.874954
2391,router_2_3,router_3_2,1.1000,0.877961
2392,router_3_3,router_3_2,0.5000,0.949813
2393,router_3_3,router_2_2,1.3000,0.878464
2394,router_3_3,router_2_2,0.8000,0.878464
2395,router_3_3,router_2_2,2.8001,0.875955
2396,router_4_3,router_2_2,2.4000,0.811013
2397,router_4_3,router_1_2,5.4001,0.745487
2398,router_4_3,router_1_2,5.9001,0.744168
2399,router_4_3,router_1_2,3.9001,0.750801
2400,router_5_3,router_1_2,3.6000,0.698843
2401,router_5_3,router_0_2,3.6000,0.653350
2402,router_5_3,router_0_2,3.6000,0.653350
2403,router_5_3,router_0_2,5.5001,0.649816
2404,router_6_3,router_0_2,4.1001,0.610829
2405,router_6_3,router_7_1,2.4000,0.810788
2406,router_6_3,router_7_1,5.9001,0.802623
2407,router_6_3,router_7_1,1.4000,0.813787
2408,router_7_3,router_7_1,2.8001,0.875121
2409,router_7_3,router_6_1,3.1001,0.811162
2410,router_7_3,router_6_1,2.4000,0.810265
2411,router_7_3,router_6_1,2.6000,0.811911
2413,router_7_2,router_6_2,3.0001,0.949813
2414,router_7_2,router_6_2,1.5000,0.949813
2415,router_7_2,router_6_2,0.5000,0.949813
2415,router_7_2,router_6_2,0.5000,0.949813
2416,router_0_3,router_5_2,5.5001,0.649710
2417,router_0_3,router_5_2,3.3000,0.653673
2418,router_0_3,router_5_2,2.9000,0.654967
2419,router_0_3,router_5_2,4.1001,0.650991
2420,router_1_3,router_4_2,2.5001,0.754151
2421,router_1_3,router_4_2,3.4001,0.751068
2422,router_1_3,router_4_2,3.9001,0.751335
2423,router_1_3,router_4_2,1.4000,0.755902
2424,router_2_3,router_3_2,1.9000,0.878296
2425,router_2_3,router_3_2,1.8000,0.877292
2426,router_2_3,router_3_2,0.8000,0.878296
2427,router_2_3,router_3_2,7.3002,0.868159
2428,router_3_3,router_2_2,1.3000,0.877627
2429,router_3_3,router_2_2,2.3001,0.876790
2430,router_3_3,router_2_2,2.8001,0.875121
2431,router_3_3,router_2_2,3.3001,0.874288
2432,router_4_3,router_1_2,2.9001,0.752808
2433,router_4_3,router_1_2,3.4001,0.752808
2434,router_4_3,router_1_2,4.4001,0.748802
2435,router_4_3,router_1_2,3.4001,0.750801
2436,router_5_3,router_0_2,6.1001,0.645891
2437,router_5_3,router_0_2,3.5001,0.654104
2438,router_5_3,router_0_2,3.6000,0.653350
2439,router_5_3,router_0_2,3.1000,0.654967
2440,router_6_3,router_7_1,1.4000,0.813186
2441,router_6_3,router_7_1,1.9000,0.813637
2442,router_6_3,router_7_1,2.4000,0.812286
2443,router_6_3,router_7_1,2.4000,0.810191
2444,router_7_3,router_6_1,2.1000,0.812661
2445,router_7_3,router_6_1,3.9001,0.805801
2446,router_7_3,router_6_1,2.4000,0.810265
2447,router_7_3,router_6_1,1.6000,0.813412
2448,router_7_2,router_6_2,1.0000,0.949813
2449,router_7_2,router_6_2,1.5000,0.949813
2450,router_7_2,router_6_2,0.5000,0.949813
2451,router_7_2,router_6_2,0.5000,0.949813
2452,router_0_3,router_5_2,4.5001,0.649710
2453,router_0_3,router_5_2,3.3001,0.653673
2454,router_0_3,router_5_2,2.9000,0.655291
2455,router_0_3,router_5_2,6.1001,0.644626
2456,router_1_3,router_4_2,3.3001,0.752138
2457,router_1_3,router_4_2,1.9000,0.754554
2458,router_1_3,router_4_2,2.4000,0.753748
2459,router_1_3,router_4_2,2.1000,0.754554
2460,router_2_3,router_3_2,0.8000,0.878296
2461,router_2_3,router_3_2,1.3000,0.878129
2462,router_2_3,router_3_2,0.8000,0.878296
2463,router_2_3,router_3_2,4.3001,0.873124
2464,router_3_3,router_2_2,2.3001,0.875955
2465,router_3_3,router_2_2,3.3001,0.875121
2466,router_3_3,router_2_2,1.3000,0.877627
2467,router_3_3,router_2_2,1.3000,0.877627
2468,router_4_3,router_1_2,3.4001,0.752808
2469,router_4_3,router_1_2,2.9000,0.752808
2470,router_4_3,router_1_2,4.9001,0.746810
2471,router_4_3,router_1_2,3.4001,0.752138
2472,router_5_3,router_0_2,3.6000,0.654427
2473,router_5_3,router_0_2,4.1001,0.651205
2474,router_5_3,router_0_2,4.6001,0.651205
2475,router_5_3,router_0_2,5.6001,0.647478
2476,router_6_3,router_7_1,1.4000,0.813787
2477,router_6_3,router_7_1,1.9000,0.812886
2478,router_6_3,router_7_1,1.9000,0.813036
2479,router_6_3,router_7_1,2.4000,0.811986
2480,router_7_3,router_6_1,7.4002,0.796979
2481,router_7_3,router_6_1,2.4000,0.810265
2482,router_7_3,router_6_1,2.9000,0.810265
2483,router_7_3,router_6_1,1.9000,0.812511
2484,router_7_2,router_6_2,2.0000,0.949813
2486,router_7_2,router_6_2,2.0000,0.949813
2486,router_7_2,router_6_2,1.5000,0.949813
2487,router_7_2,router_5_2,3.3001,0.875121
2488,router_0_3,router_5_2,5.5001,0.648114
2489,router_0_3,router_5_2,5.1001,0.650350
2490,router_0_3,router_5_2,4.5001,0.651419
2491,router_0_3,router_4_2,5.3001,0.693903
2492,router_1_3,router_4_2,2.1000,0.754151
2493,router_1_3,router_4_2,2.1000,0.754151
2494,router_1_3,router_4_2,2.5000,0.752942
2495,router_1_3,router_3_2,4.4001,0.807657
2496,router_2_3,router_3_2,3.1000,0.876289
2497,router_2_3,router_3_2,4.3001,0.874288
2498,router_2_3,router_3_2,0.8000,0.878296
2499,router_2_3,router_2_2,1.0000,0.949813
2500,router_3_3,router_2_2,1.3000,0.877627
2501,router_3_3,router_2_2,2.3001,0.878464
2502,router_3_3,router_2_2,1.3000,0.877627
2503,router_3_3,router_1_2,1.6000,0.813412
2504,router_4_3,router_1_2,2.4000,0.754824
2505,router_4_3,router_1_2,5.9001,0.748802
2506,router_4_3,router_1_2,4.9001,0.746810
2507,router_4_3,router_0_2,4.6001,0.696456
2508,router_5_3,router_0_2,4.1001,0.652813
2509,router_5_3,router_0_2,4.1001,0.653350
2510,router_5_3,router_0_2,3.6000,0.653350
2511,router_5_3,router_7_1,2.9000,0.752674
2512,router_6_3,router_7_1,1.9000,0.812286
2513,router_6_3,router_7_1,1.4000,0.813186
2514,router_6_3,router_7_1,1.4000,0.813186
2515,router_6_3,router_6_1,1.8000,0.878464
2516,router_7_3,router_6_1,2.9001,0.811013
2517,router_7_3,router_6_1,1.9000,0.811761
2518,router_7_3,router_6_1,2.4000,0.811013
2519,router_7_3,router_5_1,2.9000,0.752808
2521,router_7_2,router_6_2,2.5001,0.949813
2522,router_7_2,router_6_2,0.5000,0.949813
2522,router_7_2,router_6_2,0.5000,0.949813
2523,router_7_2,router_5_2,2.3000,0.876790
2524,router_0_3,router_5_2,3.6000,0.653028
2525,router_0_3,router_5_2,3.1000,0.654212
2526,router_0_3,router_5_2,6.1001,0.645891
2527,router_0_3,router_4_2,3.6000,0.698066
2528,router_1_3,router_4_2,2.9001,0.753748
2529,router_1_3,router_4_2,1.7000,0.755767
2530,router_1_3,router_4_2,1.9000,0.754554
2531,router_1_3,router_3_2,1.7000,0.812286
2532,router_2_3,router_3_2,2.7000,0.875288
2533,router_2_3,router_3_2,3.1001,0.874621
2534,router_2_3,router_3_2,1.1000,0.877961
2535,router_2_3,router_2_2,0.5000,0.949813
2536,router_3_3,router_2_2,2.3001,0.875955
2537,router_3_3,router_2_2,1.3000,0.878464
2538,router_3_3,router_2_2,2.3001,0.875955
2539,router_3_3,router_1_2,1.9000,0.811761
2540,router_4_3,router_1_2,1.9000,0.754824
2541,router_4_3,router_1_2,3.4001,0.752138
2542,router_4_3,router_1_2,3.9001,0.749467
2543,router_4_3,router_0_2,3.6000,0.701244
2544,router_5_3,router_0_2,3.6000,0.653350
2545,router_5_3,router_0_2,3.6000,0.652813
2546,router_5_3,router_0_2,5.1001,0.650136
2547,router_5_3,router_7_1,2.9000,0.752674
2548,router_6_3,router_7_1,1.4000,0.813787
2549,router_6_3,router_7_1,4.4001,0.804247
2550,router_6_3,router_7_1,3.4001,0.811537
2551,router_6_3,router_6_1,1.3000,0.877627
2552,router_7_3,router_6_1,2.9001,0.811013
2553,router_7_3,router_6_1,2.9000,0.810265
2554,router_7_3,router_6_1,1.9000,0.812511
2555,router_7_3,router_5_1,3.4001,0.750801
2556,router_7_2,router_6_2,2.5001,0.949813
2557,router_7_2,router_6_2,1.5000,0.949813
2559,router_7_2,router_5_2,2.2000,0.876122
2559,router_7_2,router_5_2,0.8000,0.878464
2560,router_0_3,router_5_2,4.5001,0.650136
2561,router_0_3,router_5_2,3.6000,0.653028
2562,router_0_3,router_4_2,3.7001,0.698664
2563,router_0_3,router_4_2,4.5001,0.696277
2564,router_1_3,router_4_2,2.9001,0.751870
2565,router_1_3,router_4_2,1.4000,0.755902
2566,router_1_3,router_3_2,1.9000,0.812136
2567,router_1_3,router_3_2,2.4000,0.811237
2568,router_2_3,router_3_2,2.3001,0.875788
2569,router_2_3,router_3_2,0.8000,0.878296
2570,router_2_3,router_2_2,1.5000,0.949813
2570,router_2_3,router_2_2,1.5000,0.949813
2572,router_3_3,router_2_2,4.8001,0.877627
2573,router_3_3,router_2_2,4.3001,0.873456
2574,router_3_3,router_1_2,2.4000,0.810265
2575,router_3_3,router_1_2,1.9000,0.811761
2576,router_4_3,router_1_2,2.4000,0.754151
2577,router_4_3,router_1_2,2.4000,0.754151
2578,router_4_3,router_0_2,3.1000,0.701244
2579,router_4_3,router_0_2,4.6001,0.695861
2580,router_5_3,router_0_2,6.6001,0.645891
2581,router_5_3,router_0_2,4.6001,0.649603
2582,router_5_3,router_7_1,2.1000,0.754151
2583,router_5_3,router_7_1,1.9000,0.754689
2584,router_6_3,router_7_1,1.4000,0.813787
2585,router_6_3,router_7_1,2.2001,0.812586
2586,router_6_3,router_6_1,2.3000,0.877627
2587,router_6_3,router_6_1,1.3000,0.877627
2588,router_7_3,router_6_1,2.9001,0.810265
2589,router_7_3,router_6_1,2.4000,0.811013
2590,router_7_3,router_5_1,2.9000,0.752808
2591,router_7_3,router_5_1,1.4000,0.756172
2592,router_7_2,router_6_2,1.0000,0.949813
2593,router_7_2,router_6_2,2.0000,0.949813
2594,router_7_2,router_5_2,0.8000,0.878464
2595,router_7_2,router_5_2,0.8000,0.878464
2596,router_0_3,router_5_2,3.9001,0.652383
2597,router_0_3,router_5_2,4.1001,0.652813
2598,router_0_3,router_4_2,4.1001,0.698185
2599,router_0_3,router_4_2,4.9001,0.695920
2600,router_1_3,router_4_2,1.7000,0.755228
2601,router_1_3,router_4_2,2.5000,0.754016
2602,router_1_3,router_3_2,2.4000,0.811237
2603,router_1_3,router_3_2,1.9000,0.812136
2604,router_2_3,router_3_2,0.8000,0.878296
2605,router_2_3,router_3_2,2.3000,0.876790
2606,router_2_3,router_2_2,0.5000,0.949813
2607,router_2_3,router_2_2,1.5000,0.949813
2608,router_3_3,router_2_2,4.3001,0.872625
2609,router_3_3,router_2_2,0.8000,0.878464
2610,router_3_3,router_1_2,4.4001,0.805060
2611,router_3_3,router_1_2,2.4000,0.810265
2612,router_4_3,router_1_2,2.9000,0.752808
2613,router_4_3,router_1_2,2.4000,0.754824
2614,router_4_3,router_0_2,4.6001,0.697051
2615,router_4_3,router_0_2,4.6001,0.696456
2616,router_5_3,router_0_2,3.6000,0.652813
2617,router_5_3,router_0_2,4.6001,0.652276
2618,router_5_3,router_7_1,3.4001,0.750667
2619,router_5_3,router_7_1,2.4000,0.754016
2620,router_6_3,router_7_1,1.9000,0.812286
2621,router_6_3,router_7_1,2.4000,0.812136
2622,router_6_3,router_6_1,1.3000,0.877627
2623,router_6_3,router_6_1,1.8000,0.877627
2624,router_7_3,router_6_1,3.4001,0.810265
2625,router_7_3,router_6_1,1.4000,0.813261
2626,router_7_3,router_5_1,2.4000,0.755497
2627,router_7_3,router_5_1,2.9000,0.752138
2628,router_7_2,router_6_2,0.5000,0.949813
2629,router_7_2,router_5_2,2.3001,0.875955
2630,router_7_2,router_5_2,1.8000,0.878464
2631,router_7_2,router_5_2,1.3000,0.877627
2632,router_0_3,router_5_2,2.9000,0.654967
2633,router_0_3,router_4_2,4.1001,0.697230
2634,router_0_3,router_4_2,4.6001,0.696873
2635,router_0_3,router_4_2,4.5001,0.699143
2636,router_1_3,router_4_2,2.9001,0.752004
2637,router_1_3,router_3_2,2.6001,0.811986
2638,router_1_3,router_3_2,4.1001,0.805875
2639,router_1_3,router_3_2,2.9000,0.809146
2640,router_2_3,router_3_2,1.8001,0.876623
2642,router_2_3,router_2_2,0.5000,0.949813
2643,router_2_3,router_2_2,0.5000,0.949813
2643,router_2_3,router_2_2,1.5000,0.949813
2644,router_3_3,router_2_2,1.3000,0.877627
2645,router_3_3,router_1_2,1.4000,0.813261
2646,router_3_3,router_1_2,3.9001,0.805801
2647,router_3_3,router_1_2,2.4000,0.811013
2648,router_4_3,router_1_2,2.9000,0.753479
2649,router_4_3,router_0_2,3.1000,0.701244
2650,router_4_3,router_0_2,6.1001,0.692898
2651,router_4_3,router_0_2,3.6000,0.699442
2652,router_5_3,router_0_2,3.6000,0.652813
2653,router_5_3,router_7_1,3.4001,0.750667
2654,router_5_3,router_7_1,4.1001,0.749867
2655,router_5_3,router_7_1,3.4001,0.751335
2656,router_6_3,router_7_1,3.4001,0.807211
2657,router_6_3,router_6_1,1.8000,0.876790
2658,router_6_3,router_6_1,1.8000,0.877627
2659,router_6_3,router_6_1,2.3001,0.875955
2660,router_7_3,router_6_1,1.4000,0.813261
2661,router_7_3,router_5_1,5.4001,0.745487
2662,router_7_3,router_5_1,3.9001,0.749467
2663,router_7_3,router_5_1,2.4000,0.754824
2664,router_7_2,router_6_2,3.0001,0.949813
2665,router_7_2,router_5_2,2.3000,0.878464
2666,router_7_2,router_5_2,2.3001,0.877627
2667,router_7_2,router_5_2,1.8000,0.878464
2668,router_0_3,router_5_2,3.3000,0.654967
2669,router_0_3,router_4_2,5.7001,0.692013
2670,router_0_3,router_4_2,3.7001,0.700222
2671,router_0_3,router_4_2,6.6001,0.689311
2672,router_1_3,router_4_2,5.4001,0.746281
2673,router_1_3,router_3_2,2.4000,0.810041
2674,router_1_3,router_3_2,2.5000,0.809892
2675,router_1_3,router_3_2,2.5000,0.810489
2676,router_2_3,router_3_2,3.3001,0.874122
2677,router_2_3,router_2_2,1.5000,0.949813
2678,router_2_3,router_2_2,0.5000,0.949813
2679,router_2_3,router_2_2,0.5000,0.949813
2680,router_3_3,router_2_2,1.8000,0.877627
2681,router_3_3,router_1_2,3.1001,0.811162
2682,router_3_3,router_1_2,1.9000,0.813261
2683,router_3_3,router_1_2,1.6000,0.813412
2684,router_4_3,router_1_2,1.9000,0.754824
2685,router_4_3,router_0_2,4.1001,0.697051
2686,router_4_3,router_0_2,3.6000,0.699442
2687,router_4_3,router_0_2,5.6001,0.693489
2688,router_5_3,router_0_2,4.1001,0.651205
2689,router_5_3,router_7_1,2.9000,0.752674
2690,router_5_3,router_7_1,2.9001,0.752674
2691,router_5_3,router_7_1,4.4001,0.750267
2692,router_6_3,router_7_1,2.4000,0.811537
2693,router_6_3,router_6_1,3.8001,0.876790
2694,router_6_3,router_6_1,1.8000,0.876790
2695,router_6_3,router_6_1,3.8001,0.873456
2696,router_7_3,router_6_1,2.4000,0.811013
2697,router_7_3,router_5_1,1.9000,0.755497
2698,router_7_3,router_5_1,3.4001,0.751469
2699,router_7_3,router_5_1,2.9000,0.752138
2700,router_7_2,router_5_2,1.3000,0.877627
2701,router_7_2,router_5_2,4.3001,0.872625
2702,router_7_2,router_5_2,0.8000,0.878464
2703,router_7_2,router_5_2,1.8000,0.877627
2704,router_0_3,router_4_2,4.5001,0.695326
2705,router_0_3,router_4_2,3.6000,0.699502
2706,router_0_3,router_4_2,4.0001,0.699982
2707,router_0_3,router_4_2,7.6001,0.685810
2708,router_1_3,router_3_2,1.9000,0.812136
2709,router_1_3,router_3_2,2.4000,0.811237
2710,router_1_3,router_3_2,2.5000,0.809892
2711,router_1_3,router_3_2,2.6001,0.811836
2712,router_2_3,router_2_2,0.5000,0.949813
2713,router_2_3,router_2_2,0.5000,0.949813
2714,router_2_3,router_2_2,2.0000,0.949813
2715,router_2_3,router_2_2,0.5000,0.949813
2716,router_3_3,router_1_2,4.9001,0.805801
2717,router_3_3,router_1_2,2.1000,0.812661
2718,router_3_3,router_1_2,2.9001,0.811013
2719,router_3_3,router_1_2,1.9000,0.812511
2720,router_4_3,router_0_2,4.1001,0.697648
2721,router_4_3,router_0_2,5.1001,0.694673
2722,router_4_3,router_0_2,7.1001,0.685868
2723,router_4_3,router_0_2,4.1001,0.697051
2724,router_5_3,router_7_1,4.1000,0.748802
2725,router_5_3,router_7_1,1.9000,0.754689
2726,router_5_3,router_7_1,2.1000,0.755228
2727,router_5_3,router_7_1,4.9001,0.747208
2728,router_6_3,router_6_1,2.8001,0.875121
2729,router_6_3,router_6_1,2.8001,0.875121
2730,router_6_3,router_6_1,1.3000,0.877627
2731,router_6_3,router_6_1,2.3001,0.875955
2732,router_7_3,router_5_1,2.4000,0.753479
2733,router_7_3,router_5_1,2.4000,0.754824
2734,router_7_3,router_5_1,3.4001,0.751469
2735,router_7_3,router_5_1,3.4001,0.750801
2736,router_7_2,router_5_2,1.3000,0.878464
2737,router_7_2,router_5_2,1.3000,0.877627
2738,router_7_2,router_5_2,0.8000,0.878464
2739,router_7_2,router_5_2,2.3001,0.876790
2740,router_0_3,router_4_2,3.3000,0.699262
2741,router_0_3,router_4_2,3.3001,0.699622
2742,router_0_3,router_4_2,4.6001,0.698305
2743,router_0_3,router_4_2,3.3001,0.700222
2744,router_1_3,router_3_2,2.4000,0.810041
2745,router_1_3,router_3_2,1.4000,0.813637
2746,router_1_3,router_3_2,1.7000,0.812886
2747,router_1_3,router_3_2,4.1001,0.807359
2748,router_2_3,router_2_2,1.0000,0.949813
2748,router_2_3,router_2_2,0.5000,0.949813
2749,router_2_3,router_2_2,1.5000,0.949813
2750,router_2_3,router_2_2,3.0001,0.949813
2752,router_3_3,router_1_2,1.9000,0.812511
2753,router_3_3,router_1_2,1.6000,0.813412
2754,router_3_3,router_1_2,2.9001,0.809519
2755,router_3_3,router_1_2,3.4001,0.807285
2756,router_4_3,router_0_2,6.6001,0.688199
2757,router_4_3,router_0_2,4.1001,0.697648
2758,router_4_3,router_0_2,4.2001,0.699802
2759,router_4_3,router_0_2,4.2001,0.700402
2760,router_5_3,router_7_1,3.7001,0.751202
2761,router_5_3,router_7_1,1.9000,0.755902
2762,router_5_3,router_7_1,4.5001,0.748802
2763,router_5_3,router_7_1,1.9000,0.754689
2764,router_6_3,router_6_1,1.3000,0.877627
2765,router_6_3,router_6_1,1.8000,0.876790
2766,router_6_3,router_6_1,2.8001,0.875121
2767,router_6_3,router_6_1,1.3000,0.877627
2768,router_7_3,router_5_1,2.4000,0.754151
2769,router_7_3,router_5_1,1.9000,0.755497
2770,router_7_3,router_5_1,1.4000,0.756172
2771,router_7_3,router_5_1,2.4000,0.754824
2772,router_6_2,router_5_2,1.0000,0.949813
2773,router_7_2,router_5_2,1.3000,0.877627
2774,router_7_2,router_5_2,3.8001,0.876790
2775,router_7_2,router_5_2,1.8000,0.876790
2776,router_7_2,router_4_2,2.4000,0.811761
2777,router_0_3,router_4_2,2.9000,0.701063
2778,router_0_3,router_4_2,3.7001,0.698903
2779,router_0_3,router_4_2,3.6000,0.699023
2780,router_0_3,router_3_2,2.9001,0.753479
2781,router_1_3,router_3_2,4.4001,0.804690
2782,router_1_3,router_3_2,2.9000,0.809146
2783,router_1_3,router_3_2,1.7000,0.812886
2784,router_1_3,router_2_2,1.8000,0.876623
2785,router_2_3,router_2_2,0.5000,0.949813
2785,router_2_3,router_2_2,2.0000,0.949813
2786,router_2_3,router_2_2,2.0000,0.949813
2788,router_2_3,router_1_2,1.8000,0.877627
2789,router_3_3,router_1_2,1.4000,0.813261
2790,router_3_3,router_1_2,2.1000,0.812661
2791,router_3_3,router_1_2,2.1000,0.812661
2792,router_3_3,router_0_2,3.9001,0.751469
2793,router_4_3,router_0_2,4.6001,0.699442
2794,router_4_3,router_0_2,3.6000,0.700642
2795,router_4_3,router_0_2,4.1001,0.697648
2796,router_4_3,router_7_1,2.9000,0.701183
2797,router_5_3,router_7_1,1.7000,0.755228
2798,router_5_3,router_7_1,3.3001,0.751469
2799,router_5_3,router_7_1,2.9000,0.752004
2800,router_5_3,router_6_1,2.9000,0.809444
2801,router_6_3,router_6_1,1.3000,0.877627
2802,router_6_3,router_6_1,1.8000,0.876790
2803,router_6_3,router_6_1,1.8000,0.876790
2804,router_6_3,router_5_1,2.1000,0.812661
2805,router_7_3,router_5_1,2.4000,0.754151
2806,router_7_3,router_5_1,3.4001,0.752138
2807,router_7_3,router_5_1,3.4001,0.752808
2808,router_7_3,router_4_1,4.1001,0.698245
2809,router_6_2,router_5_2,2.0001,0.949813
2810,router_7_2,router_5_2,1.8000,0.877627
2811,router_7_2,router_5_2,2.3000,0.876790
2812,router_7_2,router_5_2,1.3000,0.878464
2813,router_7_2,router_4_2,2.4000,0.810265
2814,router_0_3,router_4_2,2.9000,0.700702
2815,router_0_3,router_4_2,2.6000,0.702630
2816,router_0_3,router_4_2,3.3001,0.700222
2817,router_0_3,router_3_2,2.5001,0.753076
2818,router_1_3,router_3_2,1.9000,0.811537
2819,router_1_3,router_3_2,2.2000,0.812436
2820,router_1_3,router_3_2,5.7002,0.801593
2821,router_1_3,router_2_2,0.8000,0.878296
2822,router_2_3,router_2_2,1.0000,0.949813
2823,router_2_3,router_2_2,1.5000,0.949813
2824,router_2_3,router_2_2,0.5000,0.949813
2825,router_2_3,router_1_2,3.8001,0.875955
2826,router_3_3,router_1_2,2.4000,0.812511
2827,router_3_3,router_1_2,2.4000,0.810265
2828,router_3_3,router_1_2,2.1000,0.812661
2829,router_3_3,router_0_2,2.9001,0.752138
2830,router_4_3,router_0_2,3.6000,0.698843
2831,router_4_3,router_0_2,3.1000,0.701244
2832,router_4_3,router_0_2,4.6001,0.695861
2833,router_4_3,router_7_1,4.1001,0.697947
2834,router_5_3,router_7_1,1.9000,0.754689
2835,router_5_3,router_7_1,2.4000,0.753882
2836,router_5_3,router_7_1,3.7001,0.749867
2837,router_5_3,router_6_1,1.9000,0.811686
2838,router_6_3,router_6_1,2.8001,0.875955
2839,router_6_3,router_6_1,1.3000,0.877627
2840,router_6_3,router_6_1,0.8000,0.878464
2841,router_6_3,router_5_1,1.9000,0.811761
2842,router_7_3,router_5_1,2.9000,0.752138
2843,router_7_3,router_5_1,5.4001,0.750134
2844,router_7_3,router_5_1,3.4001,0.751469
2845,router_7_3,router_4_1,4.2001,0.700402
2846,router_6_2,router_5_2,0.5000,0.949813
2847,router_6_2,router_5_2,1.0000,0.949813
2848,router_7_2,router_5_2,1.3000,0.878464
2849,router_7_2,router_5_2,2.3001,0.875955
2850,router_7_2,router_4_2,1.9000,0.812511
2851,router_7_2,router_4_2,3.1001,0.811911
2852,router_0_3,router_4_2,3.6000,0.698066
2853,router_0_3,router_4_2,3.6001,0.701544
2854,router_0_3,router_3_2,1.9000,0.754554
2855,router_0_3,router_3_2,2.9001,0.752540
2856,router_1_3,router_3_2,3.4001,0.809444
2857,router_1_3,router_3_2,2.2000,0.812586
2858,router_1_3,router_2_2,5.3001,0.870802
2859,router_1_3,router_2_2,1.8000,0.876623
2860,router_2_3,router_2_2,0.5000,0.949813
2860,router_2_3,router_2_2,2.0000,0.949813
2862,router_2_3,router_1_2,1.3000,0.877627
2863,router_2_3,router_1_2,1.3000,0.877627
2864,router_3_3,router_1_2,3.4001,0.811761
2865,router_3_3,router_1_2,1.4000,0.813261
2866,router_3_3,router_0_2,4.9001,0.749467
2867,router_3_3,router_0_2,1.9000,0.754824
2868,router_4_3,router_0_2,3.1000,0.700042
2869,router_4_3,router_0_2,3.6000,0.700042
2870,router_4_3,router_7_1,6.1001,0.691778
2871,router_4_3,router_7_1,3.3001,0.701183
2872,router_5_3,router_7_1,3.4001,0.751870
2873,router_5_3,router_7_1,3.9001,0.749867
2874,router_5_3,router_6_1,1.8000,0.813186
2875,router_5_3,router_6_1,4.9001,0.803951
2876,router_6_3,router_6_1,2.3000,0.878464
2877,router_6_3,router_6_1,3.8001,0.873456
2878,router_6_3,router_5_1,1.4000,0.813261
2879,router_6_3,router_5_1,1.9000,0.811761
2880,router_7_3,router_5_1,3.9001,0.752138
2881,router_7_3,router_5_1,2.9000,0.753479
2882,router_7_3,router_4_1,3.2001,0.701605
2883,router_7_3,router_4_1,4.1001,0.696456
2884,router_6_2,router_5_2,0.5000,0.949813
2885,router_6_2,router_5_2,1.0000,0.949813
2886,router_7_2,router_5_2,0.8000,0.878464
2887,router_7_2,router_5_2,4.3001,0.873456
2888,router_7_2,router_4_2,3.4001,0.812511
2889,router_7_2,router_4_2,2.4000,0.811013
2890,router_0_3,router_4_2,3.7001,0.698783
2891,router_0_3,router_4_2,4.1001,0.698664
2892,router_0_3,router_3_2,2.5001,0.752942
2893,router_0_3,router_3_2,2.5000,0.754420
2894,router_1_3,router_3_2,3.9001,0.806765
2895,router_1_3,router_3_2,1.9000,0.812736
2896,router_1_3,router_2_2,2.3001,0.877794
2897,router_1_3,router_2_2,3.8001,0.873955
2898,router_2_3,router_2_2,1.0000,0.949813
2898,router_2_3,router_2_2,1.0000,0.949813
2900,router_2_3,router_1_2,2.3001,0.876790
2901,router_2_3,router_1_2,4.3001,0.873456
2902,router_3_3,router_1_2,1.9000,0.811761
2903,router_3_3,router_1_2,1.9000,0.811761
2904,router_3_3,router_0_2,4.4001,0.751469
2905,router_3_3,router_0_2,2.4000,0.753479
2906,router_4_3,router_0_2,3.1000,0.701244
2907,router_4_3,router_0_2,4.6001,0.695861
2908,router_4_3,router_7_1,4.9001,0.694970
2909,router_4_3,router_7_1,3.6000,0.698783
2910,router_5_3,router_7_1,2.9001,0.753211
2911,router_5_3,router_7_1,2.1000,0.754151
2912,router_5_3,router_6_1,2.9000,0.809892
2913,router_5_3,router_6_1,2.4000,0.812886
2914,router_6_3,router_6_1,0.8000,0.878464
2915,router_6_3,router_6_1,1.8000,0.876790
2916,router_6_3,router_5_1,2.9001,0.811761
2917,router_6_3,router_5_1,2.9000,0.808773
2918,router_7_3,router_5_1,3.9001,0.750134
2919,router_7_3,router_5_1,1.9000,0.755497
2920,router_7_3,router_4_1,4.1001,0.698245
2921,router_7_3,router_4_1,3.6000,0.698843
2922,router_6_2,router_5_2,1.0000,0.949813
2923,router_6_2,router_5_2,1.0000,0.949813
2924,router_6_2,router_5_2,0.5000,0.949813
2925,router_7_2,router_5_2,1.8000,0.876790
2926,router_7_2,router_4_2,3.1001,0.811162
2927,router_7_2,router_4_2,2.4000,0.811013
2928,router_7_2,router_4_2,2.1000,0.812661
2929,router_0_3,router_4_2,4.1001,0.696754
2930,router_0_3,router_3_2,3.3001,0.750934
2931,router_0_3,router_3_2,1.9000,0.754554
2932,router_0_3,router_3_2,2.5000,0.754285
2933,router_1_3,router_3_2,3.3001,0.809743
2934,router_1_3,router_2_2,1.3000,0.878129
2935,router_1_3,router_2_2,2.3001,0.875955
2936,router_1_3,router_2_2,2.3001,0.876456
2937,router_2_3,router_2_2,1.0000,0.949813
2938,router_2_3,router_1_2,2.8001,0.875121
2939,router_2_3,router_1_2,1.8000,0.876790
2940,router_2_3,router_1_2,3.3001,0.874288
2941,router_3_3,router_1_2,3.4001,0.807285
2942,router_3_3,router_0_2,3.9001,0.749467
2943,router_3_3,router_0_2,3.4001,0.752138
2944,router_3_3,router_0_2,2.9001,0.754151
2945,router_4_3,router_0_2,6.6001,0.688199
2946,router_4_3,router_7_1,4.6001,0.697111
2947,router_4_3,router_7_1,3.7001,0.700342
2948,router_4_3,router_7_1,4.1001,0.696873
2949,router_5_3,router_7_1,2.9001,0.753076
2950,router_5_3,router_6_1,2.4000,0.813487
2951,router_5_3,router_6_1,1.9000,0.812886
2952,router_5_3,router_6_1,2.9000,0.809295
2953,router_6_3,router_6_1,1.8000,0.878464
2954,router_6_3,router_5_1,1.9000,0.811761
2955,router_6_3,router_5_1,3.4001,0.808029
2956,router_6_3,router_5_1,2.6000,0.811911
2957,router_7_3,router_5_1,3.9001,0.750134
2958,router_7_3,router_4_1,3.6000,0.698843
2959,router_7_3,router_4_1,6.1001,0.695267
2960,router_7_3,router_4_1,5.6001,0.695267
2961,router_6_2,router_5_2,0.5000,0.949813
2961,router_6_2,router_5_2,2.5001,0.949813
2962,router_6_2,router_5_2,0.5000,0.949813
2964,router_7_2,router_5_2,1.8000,0.877627
2965,router_7_2,router_4_2,3.4001,0.807285
2966,router_7_2,router_4_2,2.1000,0.812661
2967,router_7_2,router_4_2,2.9001,0.808773
2968,router_0_3,router_4_2,2.9000,0.701183
2969,router_0_3,router_3_2,2.5001,0.753748
2970,router_0_3,router_3_2,2.5000,0.753479
2971,router_0_3,router_3_2,2.1000,0.754151
2972,router_1_3,router_3_2,2.9001,0.810938
2973,router_1_3,router_2_2,0.8000,0.878296
2974,router_1_3,router_2_2,4.3001,0.876456
2975,router_1_3,router_2_2,0.8000,0.878296
2976,router_2_3,router_2_2,0.5000,0.949813
2977,router_2_3,router_1_2,1.8000,0.876790
2978,router_2_3,router_1_2,1.3000,0.877627
2979,router_2_3,router_1_2,2.3001,0.878464
2980,router_3_3,router_1_2,2.4000,0.811013
2981,router_3_3,router_0_2,4.9001,0.748137
2982,router_3_3,router_0_2,2.9000,0.753479
2983,router_3_3,router_0_2,2.4000,0.754824
2984,router_4_3,router_0_2,3.1000,0.701244
2985,router_4_3,router_7_1,4.1001,0.699382
2986,router_4_3,router_7_1,3.7001,0.698305
2987,router_4_3,router_7_1,3.2001,0.701665
2988,router_5_3,router_7_1,4.1001,0.749467
2989,router_5_3,router_6_1,1.4000,0.813186
2990,router_5_3,router_6_1,5.4001,0.802771
2991,router_5_3,router_6_1,1.4000,0.813787
2992,router_6_3,router_6_1,2.8001,0.875121
2993,router_6_3,router_5_1,1.6000,0.813412
2994,router_6_3,router_5_1,2.6000,0.812661
2995,router_6_3,router_5_1,4.6001,0.808922
2996,router_7_3,router_5_1,3.4001,0.750801
2997,router_7_3,router_4_1,3.7001,0.700402
2998,router_7_3,router_4_1,6.1001,0.689369
2999,router_7_3,router_4_1,3.6000,0.699442
3000,router_6_2,router_5_2,1.5000,0.949813
3000,router_6_2,router_5_2,0.5000,0.949813
3001,router_6_2,router_5_2,1.0000,0.949813
3002,router_6_2,router_5_2,0.5000,0.949813
3004,router_7_2,router_4_2,2.4000,0.810265
3005,router_7_2,router_4_2,2.4000,0.811761
3006,router_7_2,router_4_2,1.9000,0.812511
3007,router_7_2,router_4_2,1.4000,0.813261
3008,router_0_3,router_3_2,2.9001,0.752942
3009,router_0_3,router_3_2,1.9000,0.754554
3010,router_0_3,router_3_2,1.7000,0.755228
3011,router_0_3,router_3_2,2.9000,0.752406
3012,router_1_3,router_2_2,0.8000,0.878296
3013,router_1_3,router_2_2,2.8001,0.874954
3014,router_1_3,router_2_2,2.3001,0.875788
3015,router_1_3,router_2_2,3.1001,0.874621
3016,router_2_3,router_1_2,0.8000,0.878464
3017,router_2_3,router_1_2,1.3000,0.878464
3018,router_2_3,router_1_2,0.8000,0.878464
3019,router_2_3,router_1_2,4.3001,0.872625
3020,router_3_3,router_0_2,2.4000,0.753479
3021,router_3_3,router_0_2,2.9000,0.753479
3022,router_3_3,router_0_2,3.4001,0.751469
3023,router_3_3,router_0_2,3.4001,0.750801
3024,router_4_3,router_7_1,3.1000,0.699982
3025,router_4_3,router_7_1,4.6001,0.696634
3026,router_4_3,router_7_1,3.6000,0.698185
3027,router_4_3,router_7_1,5.1001,0.693430
3028,router_5_3,router_6_1,2.6001,0.812736
3029,router_5_3,router_6_1,3.4001,0.809743
3030,router_5_3,router_6_1,2.9000,0.808699
3031,router_5_3,router_6_1,2.4000,0.810191
3032,router_6_3,router_5_1,1.9000,0.811761
3033,router_6_3,router_5_1,3.9001,0.807285
3034,router_6_3,router_5_1,3.9001,0.806543
3035,router_6_3,router_5_1,2.9000,0.810265
3036,router_7_3,router_4_1,5.1001,0.694673
3037,router_7_3,router_4_1,4.2001,0.700402
3038,router_7_3,router_4_1,6.6001,0.692308
3039,router_7_3,router_4_1,6.1001,0.692898
3040,router_6_2,router_5_2,1.5000,0.949813
3041,router_6_2,router_5_2,1.0000,0.949813
3042,router_6_2,router_5_2,2.5001,0.949813
3043,router_6_2,router_5_2,1.0000,0.949813
3044,router_7_2,router_4_2,3.6001,0.810415
3045,router_7_2,router_4_2,4.6001,0.808922
3046,router_7_2,router_4_2,2.4000,0.810265
3047,router_7_2,router_4_2,2.9000,0.810265
3048,router_0_3,router_3_2,2.1000,0.754151
3049,router_0_3,router_3_2,4.9001,0.747606
3050,router_0_3,router_3_2,3.3001,0.750934
3051,router_0_3,router_3_2,2.1000,0.754151
3052,router_1_3,router_2_2,2.3000,0.876790
3053,router_1_3,router_2_2,1.3000,0.877459
3054,router_1_3,router_2_2,1.8000,0.876623
3055,router_1_3,router_2_2,2.7001,0.875288
3056,router_2_3,router_1_2,4.8001,0.872625
3057,router_2_3,router_1_2,1.3000,0.877627
3058,router_2_3,router_1_2,1.8000,0.877627
3059,router_2_3,router_1_2,1.8000,0.876790
3060,router_3_3,router_0_2,3.4001,0.752138
3061,router_3_3,router_0_2,3.9001,0.749467
3062,router_3_3,router_0_2,1.9000,0.754824
3063,router_3_3,router_0_2,3.4001,0.750801
3064,router_4_3,router_7_1,4.1001,0.696396
3065,router_4_3,router_7_1,5.3001,0.692131
3066,router_4_3,router_7_1,3.6001,0.701544
3067,router_4_3,router_7_1,3.1000,0.702026
3068,router_5_3,router_6_1,2.9001,0.810191
3069,router_5_3,router_6_1,2.4000,0.810938
3070,router_5_3,router_6_1,3.4001,0.807211
3071,router_5_3,router_6_1,1.9000,0.812286
3072,router_6_3,router_5_1,5.1001,0.808177
3073,router_6_3,router_5_1,1.9000,0.813261
3074,router_6_3,router_5_1,1.9000,0.812511
3075,router_6_3,router_5_1,1.9000,0.812511
3076,router_7_3,router_4_1,4.1001,0.697648
3077,router_7_3,router_4_1,3.6000,0.699442
3078,router_7_3,router_4_1,3.6000,0.698245
3079,router_7_3,router_4_1,5.1001,0.694081
3080,router_6_2,router_5_2,1.5000,0.949813
3081,router_6_2,router_5_2,2.0000,0.949813
3082,router_6_2,router_5_2,1.0000,0.949813
3083,router_6_2,router_4_2,4.8001,0.871796
3084,router_7_2,router_4_2,4.9001,0.804321
3085,router_7_2,router_4_2,1.4000,0.813261
3086,router_7_2,router_4_2,3.1001,0.811162
3087,router_7_2,router_3_2,3.9001,0.749467
3088,router_0_3,router_3_2,2.4000,0.754285
3089,router_0_3,router_3_2,2.4000,0.753748
3090,router_0_3,router_3_2,2.9000,0.752406
3091,router_0_3,router_2_2,2.9001,0.808699
3092,router_1_3,router_2_2,1.9000,0.878296
3093,router_1_3,router_2_2,2.3001,0.876456
3094,router_1_3,router_2_2,1.3000,0.877459
3095,router_1_3,router_1_2,1.0000,0.949813
3096,router_2_3,router_1_2,2.8001,0.876790
3097,router_2_3,router_1_2,0.8000,0.878464
3098,router_2_3,router_1_2,0.8000,0.878464
3099,router_2_3,router_0_2,2.4000,0.811761
3100,router_3_3,router_0_2,4.9001,0.748137
3101,router_3_3,router_0_2,3.4001,0.750801
3102,router_3_3,router_0_2,2.4000,0.753479
3103,router_3_3,router_7_1,9.6002,0.635679
3104,router_4_3,router_7_1,4.8000,0.698544
3105,router_4_3,router_7_1,3.6000,0.699742
3106,router_4_3,router_7_1,3.3001,0.699742
3107,router_4_3,router_6_1,2.5001,0.753076
3108,router_5_3,router_6_1,1.9000,0.812286
3109,router_5_3,router_6_1,1.4000,0.813186
3110,router_5_3,router_6_1,2.4000,0.811686
3111,router_5_3,router_5_1,5.3001,0.872625
3112,router_6_3,router_5_1,3.4001,0.808029
3113,router_6_3,router_5_1,1.9000,0.812511
3114,router_6_3,router_5_1,2.6000,0.811911
3115,router_6_3,router_4_1,2.9001,0.754151
3116,router_7_3,router_4_1,4.1001,0.697051
3117,router_7_3,router_4_1,3.1000,0.701244
3118,router_7_3,router_4_1,4.6001,0.695267
3119,router_7_3,router_3_1,3.1000,0.654427
3120,router_6_2,router_5_2,2.0001,0.949813
3121,router_6_2,router_5_2,0.5000,0.949813
3122,router_6_2,router_5_2,1.5000,0.949813
3123,router_6_2,router_4_2,3.3001,0.874288
3124,router_7_2,router_4_2,2.9001,0.808773
3125,router_7_2,router_4_2,1.6000,0.813412
3126,router_7_2,router_4_2,3.1001,0.811162
3127,router_7_2,router_3_2,1.9000,0.754824
3128,router_0_3,router_3_2,4.1001,0.748802
3129,router_0_3,router_3_2,2.9001,0.752942
3130,router_0_3,router_3_2,3.7001,0.751737
3131,router_0_3,router_2_2,2.9000,0.810340
3132,router_1_3,router_2_2,4.8001,0.872293
3133,router_1_3,router_2_2,1.3000,0.877459
3134,router_1_3,router_2_2,1.1000,0.877961
3135,router_1_3,router_1_2,1.0000,0.949813
3136,router_2_3,router_1_2,2.3001,0.877627
3137,router_2_3,router_1_2,3.3001,0.875121
3138,router_2_3,router_1_2,2.3001,0.875955
3139,router_2_3,router_0_2,2.4000,0.811013
3140,router_3_3,router_0_2,2.9000,0.752808
3141,router_3_3,router_0_2,3.4001,0.753479
3142,router_3_3,router_0_2,1.4000,0.756172
3143,router_3_3,router_7_1,4.1001,0.651526
3144,router_4_3,router_7_1,3.6000,0.698664
3145,router_4_3,router_7_1,3.3001,0.700702
3146,router_4_3,router_7_1,3.6000,0.699622
3147,router_4_3,router_6_1,3.3001,0.751603
3148,router_5_3,router_6_1,1.9000,0.811686
3149,router_5_3,router_6_1,3.4001,0.808401
3150,router_5_3,router_6_1,3.4001,0.810788
3151,router_5_3,router_5_1,0.8000,0.878464
3152,router_6_3,router_5_1,2.4000,0.810265
3153,router_6_3,router_5_1,1.4000,0.813261
3154,router_6_3,router_5_1,3.4001,0.813261
3155,router_6_3,router_4_1,3.4001,0.751469
3156,router_7_3,router_4_1,3.1000,0.700642
3157,router_7_3,router_4_1,3.1000,0.700642
3158,router_7_3,router_4_1,5.1001,0.695267
3159,router_7_3,router_3_1,5.1001,0.648008
3160,router_6_2,router_5_2,5.5001,0.949813
3161,router_6_2,router_5_2,0.5000,0.949813
3162,router_6_2,router_4_2,0.8000,0.878464
3163,router_6_2,router_4_2,1.8000,0.876790
3164,router_7_2,router_4_2,2.4000,0.811013
3165,router_7_2,router_4_2,1.6000,0.813412
3166,router_7_2,router_3_2,2.9001,0.753479
3167,router_7_2,router_3_2,2.9000,0.752808
3168,router_0_3,router_3_2,3.3001,0.750801
3169,router_0_3,router_3_2,3.7001,0.753076
3170,router_0_3,router_2_2,2.1000,0.812436
3171,router_0_3,router_2_2,2.6001,0.812436
3172,router_1_3,router_2_2,4.3001,0.872459
3173,router_1_3,router_2_2,1.9000,0.877459
3175,router_1_3,router_1_2,0.5000,0.949813
3175,router_1_3,router_1_2,0.5000,0.949813
3176,router_2_3,router_1_2,3.3001,0.875121
3177,router_2_3,router_1_2,2.3001,0.877627
3178,router_2_3,router_0_2,1.9000,0.811761
3179,router_2_3,router_0_2,3.4001,0.811013
3180,router_3_3,router_0_2,2.4000,0.754824
3181,router_3_3,router_0_2,3.4001,0.750801
3182,router_3_3,router_7_1,4.6001,0.650991
3183,router_3_3,router_7_1,4.1001,0.651526
3184,router_4_3,router_7_1,4.5000,0.698066
3185,router_4_3,router_7_1,3.1000,0.700582
3186,router_4_3,router_6_1,3.7001,0.755093
3187,router_4_3,router_6_1,2.4000,0.754016
3188,router_5_3,router_6_1,2.6001,0.811986
3189,router_5_3,router_6_1,3.4001,0.811537
3190,router_5_3,router_5_1,6.8002,0.868488
3191,router_5_3,router_5_1,2.3001,0.876790
3192,router_6_3,router_5_1,3.9001,0.808029
3193,router_6_3,router_5_1,2.9000,0.809519
3194,router_6_3,router_4_1,2.4000,0.754151
3195,router_6_3,router_4_1,3.4001,0.752808
3196,router_7_3,router_4_1,3.7001,0.701003
3197,router_7_3,router_4_1,4.1001,0.697051
3198,router_7_3,router_3_1,4.5001,0.651419
3199,router_7_3,router_3_1,5.6001,0.648008
3200,router_6_2,router_5_2,3.0001,0.949813
3201,router_6_2,router_5_2,1.0000,0.949813
3202,router_6_2,router_4_2,2.8001,0.875121
3203,router_6_2,router_4_2,3.8001,0.873456
3204,router_7_2,router_4_2,1.9000,0.812511
3205,router_7_2,router_4_2,6.6001,0.805949
3206,router_7_2,router_3_2,2.9001,0.753479
3207,router_7_2,router_3_2,3.9001,0.751469
3208,router_0_3,router_3_2,1.7000,0.755767
3209,router_0_3,router_3_2,1.9000,0.754554
3210,router_0_3,router_2_2,1.8000,0.813036
3211,router_0_3,router_2_2,3.0001,0.811237
3212,router_1_3,router_2_2,2.7000,0.877794
3213,router_1_3,router_2_2,1.8000,0.876623
3214,router_1_3,router_1_2,1.5000,0.949813
3214,router_1_3,router_1_2,0.5000,0.949813
3216,router_2_3,router_1_2,1.8000,0.878464
3217,router_2_3,router_1_2,4.3001,0.872625
3218,router_2_3,router_0_2,2.4000,0.811761
3219,router_2_3,router_0_2,1.4000,0.813261
3220,router_3_3,router_0_2,2.9000,0.752808
3221,router_3_3,router_0_2,5.9001,0.744168
3222,router_3_3,router_7_1,3.6000,0.652706
3223,router_3_3,router_7_1,7.7002,0.640231
3224,router_4_3,router_7_1,4.0000,0.700582
3225,router_4_3,router_7_1,5.1001,0.693312
3226,router_4_3,router_6_1,3.4001,0.750667
3227,router_4_3,router_6_1,3.9001,0.750400
3228,router_5_3,router_6_1,2.9000,0.808699
3229,router_5_3,router_6_1,1.9000,0.812286
3230,router_5_3,router_5_1,3.8001,0.873456
3231,router_5_3,router_5_1,3.3001,0.874288
3232,router_6_3,router_5_1,2.1000,0.812661
3233,router_6_3,router_5_1,4.4001,0.807285
3234,router_6_3,router_4_1,2.9000,0.752808
3235,router_6_3,router_4_1,3.9001,0.751469
3236,router_7_3,router_4_1,5.1001,0.695267
3237,router_7_3,router_4_1,6.1001,0.690542
3238,router_7_3,router_3_1,4.6001,0.652276
3239,router_7_3,router_3_1,3.1000,0.654427
3240,router_6_2,router_5_2,1.5000,0.949813
3241,router_6_2,router_4_2,2.8001,0.875955
3242,router_6_2,router_4_2,1.3000,0.878464
3243,router_6_2,router_4_2,0.8000,0.878464
3244,router_7_2,router_4_2,3.1001,0.811911
3245,router_7_2,router_3_2,3.4001,0.751469
3246,router_7_2,router_3_2,2.4000,0.753479
3247,router_7_2,router_3_2,2.9000,0.752808
3248,router_0_3,router_3_2,3.4001,0.751603
3249,router_0_3,router_2_2,3.4001,0.807657
3250,router_0_3,router_2_2,1.9000,0.812736
3251,router_0_3,router_2_2,2.4000,0.810041
3252,router_1_3,router_2_2,4.3001,0.874288
3253,router_1_3,router_1_2,0.5000,0.949813
3255,router_1_3,router_1_2,2.0001,0.949813
3255,router_1_3,router_1_2,0.5000,0.949813
3256,router_2_3,router_1_2,3.3001,0.875955
3257,router_2_3,router_0_2,3.9001,0.805801
3258,router_2_3,router_0_2,3.1001,0.811162
3259,router_2_3,router_0_2,3.6001,0.811162
3260,router_3_3,router_0_2,3.4001,0.751469
3261,router_3_3,router_7_1,7.6001,0.641795
3262,router_3_3,router_7_1,5.6001,0.646842
3263,router_3_3,router_7_1,3.1001,0.654751
3264,router_4_3,router_7_1,4.1001,0.697350
3265,router_4_3,router_6_1,3.7000,0.749867
3266,router_4_3,router_6_1,1.9000,0.755362
3267,router_4_3,router_6_1,2.4000,0.754016
3268,router_5_3,router_6_1,2.6001,0.811986
3269,router_5_3,router_5_1,1.3000,0.877627
3270,router_5_3,router_5_1,1.8000,0.876790
3271,router_5_3,router_5_1,1.3000,0.877627
3272,router_6_3,router_5_1,3.4001,0.807285
3273,router_6_3,router_4_1,1.9000,0.754824
3274,router_6_3,router_4_1,1.9000,0.754824
3275,router_6_3,router_4_1,2.9000,0.752808
3276,router_7_3,router_4_1,4.6001,0.694673
3277,router_7_3,router_3_1,5.1001,0.649603
3278,router_7_3,router_3_1,4.1001,0.651740
3279,router_7_3,router_3_1,4.6001,0.652276
3280,router_6_2,router_5_2,2.0001,0.949813
3281,router_6_2,router_4_2,0.8000,0.878464
3282,router_6_2,router_4_2,1.8000,0.876790
3283,router_6_2,router_4_2,1.3000,0.877627
3284,router_7_2,router_4_2,4.4001,0.805060
3285,router_7_2,router_3_2,2.9000,0.752808
3286,router_7_2,router_3_2,2.9000,0.754151
3287,router_7_2,router_3_2,1.9000,0.754824
3288,router_0_3,router_3_2,2.9000,0.753479
3289,router_0_3,router_2_2,2.1000,0.811088
3290,router_0_3,router_2_2,3.9001,0.807954
3291,router_0_3,router_2_2,1.9000,0.811537
3292,router_1_3,router_2_2,0.8000,0.878296
3293,router_1_3,router_1_2,1.5000,0.949813
3294,router_1_3,router_1_2,2.0000,0.949813
3295,router_1_3,router_1_2,1.0000,0.949813
3296,router_2_3,router_1_2,1.8001,0.876790
3297,router_2_3,router_0_2,1.4000,0.813261
3298,router_2_3,router_0_2,1.4000,0.813261
3299,router_2_3,router_0_2,4.9001,0.806543
3300,router_3_3,router_0_2,2.4000,0.754151
3301,router_3_3,router_7_1,3.3000,0.654212
3302,router_3_3,router_7_1,3.7001,0.653781
3303,router_3_3,router_7_1,3.7001,0.654212
3304,router_4_3,router_7_1,4.6001,0.697350
3305,router_4_3,router_6_1,2.5000,0.753613
3306,router_4_3,router_6_1,3.3001,0.750934
3307,router_4_3,router_6_1,3.4001,0.753613
3308,router_5_3,router_6_1,1.4000,0.813186
3309,router_5_3,router_5_1,2.3000,0.875955
3310,router_5_3,router_5_1,1.8000,0.876790
3311,router_5_3,router_5_1,1.3000,0.877627
3312,router_6_3,router_5_1,3.9001,0.808773
3313,router_6_3,router_4_1,2.9000,0.752138
3314,router_6_3,router_4_1,3.9001,0.751469
3315,router_6_3,router_4_1,2.9000,0.752138
3316,router_7_3,router_4_1,3.6000,0.700042
3317,router_7_3,router_3_1,3.0000,0.655724
3318,router_7_3,router_3_1,4.1001,0.652276
3319,router_7_3,router_3_1,3.6000,0.652813
3320,router_6_2,router_4_2,2.3001,0.875955
3321,router_6_2,router_4_2,2.8001,0.875955
3322,router_6_2,router_4_2,0.8000,0.878464
3323,router_6_2,router_4_2,2.3001,0.877627
3324,router_7_2,router_3_2,2.9001,0.752138
3325,router_7_2,router_3_2,2.4000,0.754151
3326,router_7_2,router_3_2,3.4001,0.752138
3327,router_7_2,router_3_2,3.4001,0.750801
3328,router_0_3,router_2_2,3.9001,0.806172
3329,router_0_3,router_2_2,3.9001,0.806765
3330,router_0_3,router_2_2,2.1000,0.812286
3331,router_0_3,router_2_2,4.1001,0.807657
3332,router_1_3,router_1_2,0.5000,0.949813
3332,router_1_3,router_1_2,1.5000,0.949813
3333,router_1_3,router_1_2,0.5000,0.949813
3334,router_1_3,router_1_2,1.5000,0.949813
3336,router_2_3,router_0_2,1.9000,0.811761
3337,router_2_3,router_0_2,2.4000,0.810265
3338,router_2_3,router_0_2,1.9000,0.812511
3339,router_2_3,router_0_2,3.4001,0.809519
3340,router_3_3,router_7_1,2.6000,0.655940
3341,router_3_3,router_7_1,4.1001,0.651098
3342,router_3_3,router_7_1,4.1001,0.652920
3343,router_3_3,router_7_1,5.6001,0.646313
3344,router_4_3,router_6_1,2.4000,0.753345
3345,router_4_3,router_6_1,3.7001,0.749867
3346,router_4_3,router_6_1,2.9001,0.752004
3347,router_4_3,router_6_1,2.9000,0.752004
3348,router_5_3,router_5_1,1.8000,0.877627
3349,router_5_3,router_5_1,1.8000,0.876790
3350,router_5_3,router_5_1,2.8001,0.877627
3351,router_5_3,router_5_1,2.3001,0.875955
3352,router_6_3,router_4_1,3.4001,0.750801
3353,router_6_3,router_4_1,2.4000,0.754824
3354,router_6_3,router_4_1,10.9002,0.731164
3355,router_6_3,router_4_1,2.9000,0.752138
3356,router_7_3,router_3_1,4.1001,0.651205
3357,router_7_3,router_3_1,5.6001,0.648008
3358,router_7_3,router_3_1,5.6001,0.648539
3359,router_7_3,router_3_1,5.1001,0.649603
3360,router_6_2,router_4_2,2.8001,0.875121
3361,router_6_2,router_4_2,0.8000,0.878464
3362,router_6_2,router_4_2,1.8000,0.876790
3363,router_6_2,router_4_2,1.3000,0.877627
3364,router_7_2,router_3_2,2.4000,0.754151
3365,router_7_2,router_3_2,4.4001,0.749467
3366,router_7_2,router_3_2,2.4000,0.753479
3367,router_7_2,router_3_2,4.4001,0.750801
3368,router_0_3,router_2_2,3.4001,0.811237
3369,router_0_3,router_2_2,6.9002,0.799098
3370,router_0_3,router_2_2,2.4000,0.811836
3371,router_0_3,router_2_2,2.1000,0.813036
3372,router_1_3,router_1_2,1.5000,0.949813
3372,router_1_3,router_1_2,2.0000,0.949813
3373,router_1_3,router_1_2,0.5000,0.949813
3374,router_1_3,router_1_2,0.5000,0.949813
3376,router_2_3,router_0_2,2.9001,0.810265
3377,router_2_3,router_0_2,4.4001,0.806543
3378,router_2_3,router_0_2,4.9001,0.804321
3379,router_2_3,router_0_2,1.9000,0.813261
3380,router_3_3,router_7_1,4.5001,0.651312
3381,router_3_3,router_7_1,5.6001,0.649710
3382,router_3_3,router_7_1,3.5001,0.653673
3383,router_3_3,router_7_1,3.6000,0.653135
3384,router_4_3,router_6_1,2.5001,0.754151
3385,router_4_3,router_6_1,1.9000,0.754689
3386,router_4_3,router_6_1,3.9001,0.749867
3387,router_4_3,router_6_1,1.7000,0.755228
3388,router_5_3,router_5_1,1.8000,0.878464
3389,router_5_3,router_5_1,1.8000,0.878464
3390,router_5_3,router_5_1,2.3001,0.875955
3391,router_5_3,router_5_1,2.8001,0.876790
3392,router_6_3,router_4_1,2.9001,0.752808
3393,router_6_3,router_4_1,2.4000,0.754824
3394,router_6_3,router_4_1,7.4002,0.740884
3395,router_6_3,router_4_1,3.4001,0.750801
3396,router_7_3,router_3_1,4.1001,0.652276
3397,router_7_3,router_3_1,6.6001,0.645891
3398,router_7_3,router_3_1,3.5001,0.653566
3399,router_7_3,router_3_1,5.6001,0.647478
3400,router_5_2,router_4_2,0.5000,0.949813
3401,router_6_2,router_4_2,1.8000,0.877627
3402,router_6_2,router_4_2,1.3000,0.877627
3403,router_6_2,router_4_2,2.3001,0.875955
3404,router_6_2,router_3_2,2.4000,0.811013
3405,router_7_2,router_3_2,2.4000,0.754151
3406,router_7_2,router_3_2,2.4000,0.753479
3407,router_7_2,router_3_2,1.9000,0.754824
3408,router_7_2,router_2_2,6.1001,0.696456
3409,router_0_3,router_2_2,1.9000,0.812736
3410,router_0_3,router_2_2,1.4000,0.813036
3411,router_0_3,router_2_2,5.4001,0.808252
3412,router_0_3,router_1_2,3.1001,0.874621
3414,router_1_3,router_1_2,1.5000,0.949813
3415,router_1_3,router_1_2,1.0000,0.949813
3415,router_1_3,router_1_2,0.5000,0.949813
3416,router_1_3,router_0_2,0.8000,0.878464
3417,router_2_3,router_0_2,2.9001,0.808773
3418,router_2_3,router_0_2,2.1000,0.812661
3419,router_2_3,router_0_2,2.4000,0.810265
3420,router_2_3,router_7_1,5.3001,0.606667
3421,router_3_3,router_7_1,5.1001,0.649390
3422,router_3_3,router_7_1,4.5001,0.650670
3423,router_3_3,router_7_1,2.9000,0.654967
3424,router_3_3,router_6_1,2.9000,0.700702
3425,router_4_3,router_6_1,2.4000,0.753345
3426,router_4_3,router_6_1,2.4000,0.753345
3427,router_4_3,router_6_1,2.4000,0.754016
3428,router_4_3,router_5_1,2.9000,0.810041
3429,router_5_3,router_5_1,1.8000,0.876790
3430,router_5_3,router_5_1,1.3000,0.877627
3431,router_5_3,router_5_1,1.3000,0.877627
3432,router_5_3,router_4_1,2.9001,0.810265
3433,router_6_3,router_4_1,1.9000,0.756172
3434,router_6_3,router_4_1,1.9000,0.754824
3435,router_6_3,router_4_1,2.9000,0.753479
3436,router_6_3,router_3_1,4.6001,0.697648
3437,router_7_3,router_3_1,5.6001,0.649071
3438,router_7_3,router_3_1,4.5001,0.650884
3439,router_7_3,router_3_1,6.0001,0.647690
3440,router_7_3,router_2_1,5.3001,0.609484
3441,router_5_2,router_4_2,0.5000,0.949813
3442,router_6_2,router_4_2,1.8000,0.876790
3443,router_6_2,router_4_2,0.8000,0.878464
3444,router_6_2,router_4_2,3.3001,0.874288
3445,router_6_2,router_3_2,4.9001,0.804321
3446,router_7_2,router_3_2,2.9000,0.754151
3447,router_7_2,router_3_2,2.4000,0.753479
3448,router_7_2,router_3_2,1.9000,0.754824
3449,router_7_2,router_2_2,5.1001,0.695267
3450,router_0_3,router_2_2,2.5001,0.809892
3451,router_0_3,router_2_2,3.4001,0.811237
3452,router_0_3,router_2_2,1.4000,0.813637
3453,router_0_3,router_1_2,0.8000,0.878296
3455,router_1_3,router_1_2,0.5000,0.949813
3456,router_1_3,router_1_2,0.5000,0.949813
3456,router_1_3,router_1_2,1.0000,0.949813
3457,router_1_3,router_0_2,1.8000,0.877627
3458,router_2_3,router_0_2,4.4001,0.805801
3459,router_2_3,router_0_2,1.9000,0.811761
3460,router_2_3,router_0_2,2.9000,0.809519
3461,router_2_3,router_7_1,3.7001,0.611070
3462,router_3_3,router_7_1,3.1000,0.654320
3463,router_3_3,router_7_1,4.1001,0.651098
3464,router_3_3,router_7_1,4.1001,0.651098
3465,router_3_3,router_6_1,2.9000,0.701665
3466,router_4_3,router_6_1,2.5000,0.754151
3467,router_4_3,router_6_1,2.1000,0.754689
3468,router_4_3,router_6_1,2.1000,0.754823
3469,router_4_3,router_5_1,3.9001,0.806320
3470,router_5_3,router_5_1,1.3000,0.877627
3471,router_5_3,router_5_1,1.3000,0.877627
3472,router_5_3,router_5_1,1.3000,0.877627
3473,router_5_3,router_4_1,2.4000,0.811761
3474,router_6_3,router_4_1,2.4000,0.754151
3475,router_6_3,router_4_1,4.9001,0.749467
3476,router_6_3,router_4_1,5.9001,0.744168
3477,router_6_3,router_3_1,4.1001,0.698245
3478,router_7_3,router_3_1,3.6000,0.653889
3479,router_7_3,router_3_1,6.1001,0.644836
3480,router_7_3,router_3_1,3.6000,0.653889
3481,router_7_3,router_2_1,4.1001,0.611021
3482,router_5_2,router_4_2,1.0000,0.949813
3483,router_5_2,router_4_2,2.5001,0.949813
3484,router_6_2,router_4_2,2.8001,0.875121
3485,router_6_2,router_4_2,2.3001,0.877627
3486,router_6_2,router_3_2,4.4001,0.806543
3487,router_6_2,router_3_2,3.4001,0.808029
3488,router_7_2,router_3_2,4.4001,0.748802
3489,router_7_2,router_3_2,3.4001,0.752138
3490,router_7_2,router_2_2,4.1001,0.698245
3491,router_7_2,router_2_2,4.1001,0.697648
3492,router_0_3,router_2_2,4.9001,0.803213
3493,router_0_3,router_2_2,3.3001,0.808252
3494,router_0_3,router_1_2,1.8000,0.876623
3495,router_0_3,router_1_2,1.9001,0.878296
3496,router_1_3,router_1_2,0.5000,0.949813
3497,router_1_3,router_1_2,1.0000,0.949813
3498,router_1_3,router_0_2,1.8000,0.878464
3499,router_1_3,router_0_2,0.8000,0.878464
3500,router_2_3,router_0_2,3.9001,0.809519
3501,router_2_3,router_0_2,2.4000,0.811013
3508,router_4_3,router_6_1,3.4001,0.752540

AVERAGES,,,2.9064,0.793366
E2E_LATENCY,,,12672.4960,
