Request_ID,Source,Destination,Latency_ms,Fidelity
0,router_7_7,router_6_7,1.5000,0.949813
1,router_7_7,router_6_7,0.5000,0.949813
2,router_7_7,router_6_7,1.5000,0.949813
3,router_7_7,router_6_7,2.0000,0.949813
4,router_7_7,router_6_7,1.0000,0.949813
5,router_7_7,router_6_7,1.5000,0.949813
6,router_7_7,router_6_7,0.5000,0.949813
7,router_7_7,router_6_7,2.0000,0.949813
8,router_7_7,router_6_7,0.5000,0.949813
9,router_7_7,router_6_7,3.0001,0.949813
10,router_7_7,router_6_7,0.5000,0.949813
11,router_7_7,router_6_7,0.5000,0.949813
12,router_7_7,router_6_7,0.5000,0.949813
13,router_7_7,router_5_7,2.3001,0.877627
14,router_7_7,router_6_7,0.5000,0.949813
15,router_7_7,router_6_7,0.5000,0.949813
16,router_7_7,router_5_7,1.8001,0.876790
17,router_7_7,router_5_7,0.8000,0.878464
18,router_7_7,router_6_7,0.5000,0.949813
19,router_7_7,router_5_7,2.8001,0.875121
20,router_7_7,router_5_7,1.3000,0.877627
21,router_7_7,router_5_7,2.8001,0.878464
22,router_7_7,router_5_7,1.3000,0.877627
23,router_7_7,router_5_7,1.8000,0.876790
24,router_7_7,router_5_7,0.8000,0.878464
25,router_7_7,router_5_7,1.3000,0.877627
26,router_6_7,router_5_7,0.5000,0.949813
27,router_7_7,router_5_7,2.8001,0.875121
28,router_7_7,router_5_7,1.3000,0.878464
29,router_7_7,router_5_7,3.3001,0.875955
30,router_7_7,router_4_7,4.1001,0.811162
31,router_6_7,router_5_7,1.5000,0.949813
32,router_6_7,router_5_7,2.0000,0.949813
33,router_7_7,router_5_7,1.3000,0.877627
34,router_7_7,router_5_7,0.8000,0.878464
35,router_7_7,router_4_7,3.4001,0.811761
36,router_7_7,router_4_7,3.9001,0.805801
37,router_6_7,router_5_7,0.5000,0.949813
38,router_6_7,router_5_7,0.5000,0.949813
39,router_6_7,router_5_7,0.5000,0.949813
40,router_7_7,router_5_7,1.8000,0.877627
41,router_7_7,router_4_7,1.9000,0.812511
42,router_7_7,router_4_7,6.6001,0.806691
43,router_7_7,router_4_7,1.9000,0.811761
44,router_6_7,router_5_7,1.0000,0.949813
44,router_6_7,router_5_7,1.0000,0.949813
45,router_6_7,router_5_7,0.5000,0.949813
46,router_6_7,router_5_7,1.0000,0.949813
48,router_7_7,router_4_7,2.4000,0.811013
49,router_7_7,router_4_7,1.4000,0.813261
50,router_7_7,router_4_7,2.4000,0.811761
51,router_7_7,router_4_7,1.9000,0.811761
53,router_6_7,router_5_7,0.5000,0.949813
54,router_6_7,router_5_7,1.0000,0.949813
54,router_6_7,router_5_7,0.5000,0.949813
55,router_6_7,router_4_7,3.3001,0.876790
56,router_7_7,router_4_7,1.4000,0.813261
57,router_7_7,router_4_7,2.4000,0.811761
58,router_7_7,router_4_7,3.4001,0.808773
59,router_7_7,router_3_7,2.4000,0.754151
60,router_6_7,router_5_7,1.5000,0.949813
60,router_6_7,router_5_7,3.5001,0.949813
62,router_6_7,router_4_7,5.8001,0.871796
63,router_6_7,router_4_7,2.3001,0.877627
64,router_7_7,router_4_7,2.9000,0.811013
65,router_7_7,router_4_7,2.9000,0.810265
66,router_7_7,router_3_7,1.9000,0.754824
67,router_7_7,router_3_7,2.9000,0.752808
68,router_6_7,router_5_7,2.0000,0.949813
69,router_6_7,router_4_7,1.3000,0.877627
70,router_6_7,router_4_7,3.3001,0.875121
71,router_6_7,router_4_7,1.8000,0.876790
72,router_7_7,router_4_7,3.4001,0.808773
73,router_7_7,router_3_7,2.4000,0.754151
74,router_7_7,router_3_7,2.9000,0.752138
75,router_7_7,router_3_7,3.9001,0.750801
76,router_6_7,router_4_7,0.8000,0.878464
77,router_6_7,router_4_7,1.3000,0.877627
78,router_6_7,router_4_7,0.8000,0.878464
79,router_6_7,router_4_7,3.3001,0.876790
80,router_7_7,router_3_7,3.9001,0.749467
81,router_7_7,router_3_7,2.4000,0.753479
82,router_7_7,router_3_7,1.9000,0.754824
83,router_7_7,router_3_7,3.4001,0.751469
84,router_5_7,router_4_7,1.0000,0.949813
85,router_6_7,router_4_7,3.3001,0.875955
86,router_6_7,router_4_7,1.8000,0.876790
87,router_6_7,router_4_7,3.3001,0.874288
88,router_6_7,router_3_7,3.4001,0.811761
89,router_7_7,router_3_7,1.9000,0.754824
90,router_7_7,router_3_7,2.4000,0.753479
91,router_7_7,router_3_7,2.4000,0.753479
92,router_7_7,router_2_7,4.1001,0.700042
93,router_5_7,router_4_7,0.5000,0.949813
94,router_5_7,router_4_7,0.5000,0.949813
95,router_6_7,router_4_7,3.8001,0.874288
96,router_6_7,router_4_7,3.3001,0.875121
97,router_6_7,router_3_7,1.6000,0.813412
98,router_6_7,router_3_7,2.4000,0.811013
99,router_7_7,router_3_7,2.9000,0.754151
100,router_7_7,router_3_7,1.9000,0.755497
101,router_7_7,router_2_7,4.1001,0.700042
102,router_7_7,router_2_7,3.6000,0.698843
103,router_5_7,router_4_7,0.5000,0.949813
104,router_5_7,router_4_7,1.0000,0.949813
105,router_5_7,router_4_7,0.5000,0.949813
106,router_6_7,router_4_7,1.8000,0.876790
107,router_6_7,router_3_7,3.1001,0.811162
108,router_6_7,router_3_7,3.4001,0.809519
109,router_6_7,router_3_7,3.1001,0.811911
110,router_7_7,router_3_7,2.4000,0.754151
111,router_7_7,router_2_7,3.6000,0.699442
112,router_7_7,router_2_7,3.6000,0.698843
113,router_7_7,router_2_7,4.2001,0.699802
114,router_5_7,router_4_7,1.0000,0.949813
114,router_5_7,router_4_7,1.0000,0.949813
115,router_5_7,router_4_7,1.5000,0.949813
116,router_5_7,router_4_7,0.5000,0.949813
118,router_6_7,router_3_7,2.9001,0.809519
119,router_6_7,router_3_7,2.4000,0.810265
120,router_6_7,router_3_7,2.9000,0.810265
121,router_6_7,router_3_7,2.9000,0.811761
122,router_7_7,router_2_7,3.6000,0.698245
123,router_7_7,router_2_7,5.1001,0.694673
124,router_7_7,router_2_7,6.6001,0.689369
125,router_7_7,router_2_7,5.1001,0.694081
126,router_5_7,router_4_7,0.5000,0.949813
126,router_5_7,router_4_7,0.5000,0.949813
127,router_5_7,router_4_7,1.5000,0.949813
129,router_5_7,router_3_7,1.3000,0.878464
130,router_6_7,router_3_7,2.9001,0.810265
131,router_6_7,router_3_7,2.9000,0.809519
132,router_6_7,router_3_7,1.9000,0.812511
133,router_6_7,router_2_7,4.4001,0.750801
134,router_7_7,router_2_7,3.6000,0.699442
135,router_7_7,router_2_7,6.1001,0.691130
136,router_7_7,router_2_7,8.1002,0.684128
137,router_7_7,router_1_7,4.6001,0.650136
138,router_5_7,router_4_7,2.0000,0.949813
139,router_5_7,router_4_7,2.5001,0.949813
140,router_5_7,router_3_7,2.8001,0.877459
141,router_5_7,router_3_7,1.3000,0.877627
142,router_6_7,router_3_7,2.1000,0.812661
143,router_6_7,router_3_7,2.1000,0.813412
144,router_6_7,router_2_7,3.9001,0.750134
145,router_6_7,router_2_7,3.9001,0.750134
146,router_7_7,router_2_7,3.7001,0.702207
147,router_7_7,router_2_7,3.1000,0.700642
148,router_7_7,router_1_7,3.6000,0.653350
149,router_7_7,router_1_7,7.0001,0.647160
150,router_5_7,router_4_7,0.5000,0.949813
151,router_5_7,router_3_7,1.3000,0.877627
152,router_5_7,router_3_7,1.8000,0.876790
153,router_5_7,router_3_7,2.3001,0.875955
154,router_6_7,router_3_7,2.9001,0.809519
155,router_6_7,router_2_7,3.4001,0.751469
156,router_6_7,router_2_7,2.9000,0.753479
157,router_6_7,router_2_7,2.9000,0.752808
158,router_7_7,router_2_7,3.6000,0.698245
159,router_7_7,router_1_7,3.6000,0.652813
160,router_7_7,router_1_7,2.6000,0.656048
161,router_7_7,router_1_7,6.5001,0.647690
162,router_5_7,router_3_7,0.8000,0.878464
163,router_5_7,router_3_7,1.3000,0.878464
164,router_5_7,router_3_7,0.8000,0.878464
165,router_5_7,router_3_7,2.3001,0.876790
166,router_6_7,router_2_7,2.4000,0.753479
167,router_6_7,router_2_7,1.9000,0.754824
168,router_6_7,router_2_7,3.9001,0.750134
169,router_6_7,router_2_7,1.9000,0.755497
170,router_7_7,router_1_7,3.6000,0.653350
171,router_7_7,router_1_7,4.6001,0.649603
172,router_7_7,router_1_7,3.5001,0.653566
173,router_7_7,router_1_7,4.1001,0.651740
174,router_4_7,router_3_7,1.0000,0.949813
175,router_5_7,router_3_7,2.8001,0.876790
176,router_5_7,router_3_7,1.8000,0.876790
177,router_5_7,router_3_7,1.8000,0.876790
178,router_5_7,router_2_7,2.9001,0.811013
179,router_6_7,router_2_7,2.9000,0.754151
180,router_6_7,router_2_7,6.4001,0.742852
181,router_6_7,router_2_7,3.4001,0.750801
182,router_6_7,router_1_7,4.6001,0.694673
183,router_7_7,router_1_7,4.0001,0.652491
184,router_7_7,router_1_7,4.6001,0.649603
185,router_7_7,router_1_7,4.6001,0.650670
186,router_7_7,router_0_7,4.1001,0.610060
187,router_4_7,router_3_7,1.0000,0.949813
188,router_4_7,router_3_7,1.0000,0.949813
189,router_5_7,router_3_7,1.8000,0.877627
190,router_5_7,router_3_7,1.8000,0.877627
191,router_5_7,router_2_7,3.4001,0.811013
192,router_5_7,router_2_7,4.1001,0.809668
193,router_6_7,router_2_7,1.9000,0.754824
194,router_6_7,router_2_7,6.4001,0.743509
195,router_6_7,router_1_7,4.7001,0.699202
196,router_6_7,router_1_7,3.6000,0.699442
197,router_7_7,router_1_7,4.1001,0.651205
198,router_7_7,router_1_7,4.6001,0.650136
199,router_7_7,router_0_7,4.1001,0.611021
200,router_7_7,router_0_7,5.1001,0.608623
202,router_4_7,router_3_7,0.5000,0.949813
202,router_4_7,router_3_7,1.5000,0.949813
203,router_4_7,router_3_7,2.0000,0.949813
204,router_5_7,router_3_7,1.8000,0.878464
205,router_5_7,router_2_7,4.9001,0.802844
206,router_5_7,router_2_7,1.9000,0.811761
207,router_5_7,router_2_7,2.1000,0.812661
208,router_6_7,router_2_7,3.9001,0.750134
209,router_6_7,router_1_7,4.6001,0.695267
210,router_6_7,router_1_7,3.1000,0.701846
211,router_6_7,router_1_7,3.2001,0.701605
212,router_7_7,router_1_7,3.6000,0.652813
213,router_7_7,router_0_7,5.1001,0.607667
214,router_7_7,router_0_7,4.8001,0.609484
215,router_7_7,router_0_7,4.1001,0.609101
216,router_4_7,router_3_7,0.5000,0.949813
217,router_4_7,router_3_7,1.0000,0.949813
218,router_4_7,router_3_7,4.0001,0.949813
219,router_4_7,router_3_7,4.0001,0.949813
220,router_5_7,router_2_7,2.4000,0.810265
221,router_5_7,router_2_7,6.4001,0.798439
222,router_5_7,router_2_7,2.4000,0.811761
223,router_5_7,router_2_7,1.6000,0.813412
224,router_6_7,router_1_7,5.6001,0.694673
225,router_6_7,router_1_7,3.1000,0.700642
226,router_6_7,router_1_7,3.6000,0.698245
227,router_6_7,router_1_7,4.1001,0.697648
228,router_7_7,router_0_7,4.6001,0.608910
229,router_7_7,router_0_7,3.3000,0.613339
230,router_7_7,router_0_7,4.1001,0.609101
231,router_7_7,router_0_7,5.1001,0.607477
233,router_4_7,router_3_7,1.0000,0.949813
233,router_4_7,router_3_7,0.5000,0.949813
234,router_4_7,router_3_7,2.5001,0.949813
235,router_4_7,router_2_7,2.3001,0.877627
236,router_5_7,router_2_7,3.1001,0.811162
237,router_5_7,router_2_7,2.6000,0.811911
238,router_5_7,router_2_7,2.9001,0.811761
239,router_5_7,router_1_7,2.4000,0.754151
240,router_6_7,router_1_7,5.1001,0.694673
241,router_6_7,router_1_7,3.6000,0.698245
242,router_6_7,router_1_7,4.1001,0.697648
243,router_6_7,router_0_7,5.6001,0.648539
244,router_7_7,router_0_7,3.6000,0.612468
245,router_7_7,router_0_7,3.6000,0.612468
246,router_7_7,router_0_7,5.1001,0.608623
247,router_7_7,router_7_6,0.5000,0.949813
248,router_4_7,router_3_7,1.0000,0.949813
249,router_4_7,router_3_7,0.5000,0.949813
250,router_4_7,router_2_7,1.8000,0.876790
251,router_4_7,router_2_7,1.3000,0.877627
252,router_5_7,router_2_7,1.9000,0.813261
253,router_5_7,router_2_7,3.9001,0.808029
254,router_5_7,router_1_7,3.4001,0.751469
255,router_5_7,router_1_7,1.9000,0.754824
256,router_6_7,router_1_7,5.1001,0.694081
257,router_6_7,router_1_7,5.6001,0.691719
258,router_6_7,router_0_7,5.0001,0.649816
259,router_6_7,router_0_7,4.1001,0.652813
260,router_7_7,router_0_7,6.1001,0.605765
261,router_7_7,router_0_7,5.1001,0.607191
262,router_7_7,router_7_6,0.5000,0.949813
263,router_7_7,router_7_6,0.5000,0.949813
264,router_4_7,router_3_7,1.0000,0.949813
265,router_4_7,router_2_7,2.3000,0.877627
266,router_4_7,router_2_7,1.3000,0.877627
267,router_4_7,router_2_7,1.8000,0.876790
268,router_5_7,router_2_7,2.1000,0.812661
269,router_5_7,router_1_7,3.9001,0.749467
270,router_5_7,router_1_7,4.4001,0.748137
271,router_5_7,router_1_7,5.9001,0.747473
272,router_6_7,router_1_7,3.6000,0.699442
273,router_6_7,router_0_7,3.6000,0.652813
274,router_6_7,router_0_7,3.6000,0.652813
275,router_6_7,router_0_7,6.1001,0.647478
276,router_7_7,router_0_7,3.6000,0.612952
277,router_7_7,router_7_6,1.0000,0.949813
278,router_7_7,router_7_6,1.5000,0.949813
279,router_7_7,router_7_6,0.5000,0.949813
280,router_4_7,router_2_7,3.1001,0.875455
281,router_4_7,router_2_7,1.8000,0.877627
282,router_4_7,router_2_7,2.3001,0.877627
283,router_4_7,router_2_7,1.8000,0.877627
284,router_5_7,router_1_7,3.4001,0.750801
285,router_5_7,router_1_7,2.4000,0.755497
286,router_5_7,router_1_7,2.9000,0.752138
287,router_5_7,router_1_7,3.4001,0.750801
288,router_6_7,router_0_7,4.1001,0.652276
289,router_6_7,router_0_7,3.6000,0.654427
290,router_6_7,router_0_7,5.1001,0.651740
291,router_6_7,router_0_7,4.1001,0.653350
293,router_7_7,router_7_6,0.5000,0.949813
294,router_7_7,router_7_6,0.5000,0.949813
294,router_7_7,router_7_6,1.0000,0.949813
295,router_7_7,router_7_6,1.5000,0.949813
296,router_3_7,router_2_7,0.5000,0.949813
297,router_4_7,router_2_7,1.3000,0.877627
298,router_4_7,router_2_7,1.3000,0.877627
299,router_4_7,router_2_7,3.3001,0.875121
300,router_4_7,router_1_7,2.9001,0.810265
301,router_5_7,router_1_7,1.9000,0.754824
302,router_5_7,router_1_7,5.4001,0.746810
303,router_5_7,router_1_7,1.4000,0.756172
304,router_5_7,router_0_7,3.1000,0.700642
305,router_6_7,router_0_7,3.1000,0.654967
306,router_6_7,router_0_7,5.5001,0.649816
307,router_6_7,router_0_7,5.6001,0.648539
308,router_6_7,router_7_6,1.3000,0.877459
309,router_7_7,router_7_6,2.0000,0.949813
310,router_7_7,router_7_6,0.5000,0.949813
311,router_7_7,router_7_6,1.5000,0.949813
312,router_7_7,router_6_6,1.8000,0.876790
314,router_3_7,router_2_7,0.5000,0.949813
314,router_3_7,router_2_7,0.5000,0.949813
315,router_4_7,router_2_7,1.8000,0.877627
316,router_4_7,router_2_7,1.8000,0.876790
317,router_4_7,router_1_7,2.4000,0.810265
318,router_4_7,router_1_7,2.1000,0.812661
319,router_5_7,router_1_7,2.9001,0.752808
320,router_5_7,router_1_7,9.4002,0.737622
321,router_5_7,router_0_7,3.6000,0.700042
322,router_5_7,router_0_7,5.1001,0.695861
323,router_6_7,router_0_7,4.1001,0.653889
324,router_6_7,router_0_7,4.6001,0.649603
325,router_6_7,router_7_6,1.8001,0.876623
326,router_6_7,router_7_6,1.8000,0.877292
327,router_7_7,router_7_6,1.5000,0.949813
327,router_7_7,router_7_6,1.0000,0.949813
329,router_7_7,router_6_6,4.3001,0.873456
330,router_7_7,router_6_6,1.8000,0.876790
331,router_3_7,router_2_7,0.5000,0.949813
331,router_3_7,router_2_7,2.0000,0.949813
332,router_3_7,router_2_7,0.5000,0.949813
334,router_4_7,router_2_7,1.8000,0.876790
335,router_4_7,router_1_7,1.6000,0.813412
336,router_4_7,router_1_7,3.1001,0.811911
337,router_4_7,router_1_7,2.4000,0.811761
338,router_5_7,router_1_7,1.9000,0.754824
339,router_5_7,router_0_7,6.7001,0.698006
340,router_5_7,router_0_7,4.6001,0.695861
341,router_5_7,router_0_7,5.6001,0.693489
342,router_6_7,router_0_7,4.6001,0.651205
343,router_6_7,router_7_6,2.3001,0.877125
344,router_6_7,router_7_6,1.5000,0.878129
345,router_6_7,router_7_6,1.3000,0.877459
346,router_7_7,router_7_6,1.0000,0.949813
347,router_7_7,router_6_6,3.8001,0.873456
348,router_7_7,router_6_6,0.8000,0.878464
349,router_7_7,router_6_6,0.8000,0.878464
350,router_3_7,router_2_7,0.5000,0.949813
351,router_3_7,router_2_7,0.5000,0.949813
352,router_3_7,router_2_7,3.5001,0.949813
353,router_3_7,router_2_7,2.0000,0.949813
354,router_4_7,router_1_7,2.6001,0.811911
355,router_4_7,router_1_7,2.4000,0.811013
356,router_4_7,router_1_7,4.4001,0.811761
357,router_4_7,router_1_7,2.1000,0.812661
358,router_5_7,router_0_7,4.1001,0.698245
359,router_5_7,router_0_7,4.6001,0.699442
360,router_5_7,router_0_7,2.6000,0.701846
361,router_5_7,router_0_7,4.6001,0.697648
362,router_6_7,router_7_6,1.1000,0.877961
363,router_6_7,router_7_6,1.1000,0.877961
364,router_6_7,router_7_6,1.3000,0.877459
365,router_6_7,router_7_6,1.3000,0.877459
366,router_7_7,router_6_6,2.3001,0.875955
367,router_7_7,router_6_6,1.3000,0.877627
368,router_7_7,router_6_6,1.8000,0.876790
369,router_7_7,router_6_6,2.3001,0.877627
370,router_3_7,router_2_7,0.5000,0.949813
371,router_3_7,router_2_7,0.5000,0.949813
372,router_3_7,router_2_7,1.5000,0.949813
373,router_3_7,router_1_7,4.3001,0.874288
374,router_4_7,router_1_7,2.4000,0.811013
375,router_4_7,router_1_7,3.4001,0.809519
376,router_4_7,router_1_7,1.9000,0.811761
377,router_4_7,router_0_7,3.9001,0.750801
378,router_5_7,router_0_7,4.6001,0.697648
379,router_5_7,router_0_7,4.6001,0.696456
380,router_5_7,router_0_7,3.6000,0.698843
381,router_5_7,router_7_6,2.9001,0.809743
382,router_6_7,router_7_6,1.1000,0.877961
383,router_6_7,router_7_6,1.3000,0.877459
384,router_6_7,router_7_6,2.3001,0.875955
385,router_6_7,router_6_6,1.0000,0.949813
386,router_7_7,router_6_6,4.8001,0.871796
387,router_7_7,router_6_6,0.8000,0.878464
388,router_7_7,router_6_6,2.3001,0.877627
389,router_7_7,router_5_6,3.4001,0.808773
391,router_3_7,router_2_7,1.0000,0.949813
391,router_3_7,router_2_7,1.5000,0.949813
393,router_3_7,router_1_7,0.8000,0.878464
393,router_3_7,router_1_7,2.3001,0.875955
394,router_4_7,router_1_7,1.4000,0.813261
395,router_4_7,router_1_7,1.9000,0.812511
396,router_4_7,router_0_7,1.9000,0.755497
397,router_4_7,router_0_7,4.4001,0.748802
398,router_5_7,router_0_7,4.1001,0.696456
399,router_5_7,router_0_7,7.1001,0.687032
400,router_5_7,router_7_6,2.6001,0.811836
401,router_5_7,router_7_6,3.4001,0.807657
402,router_6_7,router_7_6,1.3000,0.877459
403,router_6_7,router_7_6,1.3000,0.878129
404,router_6_7,router_6_6,1.0000,0.949813
405,router_6_7,router_6_6,1.5000,0.949813
406,router_7_7,router_6_6,0.8000,0.878464
407,router_7_7,router_6_6,1.8000,0.876790
408,router_7_7,router_5_6,2.9001,0.808773
409,router_7_7,router_5_6,2.1000,0.813412
410,router_3_7,router_2_7,2.0000,0.949813
411,router_3_7,router_1_7,1.8000,0.876790
412,router_3_7,router_1_7,1.3000,0.877627
413,router_3_7,router_1_7,2.8001,0.876790
414,router_4_7,router_1_7,1.9000,0.812511
415,router_4_7,router_0_7,3.4001,0.752138
416,router_4_7,router_0_7,2.4000,0.754824
417,router_4_7,router_0_7,2.4000,0.754151
418,router_5_7,router_0_7,4.6001,0.695267
419,router_5_7,router_7_6,2.5001,0.809892
420,router_5_7,router_7_6,1.4000,0.813036
421,router_5_7,router_7_6,1.9000,0.811537
422,router_6_7,router_7_6,4.3001,0.872459
424,router_6_7,router_6_6,3.0001,0.949813
425,router_6_7,router_6_6,0.5000,0.949813
425,router_6_7,router_6_6,2.0000,0.949813
426,router_7_7,router_6_6,1.3000,0.877627
427,router_7_7,router_5_6,4.1001,0.809668
428,router_7_7,router_5_6,1.9000,0.812511
429,router_7_7,router_5_6,3.4001,0.808029
430,router_3_7,router_1_7,3.6000,0.873789
431,router_3_7,router_1_7,1.3000,0.877627
432,router_3_7,router_1_7,2.3001,0.875955
433,router_3_7,router_1_7,0.8000,0.878464
434,router_4_7,router_0_7,2.9001,0.753479
435,router_4_7,router_0_7,5.9001,0.744168
436,router_4_7,router_0_7,2.4000,0.754151
437,router_4_7,router_0_7,3.9001,0.750134
438,router_5_7,router_7_6,2.4000,0.811836
439,router_5_7,router_7_6,2.9000,0.809743
440,router_5_7,router_7_6,1.9000,0.812136
441,router_5_7,router_7_6,2.4000,0.810639
442,router_6_7,router_6_6,0.5000,0.949813
443,router_6_7,router_6_6,1.0000,0.949813
444,router_6_7,router_6_6,1.5000,0.949813
445,router_6_7,router_6_6,3.0001,0.949813
446,router_7_7,router_5_6,3.4001,0.809519
447,router_7_7,router_5_6,2.9000,0.809519
448,router_7_7,router_5_6,3.6001,0.811162
449,router_7_7,router_5_6,2.9001,0.810265
450,router_2_7,router_1_7,1.5000,0.949813
452,router_3_7,router_1_7,2.3000,0.877627
453,router_3_7,router_1_7,2.8001,0.875121
453,router_3_7,router_1_7,3.3001,0.874288
454,router_3_7,router_0_7,1.9000,0.812511
455,router_4_7,router_0_7,2.4000,0.754151
456,router_4_7,router_0_7,4.4001,0.748802
457,router_4_7,router_0_7,2.9000,0.753479
458,router_4_7,router_7_6,1.9000,0.755093
459,router_5_7,router_7_6,1.4000,0.813036
460,router_5_7,router_7_6,2.9000,0.810340
461,router_5_7,router_7_6,3.0001,0.811836
462,router_5_7,router_6_6,0.8000,0.878296
463,router_6_7,router_6_6,2.0000,0.949813
464,router_6_7,router_6_6,2.5001,0.949813
465,router_6_7,router_6_6,0.5000,0.949813
466,router_6_7,router_5_6,2.3001,0.875955
467,router_7_7,router_5_6,2.4000,0.810265
468,router_7_7,router_5_6,1.9000,0.812511
469,router_7_7,router_5_6,2.9000,0.809519
470,router_7_7,router_4_6,2.4000,0.754151
472,router_2_7,router_1_7,0.5000,0.949813
472,router_2_7,router_1_7,0.5000,0.949813
473,router_3_7,router_1_7,5.3000,0.870967
474,router_3_7,router_1_7,1.3000,0.877627
475,router_3_7,router_0_7,2.9001,0.811013
476,router_3_7,router_0_7,2.4000,0.812511
477,router_4_7,router_0_7,1.9000,0.754824
478,router_4_7,router_0_7,5.9001,0.748137
479,router_4_7,router_7_6,2.5000,0.752942
480,router_4_7,router_7_6,1.9000,0.754554
481,router_5_7,router_7_6,2.6000,0.812436
482,router_5_7,router_7_6,3.9001,0.806172
483,router_5_7,router_6_6,1.3000,0.877459
484,router_5_7,router_6_6,2.7001,0.876122
486,router_6_7,router_6_6,1.0000,0.949813
486,router_6_7,router_6_6,0.5000,0.949813
487,router_6_7,router_5_6,1.3000,0.877627
488,router_6_7,router_5_6,1.3000,0.877627
489,router_7_7,router_5_6,2.9001,0.810265
490,router_7_7,router_5_6,2.4000,0.811761
491,router_7_7,router_4_6,1.9000,0.754824
492,router_7_7,router_4_6,3.4001,0.751469
493,router_2_7,router_1_7,0.5000,0.949813
494,router_2_7,router_1_7,0.5000,0.949813
495,router_2_7,router_1_7,0.5000,0.949813
496,router_3_7,router_1_7,4.8001,0.872626
497,router_3_7,router_0_7,2.9001,0.808773
498,router_3_7,router_0_7,1.6000,0.813412
499,router_3_7,router_0_7,3.1001,0.811911
500,router_4_7,router_0_7,1.9000,0.754824
501,router_4_7,router_7_6,1.9000,0.755093
502,router_4_7,router_7_6,2.9001,0.751870
503,router_4_7,router_7_6,2.5000,0.752942
504,router_5_7,router_7_6,2.4000,0.811836
505,router_5_7,router_6_6,1.3000,0.877459
506,router_5_7,router_6_6,0.8000,0.878296
507,router_5_7,router_6_6,0.8000,0.878296
508,router_6_7,router_6_6,0.5000,0.949813
509,router_6_7,router_5_6,1.3000,0.877627
510,router_6_7,router_5_6,1.8000,0.877627
511,router_6_7,router_5_6,1.8000,0.876790
512,router_7_7,router_5_6,2.4000,0.811013
513,router_7_7,router_4_6,2.4000,0.753479
514,router_7_7,router_4_6,3.9001,0.750801
515,router_7_7,router_4_6,2.4000,0.753479
516,router_2_7,router_1_7,1.0000,0.949813
516,router_2_7,router_1_7,0.5000,0.949813
517,router_2_7,router_1_7,0.5000,0.949813
518,router_2_7,router_1_7,0.5000,0.949813
520,router_3_7,router_0_7,1.6000,0.813412
521,router_3_7,router_0_7,3.6001,0.810415
522,router_3_7,router_0_7,2.4000,0.811761
523,router_3_7,router_0_7,3.9001,0.808773
524,router_4_7,router_7_6,2.5000,0.753076
525,router_4_7,router_7_6,3.3001,0.753479
526,router_4_7,router_7_6,8.1002,0.738664
527,router_4_7,router_7_6,1.7000,0.755093
528,router_5_7,router_6_6,0.8000,0.878296
529,router_5_7,router_6_6,0.8000,0.878296
530,router_5_7,router_6_6,1.9001,0.877459
531,router_5_7,router_6_6,1.5000,0.877292
532,router_6_7,router_5_6,4.3001,0.873456
533,router_6_7,router_5_6,0.8000,0.878464
534,router_6_7,router_5_6,0.8000,0.878464
535,router_6_7,router_5_6,1.8000,0.876790
536,router_7_7,router_4_6,1.9000,0.754824
537,router_7_7,router_4_6,3.4001,0.750801
538,router_7_7,router_4_6,3.9001,0.749467
539,router_7_7,router_4_6,2.4000,0.753479
540,router_2_7,router_1_7,1.5000,0.949813
541,router_2_7,router_1_7,0.5000,0.949813
542,router_2_7,router_1_7,0.5000,0.949813
543,router_2_7,router_0_7,0.8000,0.878464
544,router_3_7,router_0_7,2.6001,0.812661
545,router_3_7,router_0_7,2.4000,0.811013
546,router_3_7,router_0_7,1.6000,0.813412
547,router_3_7,router_7_6,3.7001,0.699143
548,router_4_7,router_7_6,2.4000,0.753748
549,router_4_7,router_7_6,1.7000,0.755632
550,router_4_7,router_7_6,1.9000,0.755093
551,router_4_7,router_6_6,2.2000,0.812436
552,router_5_7,router_6_6,1.8000,0.877292
553,router_5_7,router_6_6,4.3001,0.872459
554,router_5_7,router_6_6,1.9001,0.876623
555,router_5_7,router_5_6,0.5000,0.949813
556,router_6_7,router_5_6,2.8001,0.878464
557,router_6_7,router_5_6,2.8001,0.877627
558,router_6_7,router_5_6,2.8001,0.877627
559,router_6_7,router_4_6,4.9001,0.803582
560,router_7_7,router_4_6,2.4000,0.753479
561,router_7_7,router_4_6,2.9000,0.752138
562,router_7_7,router_4_6,2.9000,0.752808
563,router_7_7,router_3_6,6.6001,0.688784
565,router_2_7,router_1_7,0.5000,0.949813
565,router_2_7,router_1_7,1.0000,0.949813
566,router_2_7,router_0_7,1.3000,0.878464
567,router_2_7,router_0_7,6.3002,0.869314
568,router_3_7,router_0_7,2.9001,0.809519
569,router_3_7,router_0_7,1.9000,0.811761
570,router_3_7,router_7_6,2.9000,0.701183
571,router_3_7,router_7_6,4.1001,0.697708
572,router_4_7,router_7_6,3.4001,0.752138
573,router_4_7,router_7_6,4.9001,0.746678
574,router_4_7,router_6_6,2.9000,0.810340
575,router_4_7,router_6_6,2.1000,0.812286
576,router_5_7,router_6_6,1.3000,0.878129
577,router_5_7,router_6_6,1.3000,0.877459
579,router_5_7,router_5_6,0.5000,0.949813
579,router_5_7,router_5_6,1.0000,0.949813
580,router_6_7,router_5_6,2.3001,0.876790
581,router_6_7,router_5_6,1.3000,0.877627
582,router_6_7,router_4_6,4.4001,0.807285
583,router_6_7,router_4_6,2.9000,0.811013
584,router_7_7,router_4_6,2.4000,0.753479
585,router_7_7,router_4_6,3.4001,0.752138
586,router_7_7,router_3_6,4.2001,0.699802
587,router_7_7,router_3_6,2.7000,0.702811
588,router_2_7,router_1_7,0.5000,0.949813
589,router_2_7,router_0_7,1.3000,0.878464
590,router_2_7,router_0_7,1.8000,0.876790
591,router_2_7,router_0_7,1.3000,0.878464
592,router_3_7,router_0_7,2.1000,0.812661
593,router_3_7,router_7_6,3.7001,0.698664
594,router_3_7,router_7_6,2.9000,0.701665
595,router_3_7,router_7_6,4.1001,0.696754
596,router_4_7,router_7_6,1.7000,0.755093
597,router_4_7,router_6_6,4.2001,0.811088
598,router_4_7,router_6_6,2.9001,0.809444
599,router_4_7,router_6_6,2.6001,0.811836
600,router_5_7,router_6_6,4.8001,0.871630
602,router_5_7,router_5_6,1.5000,0.949813
603,router_5_7,router_5_6,0.5000,0.949813
603,router_5_7,router_5_6,5.0001,0.949813
604,router_6_7,router_5_6,2.3001,0.875955
605,router_6_7,router_4_6,3.6001,0.810415
606,router_6_7,router_4_6,4.6001,0.809668
607,router_6_7,router_4_6,2.9001,0.810265
608,router_7_7,router_4_6,2.9000,0.752138
609,router_7_7,router_3_6,6.1001,0.689955
610,router_7_7,router_3_6,4.6001,0.695267
611,router_7_7,router_3_6,6.6001,0.690542
613,router_2_7,router_0_7,2.3001,0.877627
614,router_2_7,router_0_7,1.8000,0.876790
615,router_2_7,router_0_7,4.0000,0.873955
615,router_2_7,router_0_7,0.8000,0.878464
616,router_3_7,router_7_6,5.1001,0.692721
617,router_3_7,router_7_6,3.6000,0.698066
618,router_3_7,router_7_6,4.5001,0.694970
619,router_3_7,router_7_6,3.6000,0.698066
620,router_4_7,router_6_6,3.9001,0.807359
621,router_4_7,router_6_6,1.7000,0.812286
622,router_4_7,router_6_6,1.9000,0.812736
623,router_4_7,router_6_6,1.9000,0.812136
625,router_5_7,router_5_6,1.0000,0.949813
626,router_5_7,router_5_6,0.5000,0.949813
627,router_5_7,router_5_6,1.0000,0.949813
627,router_5_7,router_5_6,1.0000,0.949813
628,router_6_7,router_4_6,4.4001,0.804321
629,router_6_7,router_4_6,1.9000,0.811761
630,router_6_7,router_4_6,2.6000,0.811911
631,router_6_7,router_4_6,6.9002,0.797708
632,router_7_7,router_3_6,3.1000,0.700042
633,router_7_7,router_3_6,4.1001,0.697051
634,router_7_7,router_3_6,3.6000,0.698843
635,router_7_7,router_3_6,6.1001,0.691719
636,router_1_7,router_0_7,0.5000,0.949813
638,router_2_7,router_0_7,4.3001,0.872625
639,router_2_7,router_0_7,2.2001,0.876122
639,router_2_7,router_0_7,1.8000,0.876790
640,router_2_7,router_7_6,4.6001,0.651098
641,router_3_7,router_7_6,4.5001,0.697708
642,router_3_7,router_7_6,2.9000,0.701545
643,router_3_7,router_7_6,4.6001,0.697827
644,router_3_7,router_6_6,1.4000,0.755902
645,router_4_7,router_6_6,3.8001,0.810191
646,router_4_7,router_6_6,1.9000,0.812136
647,router_4_7,router_6_6,2.5000,0.811387
648,router_4_7,router_5_6,0.8000,0.878296
649,router_5_7,router_5_6,0.5000,0.949813
650,router_5_7,router_5_6,0.5000,0.949813
651,router_5_7,router_5_6,0.5000,0.949813
652,router_5_7,router_4_6,2.8001,0.875121
653,router_6_7,router_4_6,1.9000,0.812511
654,router_6_7,router_4_6,2.4000,0.811761
655,router_6_7,router_4_6,7.1002,0.805208
656,router_6_7,router_3_6,2.9001,0.752808
657,router_7_7,router_3_6,4.6001,0.697648
658,router_7_7,router_3_6,6.1001,0.691130
659,router_7_7,router_3_6,7.1001,0.687615
660,router_7_7,router_2_6,5.1001,0.649603
661,router_1_7,router_0_7,2.5001,0.949813
661,router_1_7,router_0_7,1.0000,0.949813
663,router_2_7,router_0_7,1.8000,0.876790
664,router_2_7,router_0_7,3.8001,0.876790
665,router_2_7,router_7_6,4.1001,0.652169
666,router_2_7,router_7_6,4.1001,0.650991
667,router_3_7,router_7_6,5.3001,0.692131
668,router_3_7,router_7_6,3.7001,0.698664
669,router_3_7,router_6_6,2.5001,0.753076
670,router_3_7,router_6_6,3.3001,0.751603
671,router_4_7,router_6_6,1.7000,0.812886
672,router_4_7,router_6_6,2.5000,0.811088
673,router_4_7,router_5_6,1.3000,0.877459
674,router_4_7,router_5_6,2.3000,0.876456
675,router_5_7,router_5_6,1.0000,0.949813
675,router_5_7,router_5_6,1.0000,0.949813
677,router_5_7,router_4_6,0.8000,0.878464
678,router_5_7,router_4_6,2.3001,0.875955
679,router_6_7,router_4_6,2.4000,0.810265
680,router_6_7,router_4_6,2.4000,0.811013
681,router_6_7,router_3_6,5.4001,0.747473
682,router_6_7,router_3_6,2.9000,0.752138
683,router_7_7,router_3_6,4.1001,0.697051
684,router_7_7,router_3_6,5.1001,0.696456
685,router_7_7,router_2_6,4.6001,0.650670
686,router_7_7,router_2_6,5.1001,0.649071
687,router_1_7,router_0_7,1.5000,0.949813
688,router_1_7,router_0_7,1.5000,0.949813
689,router_1_7,router_0_7,0.5000,0.949813
690,router_2_7,router_0_7,2.3001,0.876790
691,router_2_7,router_7_6,5.7001,0.647160
692,router_2_7,router_7_6,3.6000,0.653458
693,router_2_7,router_7_6,3.1000,0.654212
694,router_3_7,router_7_6,3.1000,0.699862
695,router_3_7,router_6_6,2.9001,0.752406
696,router_3_7,router_6_6,5.3001,0.745487
697,router_3_7,router_6_6,1.9000,0.754554
698,router_4_7,router_6_6,2.5001,0.813186
699,router_4_7,router_5_6,1.3000,0.877459
700,router_4_7,router_5_6,1.8000,0.876623
701,router_4_7,router_5_6,2.3001,0.875955
702,router_5_7,router_5_6,0.5000,0.949813
703,router_5_7,router_4_6,1.8000,0.876790
704,router_5_7,router_4_6,2.3001,0.876790
705,router_5_7,router_4_6,1.8000,0.876790
706,router_6_7,router_4_6,2.4000,0.811013
707,router_6_7,router_3_6,2.4000,0.754824
708,router_6_7,router_3_6,2.9000,0.752138
709,router_6_7,router_3_6,2.9000,0.752138
710,router_7_7,router_3_6,3.1000,0.701244
711,router_7_7,router_2_6,5.0001,0.649816
712,router_7_7,router_2_6,7.1001,0.645891
713,router_7_7,router_2_6,5.1001,0.648539
714,router_1_7,router_0_7,1.0000,0.949813
715,router_1_7,router_0_7,0.5000,0.949813
716,router_1_7,router_0_7,0.5000,0.949813
717,router_1_7,router_0_7,1.0000,0.949813
718,router_2_7,router_7_6,3.3000,0.653673
719,router_2_7,router_7_6,3.7001,0.652383
720,router_2_7,router_7_6,4.1001,0.652383
721,router_2_7,router_7_6,4.7001,0.652276
722,router_3_7,router_6_6,3.7001,0.751870
723,router_3_7,router_6_6,2.4000,0.753211
724,router_3_7,router_6_6,2.4000,0.753211
725,router_3_7,router_6_6,3.3001,0.750801
726,router_4_7,router_5_6,0.8000,0.878296
727,router_4_7,router_5_6,1.1000,0.877961
728,router_4_7,router_5_6,1.5000,0.877292
729,router_4_7,router_5_6,1.5000,0.877292
730,router_5_7,router_4_6,3.3001,0.875121
731,router_5_7,router_4_6,0.8000,0.878464
732,router_5_7,router_4_6,2.3001,0.875955
733,router_5_7,router_4_6,3.3001,0.874288
734,router_6_7,router_3_6,2.4000,0.754151
735,router_6_7,router_3_6,1.9000,0.754824
736,router_6_7,router_3_6,2.4000,0.754824
737,router_6_7,router_3_6,3.4001,0.750801
738,router_7_7,router_2_6,5.1001,0.648008
739,router_7_7,router_2_6,6.1001,0.645363
740,router_7_7,router_2_6,5.1001,0.649071
741,router_7_7,router_2_6,4.1001,0.651205
742,router_1_7,router_0_7,1.5000,0.949813
743,router_1_7,router_0_7,1.5000,0.949813
744,router_1_7,router_0_7,0.5000,0.949813
745,router_1_7,router_7_6,5.3001,0.606858
746,router_2_7,router_7_6,3.1001,0.655399
747,router_2_7,router_7_6,3.6000,0.653028
748,router_2_7,router_7_6,4.1001,0.652705
749,router_2_7,router_6_6,3.3001,0.700102
750,router_3_7,router_6_6,2.4000,0.753748
751,router_3_7,router_6_6,2.9000,0.751870
752,router_3_7,router_6_6,2.5000,0.752942
753,router_3_7,router_5_6,1.9000,0.811537
754,router_4_7,router_5_6,2.8001,0.878296
755,router_4_7,router_5_6,1.5000,0.878129
756,router_4_7,router_5_6,1.8000,0.877292
757,router_4_7,router_4_6,1.5000,0.949813
758,router_5_7,router_4_6,2.3001,0.876790
759,router_5_7,router_4_6,1.8000,0.876790
760,router_5_7,router_4_6,3.3001,0.874288
761,router_5_7,router_3_6,1.9000,0.812511
762,router_6_7,router_3_6,1.9000,0.754824
763,router_6_7,router_3_6,3.9001,0.749467
764,router_6_7,router_3_6,1.9000,0.755497
765,router_6_7,router_2_6,3.1000,0.700042
766,router_7_7,router_2_6,5.1001,0.651205
767,router_7_7,router_2_6,5.6001,0.649071
768,router_7_7,router_2_6,5.6001,0.648539
769,router_7_7,router_1_6,3.6000,0.612468
770,router_1_7,router_0_7,0.5000,0.949813
771,router_1_7,router_0_7,0.5000,0.949813
772,router_1_7,router_7_6,3.7001,0.611359
773,router_1_7,router_7_6,8.1002,0.598488
774,router_2_7,router_7_6,3.7001,0.653135
775,router_2_7,router_7_6,3.7001,0.652813
776,router_2_7,router_6_6,4.5001,0.696754
777,router_2_7,router_6_6,3.3001,0.699143
778,router_3_7,router_6_6,2.1000,0.754151
779,router_3_7,router_6_6,2.1000,0.754554
780,router_3_7,router_5_6,2.1000,0.812286
781,router_3_7,router_5_6,1.9000,0.812136
782,router_4_7,router_5_6,1.3000,0.878129
783,router_4_7,router_5_6,1.3000,0.877459
785,router_4_7,router_4_6,2.0001,0.949813
785,router_4_7,router_4_6,0.5000,0.949813
786,router_5_7,router_4_6,2.3001,0.876790
787,router_5_7,router_4_6,0.8000,0.878464
788,router_5_7,router_3_6,2.4000,0.812511
789,router_5_7,router_3_6,1.6000,0.813412
790,router_6_7,router_3_6,2.9001,0.752138
791,router_6_7,router_3_6,6.4001,0.743509
792,router_6_7,router_2_6,6.2001,0.696218
793,router_6_7,router_2_6,4.1001,0.698245
794,router_7_7,router_2_6,3.6000,0.653889
795,router_7_7,router_2_6,3.1000,0.654427
796,router_7_7,router_1_6,3.6000,0.611503
797,router_7_7,router_1_6,3.3000,0.612855
798,router_1_7,router_0_7,1.5000,0.949813
799,router_1_7,router_7_6,3.1000,0.612710
800,router_1_7,router_7_6,7.8002,0.602413
801,router_1_7,router_7_6,5.0001,0.609436
802,router_2_7,router_7_6,4.3001,0.651419
803,router_2_7,router_6_6,3.7001,0.699143
804,router_2_7,router_6_6,3.3001,0.700102
805,router_2_7,router_6_6,2.9000,0.700582
806,router_3_7,router_6_6,3.3001,0.750801
807,router_3_7,router_5_6,1.9000,0.811537
808,router_3_7,router_5_6,2.5000,0.810639
809,router_3_7,router_5_6,1.9000,0.812136
810,router_4_7,router_5_6,1.8000,0.877292
811,router_4_7,router_4_6,2.0000,0.949813
812,router_4_7,router_4_6,1.5000,0.949813
813,router_4_7,router_4_6,0.5000,0.949813
814,router_5_7,router_4_6,2.8001,0.875955
815,router_5_7,router_3_6,3.4001,0.808773
816,router_5_7,router_3_6,3.1001,0.811162
817,router_5_7,router_3_6,4.6001,0.808922
818,router_6_7,router_3_6,2.4000,0.754151
819,router_6_7,router_2_6,5.6001,0.691719
820,router_6_7,router_2_6,4.6001,0.697648
821,router_6_7,router_2_6,5.6001,0.691719
822,router_7_7,router_2_6,5.6001,0.648008
823,router_7_7,router_1_6,8.6002,0.598256
824,router_7_7,router_1_6,6.6001,0.603684
825,router_7_7,router_1_6,5.1001,0.606240
826,router_1_7,router_7_6,3.6000,0.611937
827,router_1_7,router_7_6,4.5001,0.609724
828,router_1_7,router_7_6,4.6001,0.608670
829,router_1_7,router_7_6,3.3001,0.611841
830,router_2_7,router_6_6,4.9001,0.694496
831,router_2_7,router_6_6,2.6000,0.702147
832,router_2_7,router_6_6,4.1001,0.700102
833,router_2_7,router_6_6,2.9000,0.700582
834,router_3_7,router_5_6,3.4001,0.807062
835,router_3_7,router_5_6,2.9001,0.808699
836,router_3_7,router_5_6,1.9000,0.812736
837,router_3_7,router_5_6,1.9000,0.811537
838,router_4_7,router_4_6,2.5001,0.949813
839,router_4_7,router_4_6,3.5001,0.949813
841,router_4_7,router_4_6,1.5000,0.949813
841,router_4_7,router_4_6,1.5000,0.949813
842,router_5_7,router_3_6,2.4000,0.811761
843,router_5_7,router_3_6,1.9000,0.811761
844,router_5_7,router_3_6,1.9000,0.811761
845,router_5_7,router_3_6,1.9000,0.812511
846,router_6_7,router_2_6,3.1000,0.700642
847,router_6_7,router_2_6,3.1000,0.701244
848,router_6_7,router_2_6,4.6001,0.695861
849,router_6_7,router_2_6,3.6000,0.700042
850,router_7_7,router_1_6,4.6001,0.609868
851,router_7_7,router_1_6,4.6001,0.610060
852,router_7_7,router_1_6,4.6001,0.609101
853,router_7_7,router_1_6,4.1001,0.611792
854,router_0_7,router_7_6,3.7001,0.573738
855,router_1_7,router_7_6,4.1001,0.611262
856,router_1_7,router_7_6,4.2001,0.612130
857,router_1_7,router_7_6,6.1001,0.604770
858,router_1_7,router_6_6,3.7001,0.653996
859,router_2_7,router_6_6,3.7001,0.699982
860,router_2_7,router_6_6,3.3001,0.701063
861,router_2_7,router_6_6,3.3001,0.699262
862,router_2_7,router_5_6,1.9000,0.755632
863,router_3_7,router_5_6,3.0001,0.812136
864,router_3_7,router_5_6,2.9001,0.810938
865,router_3_7,router_5_6,2.5000,0.809892
866,router_3_7,router_4_6,2.3001,0.878464
868,router_4_7,router_4_6,1.0000,0.949813
869,router_4_7,router_4_6,0.5000,0.949813
869,router_4_7,router_4_6,3.5001,0.949813
870,router_4_7,router_3_6,3.3001,0.875955
871,router_5_7,router_3_6,2.9001,0.811013
872,router_5_7,router_3_6,4.4001,0.806543
873,router_5_7,router_3_6,1.6000,0.813412
874,router_5_7,router_2_6,2.4000,0.754151
875,router_6_7,router_2_6,3.6000,0.698245
876,router_6_7,router_2_6,6.1001,0.693489
877,router_6_7,router_2_6,5.6001,0.692308
878,router_6_7,router_1_6,3.1000,0.655507
879,router_7_7,router_1_6,4.6001,0.609388
880,router_7_7,router_1_6,4.1001,0.610829
881,router_7_7,router_1_6,5.1001,0.606715
882,router_7_7,router_0_6,6.1001,0.567582
883,router_0_7,router_7_6,4.6001,0.571330
884,router_0_7,router_7_6,4.1001,0.573738
885,router_1_7,router_7_6,6.5001,0.604770
886,router_1_7,router_7_6,4.9001,0.608288
887,router_1_7,router_6_6,3.7001,0.653243
888,router_1_7,router_6_6,3.3001,0.653566
889,router_2_7,router_6_6,3.3001,0.699262
890,router_2_7,router_6_6,3.7001,0.698425
891,router_2_7,router_5_6,1.7000,0.755093
892,router_2_7,router_5_6,3.4001,0.751068
893,router_3_7,router_5_6,1.7000,0.812286
894,router_3_7,router_5_6,3.4001,0.807062
895,router_3_7,router_4_6,1.8000,0.877961
896,router_3_7,router_4_6,2.3001,0.877794
897,router_4_7,router_4_6,0.5000,0.949813
898,router_4_7,router_4_6,0.5000,0.949813
899,router_4_7,router_3_6,2.3001,0.875955
900,router_4_7,router_3_6,1.3000,0.878464
901,router_5_7,router_3_6,1.4000,0.813261
902,router_5_7,router_3_6,3.4001,0.807285
903,router_5_7,router_2_6,4.9001,0.747473
904,router_5_7,router_2_6,2.4000,0.754824
905,router_6_7,router_2_6,6.2001,0.698604
906,router_6_7,router_2_6,3.6000,0.700042
907,router_6_7,router_1_6,4.1001,0.651740
908,router_6_7,router_1_6,6.5001,0.646631
909,router_7_7,router_1_6,4.8001,0.610444
910,router_7_7,router_1_6,5.1001,0.606715
911,router_7_7,router_0_6,4.6001,0.572274
912,router_7_7,router_0_6,4.6001,0.570987
913,router_0_7,router_7_6,4.9001,0.572360
914,router_0_7,router_7_6,6.6001,0.566567
915,router_0_7,router_7_6,4.9001,0.571930
916,router_1_7,router_7_6,4.1001,0.611648
917,router_1_7,router_6_6,4.7001,0.650243
918,router_1_7,router_6_6,6.1001,0.646736
919,router_1_7,router_6_6,3.7001,0.653781
920,router_2_7,router_6_6,4.1001,0.698664
921,router_2_7,router_5_6,3.7001,0.750267
922,router_2_7,router_5_6,2.1000,0.755093
923,router_2_7,router_5_6,2.5000,0.753479
924,router_3_7,router_5_6,2.4000,0.810639
925,router_3_7,router_4_6,2.8001,0.876957
926,router_3_7,router_4_6,3.1001,0.876289
927,router_3_7,router_4_6,2.8001,0.874954
928,router_4_7,router_4_6,1.0000,0.949813
929,router_4_7,router_3_6,1.3000,0.877627
930,router_4_7,router_3_6,1.8000,0.878464
931,router_4_7,router_3_6,1.3000,0.877627
932,router_5_7,router_3_6,2.4000,0.811013
933,router_5_7,router_2_6,3.4001,0.750801
934,router_5_7,router_2_6,3.9001,0.750134
935,router_5_7,router_2_6,3.9001,0.749467
936,router_6_7,router_2_6,3.1000,0.700042
937,router_6_7,router_1_6,4.1001,0.652276
938,router_6_7,router_1_6,3.1000,0.655507
939,router_6_7,router_1_6,5.6001,0.646948
940,router_7_7,router_1_6,5.6001,0.607477
941,router_7_7,router_0_6,6.6001,0.566736
942,router_7_7,router_0_6,4.1001,0.572704
943,router_7_7,router_0_6,3.6000,0.574863
944,router_0_7,router_7_6,5.3001,0.569280
945,router_0_7,router_7_6,4.5001,0.573652
946,router_0_7,router_7_6,6.1001,0.568175
947,router_0_7,router_7_6,4.1001,0.573221
948,router_1_7,router_6_6,3.7001,0.652276
949,router_1_7,router_6_6,4.7001,0.651419
950,router_1_7,router_6_6,4.1001,0.652705
951,router_1_7,router_6_6,3.6000,0.653458
952,router_2_7,router_5_6,3.3001,0.750801
953,router_2_7,router_5_6,2.9001,0.752942
954,router_2_7,router_5_6,3.7001,0.750934
955,router_2_7,router_5_6,4.9001,0.748137
956,router_3_7,router_4_6,1.8000,0.876623
957,router_3_7,router_4_6,2.3000,0.876456
958,router_3_7,router_4_6,2.3001,0.877125
959,router_3_7,router_4_6,2.8001,0.876289
960,router_4_7,router_3_6,3.8001,0.873456
961,router_4_7,router_3_6,0.8000,0.878464
962,router_4_7,router_3_6,2.3001,0.878464
963,router_4_7,router_3_6,1.8000,0.877627
964,router_5_7,router_2_6,2.9001,0.752138
965,router_5_7,router_2_6,1.9000,0.754824
966,router_5_7,router_2_6,4.9001,0.748802
967,router_5_7,router_2_6,2.4000,0.753479
968,router_6_7,router_1_6,5.6001,0.647478
969,router_6_7,router_1_6,3.1000,0.654427
970,router_6_7,router_1_6,4.6001,0.651205
971,router_6_7,router_1_6,3.6000,0.653889
972,router_7_7,router_0_6,5.6001,0.568855
973,router_7_7,router_0_6,4.6001,0.571416
974,router_7_7,router_0_6,4.6001,0.572274
975,router_7_7,router_0_6,3.6000,0.574863
976,router_0_7,router_7_6,3.3000,0.575470
977,router_0_7,router_7_6,6.5001,0.567412
978,router_0_7,router_7_6,5.3001,0.569706
979,router_0_7,router_6_6,2.9000,0.613194
980,router_1_7,router_6_6,4.6001,0.650670
981,router_1_7,router_6_6,2.9000,0.655724
982,router_1_7,router_6_6,3.3001,0.653566
983,router_1_7,router_5_6,5.3001,0.695920
984,router_2_7,router_5_6,2.4000,0.754285
985,router_2_7,router_5_6,2.9000,0.751870
986,router_2_7,router_5_6,2.4000,0.754285
987,router_2_7,router_4_6,2.4000,0.810041
988,router_3_7,router_4_6,1.1000,0.877961
989,router_3_7,router_4_6,3.9001,0.873290
990,router_3_7,router_4_6,2.8001,0.875621
991,router_3_7,router_3_6,1.5000,0.949813
992,router_4_7,router_3_6,1.3000,0.877627
993,router_4_7,router_3_6,2.3001,0.875955
994,router_4_7,router_3_6,2.3001,0.875955
995,router_4_7,router_2_6,2.4000,0.811013
996,router_5_7,router_2_6,3.9001,0.749467
997,router_5_7,router_2_6,4.4001,0.748137
998,router_5_7,router_2_6,3.9001,0.750801
999,router_5_7,router_1_6,6.1001,0.692898
1000,router_6_7,router_1_6,3.6000,0.654967
1001,router_6_7,router_1_6,7.6002,0.643260
1002,router_6_7,router_1_6,5.6001,0.648008
1003,router_6_7,router_0_6,4.6001,0.611021
1004,router_7_7,router_0_6,5.6001,0.572274
1005,router_7_7,router_0_6,5.6001,0.569706
1006,router_7_7,router_0_6,3.1000,0.576165
1007,router_7_7,router_7_5,2.8001,0.875121
1008,router_0_7,router_7_6,3.7001,0.575296
1009,router_0_7,router_7_6,6.5001,0.566230
1010,router_0_7,router_6_6,4.9001,0.607715
1011,router_0_7,router_6_6,6.1001,0.604109
1012,router_1_7,router_6_6,3.1001,0.654212
1013,router_1_7,router_6_6,3.7001,0.653458
1014,router_1_7,router_5_6,4.5001,0.696277
1015,router_1_7,router_5_6,2.9000,0.701183
1016,router_2_7,router_5_6,2.5001,0.754554
1017,router_2_7,router_5_6,1.7000,0.755228
1018,router_2_7,router_4_6,2.5000,0.811387
1019,router_2_7,router_4_6,4.1001,0.805134
1020,router_3_7,router_4_6,2.3001,0.875788
1021,router_3_7,router_4_6,0.8000,0.878296
1023,router_3_7,router_3_6,1.5000,0.949813
1023,router_3_7,router_3_6,0.5000,0.949813
1024,router_4_7,router_3_6,1.3000,0.877627
1025,router_4_7,router_3_6,1.8000,0.877627
1026,router_4_7,router_2_6,3.1001,0.811162
1027,router_4_7,router_2_6,2.9001,0.809519
1028,router_5_7,router_2_6,2.4000,0.753479
1029,router_5_7,router_2_6,4.4001,0.752138
1030,router_5_7,router_1_6,5.6001,0.691719
1031,router_5_7,router_1_6,2.6000,0.701846
1032,router_6_7,router_1_6,7.5002,0.644521
1033,router_6_7,router_1_6,4.0001,0.653566
1034,router_6_7,router_0_6,7.6001,0.601521
1035,router_6_7,router_0_6,3.8001,0.611889
1036,router_7_7,router_0_6,4.6001,0.571845
1037,router_7_7,router_0_6,4.6001,0.570987
1038,router_7_7,router_7_5,2.8001,0.875121
1039,router_7_7,router_7_5,2.3001,0.875955
1040,router_0_7,router_7_6,4.1001,0.573307
1041,router_0_7,router_6_6,7.6002,0.597282
1042,router_0_7,router_6_6,3.7001,0.611359
1043,router_0_7,router_6_6,4.1001,0.609532
1044,router_1_7,router_6_6,4.6001,0.650670
1045,router_1_7,router_5_6,4.1001,0.697350
1046,router_1_7,router_5_6,4.1001,0.696277
1047,router_1_7,router_5_6,4.0001,0.700462
1048,router_2_7,router_5_6,2.5000,0.752942
1049,router_2_7,router_4_6,3.4001,0.808848
1050,router_2_7,router_4_6,1.9000,0.812136
1051,router_2_7,router_4_6,4.6001,0.808848
1052,router_3_7,router_4_6,2.8001,0.874954
1053,router_3_7,router_3_6,0.5000,0.949813
1053,router_3_7,router_3_6,3.0001,0.949813
1054,router_3_7,router_3_6,2.0000,0.949813
1056,router_4_7,router_3_6,1.3000,0.877627
1057,router_4_7,router_2_6,1.9000,0.812511
1058,router_4_7,router_2_6,1.6000,0.813412
1059,router_4_7,router_2_6,5.4001,0.803582
1060,router_5_7,router_2_6,3.9001,0.750801
1061,router_5_7,router_1_6,7.1001,0.685868
1062,router_5_7,router_1_6,4.1001,0.697051
1063,router_5_7,router_1_6,6.1001,0.690542
1064,router_6_7,router_1_6,6.6001,0.644310
1065,router_6_7,router_0_6,4.1001,0.610060
1066,router_6_7,router_0_6,3.8001,0.612855
1067,router_6_7,router_0_6,5.1001,0.606715
1068,router_7_7,router_0_6,5.1001,0.570560
1069,router_7_7,router_7_5,0.8000,0.878464
1070,router_7_7,router_7_5,0.8000,0.878464
1071,router_7_7,router_7_5,1.3000,0.878464
1072,router_0_7,router_6_6,3.3000,0.612904
1073,router_0_7,router_6_6,3.6000,0.611262
1074,router_0_7,router_6_6,3.7001,0.611070
1075,router_0_7,router_6_6,4.9001,0.607906
1076,router_1_7,router_5_6,2.9000,0.701183
1077,router_1_7,router_5_6,3.7001,0.699742
1078,router_1_7,router_5_6,4.6001,0.698305
1079,router_1_7,router_5_6,4.6001,0.697350
1080,router_2_7,router_4_6,1.9000,0.811537
1081,router_2_7,router_4_6,3.3001,0.810191
1082,router_2_7,router_4_6,3.4001,0.807062
1083,router_2_7,router_4_6,4.2001,0.809444
1084,router_3_7,router_3_6,0.5000,0.949813
1084,router_3_7,router_3_6,0.5000,0.949813
1085,router_3_7,router_3_6,0.5000,0.949813
1086,router_3_7,router_3_6,1.5000,0.949813
1088,router_4_7,router_2_6,4.4001,0.808029
1089,router_4_7,router_2_6,3.6001,0.811162
1090,router_4_7,router_2_6,2.9001,0.811761
1091,router_4_7,router_2_6,2.1000,0.812661
1092,router_5_7,router_1_6,3.6000,0.698843
1093,router_5_7,router_1_6,5.1001,0.697051
1094,router_5_7,router_1_6,5.2001,0.698604
1095,router_5_7,router_1_6,5.6001,0.691719
1096,router_6_7,router_0_6,4.1001,0.611021
1097,router_6_7,router_0_6,4.8001,0.609964
1098,router_6_7,router_0_6,3.6000,0.611021
1099,router_6_7,router_0_6,4.6001,0.608623
1100,router_7_7,router_7_5,2.3001,0.875955
1101,router_7_7,router_7_5,6.3002,0.869314
1102,router_7_7,router_7_5,1.8000,0.876790
1103,router_7_7,router_7_5,0.8000,0.878464
1104,router_7_6,router_6_6,2.0000,0.949813
1105,router_0_7,router_6_6,4.1001,0.608288
1106,router_0_7,router_6_6,3.0000,0.613485
1107,router_0_7,router_6_6,3.7001,0.610204
1108,router_0_7,router_5_6,4.1001,0.650991
1109,router_1_7,router_5_6,3.1000,0.700342
1110,router_1_7,router_5_6,3.1000,0.700342
1111,router_1_7,router_5_6,3.1000,0.701304
1112,router_1_7,router_4_6,2.1000,0.754689
1113,router_2_7,router_4_6,2.9001,0.809444
1114,router_2_7,router_4_6,4.5001,0.804542
1115,router_2_7,router_4_6,2.9001,0.810938
1116,router_2_7,router_3_6,0.8000,0.878296
1117,router_3_7,router_3_6,1.0000,0.949813
1117,router_3_7,router_3_6,0.5000,0.949813
1118,router_3_7,router_3_6,1.5000,0.949813
1120,router_3_7,router_2_6,2.3001,0.878464
1121,router_4_7,router_2_6,2.4000,0.811013
1122,router_4_7,router_2_6,2.4000,0.811761
1123,router_4_7,router_2_6,2.9000,0.809519
1124,router_4_7,router_1_6,2.4000,0.754151
1125,router_5_7,router_1_6,5.6001,0.693489
1126,router_5_7,router_1_6,4.1001,0.697051
1127,router_5_7,router_1_6,4.1001,0.698843
1128,router_5_7,router_0_6,4.1001,0.652276
1129,router_6_7,router_0_6,3.6000,0.611985
1130,router_6_7,router_0_6,4.1001,0.610060
1131,router_6_7,router_0_6,5.6001,0.606715
1132,router_6_7,router_7_5,5.9001,0.804099
1133,router_7_7,router_7_5,1.8000,0.876790
1134,router_7_7,router_7_5,1.3000,0.877627
1135,router_7_7,router_7_5,1.3000,0.877627
1136,router_7_7,router_6_5,3.1001,0.811162
1137,router_7_6,router_6_6,1.0000,0.949813
1138,router_7_6,router_6_6,1.0000,0.949813
1139,router_0_7,router_6_6,3.6000,0.611262
1140,router_0_7,router_6_6,3.6000,0.612323
1141,router_0_7,router_5_6,4.7001,0.651954
1142,router_0_7,router_5_6,3.5001,0.655291
1143,router_1_7,router_5_6,2.9000,0.701665
1144,router_1_7,router_5_6,4.1001,0.698185
1145,router_1_7,router_4_6,2.9001,0.752942
1146,router_1_7,router_4_6,2.9001,0.751870
1147,router_2_7,router_4_6,1.9000,0.813336
1148,router_2_7,router_4_6,2.1000,0.811088
1149,router_2_7,router_3_6,0.8000,0.878296
1150,router_2_7,router_3_6,1.3000,0.877459
1151,router_3_7,router_3_6,0.5000,0.949813
1151,router_3_7,router_3_6,0.5000,0.949813
1153,router_3_7,router_2_6,1.8000,0.876790
1154,router_3_7,router_2_6,2.8001,0.877627
1155,router_4_7,router_2_6,3.4001,0.808773
1156,router_4_7,router_2_6,1.9000,0.811761
1157,router_4_7,router_1_6,3.4001,0.752808
1158,router_4_7,router_1_6,5.9001,0.748802
1159,router_5_7,router_1_6,4.1001,0.697051
1160,router_5_7,router_1_6,6.1001,0.690542
1161,router_5_7,router_0_6,6.6001,0.644310
1162,router_5_7,router_0_6,6.5001,0.647690
1163,router_6_7,router_0_6,4.1001,0.609580
1164,router_6_7,router_0_6,6.1001,0.605575
1165,router_6_7,router_7_5,1.9000,0.812286
1166,router_6_7,router_7_5,2.2001,0.812586
1167,router_7_7,router_7_5,1.3000,0.878464
1168,router_7_7,router_7_5,4.3001,0.872625
1169,router_7_7,router_6_5,2.9001,0.810265
1170,router_7_7,router_6_5,4.4001,0.808773
1171,router_7_6,router_6_6,0.5000,0.949813
1171,router_7_6,router_6_6,3.5001,0.949813
1172,router_7_6,router_6_6,0.5000,0.949813
1174,router_0_7,router_6_6,4.9001,0.606762
1175,router_0_7,router_5_6,3.9001,0.653781
1176,router_0_7,router_5_6,4.1001,0.651419
1177,router_0_7,router_5_6,6.5001,0.643365
1178,router_1_7,router_5_6,4.9001,0.696277
1179,router_1_7,router_4_6,1.7000,0.755093
1180,router_1_7,router_4_6,1.9000,0.754554
1181,router_1_7,router_4_6,1.9000,0.754554
1182,router_2_7,router_4_6,2.1001,0.811836
1183,router_2_7,router_3_6,1.8000,0.877961
1184,router_2_7,router_3_6,2.8001,0.875621
1185,router_2_7,router_3_6,2.8001,0.875621
1186,router_3_7,router_3_6,0.5000,0.949813
1187,router_3_7,router_2_6,0.8000,0.878464
1188,router_3_7,router_2_6,1.8000,0.876790
1189,router_3_7,router_2_6,0.8000,0.878464
1190,router_4_7,router_2_6,2.4000,0.811013
1191,router_4_7,router_1_6,3.4001,0.750801
1192,router_4_7,router_1_6,3.4001,0.752138
1193,router_4_7,router_1_6,2.9000,0.752808
1194,router_5_7,router_1_6,4.1001,0.700642
1195,router_5_7,router_0_6,5.0001,0.650350
1196,router_5_7,router_0_6,6.6001,0.644836
1197,router_5_7,router_0_6,5.6001,0.646419
1198,router_6_7,router_0_6,6.1001,0.601990
1199,router_6_7,router_7_5,2.4000,0.810788
1200,router_6_7,router_7_5,2.4000,0.811387
1201,router_6_7,router_7_5,2.9000,0.810191
1202,router_7_7,router_7_5,1.3000,0.877627
1203,router_7_7,router_6_5,3.1001,0.811162
1204,router_7_7,router_6_5,1.4000,0.813261
1205,router_7_7,router_6_5,5.1001,0.808922
1206,router_7_6,router_6_6,0.5000,0.949813
1207,router_7_6,router_6_6,6.0001,0.949813
1208,router_7_6,router_6_6,1.0000,0.949813
1209,router_7_6,router_6_6,2.0000,0.949813
1210,router_0_7,router_5_6,3.5001,0.653673
1211,router_0_7,router_5_6,6.1001,0.644626
1212,router_0_7,router_5_6,2.7000,0.656048
1213,router_0_7,router_5_6,3.7001,0.652383
1214,router_1_7,router_4_6,2.9001,0.752004
1215,router_1_7,router_4_6,3.9001,0.749201
1216,router_1_7,router_4_6,2.9001,0.753076
1217,router_1_7,router_4_6,3.3001,0.752942
1218,router_2_7,router_3_6,3.3001,0.874122
1219,router_2_7,router_3_6,1.8000,0.876623
1220,router_2_7,router_3_6,2.8001,0.874954
1221,router_2_7,router_3_6,0.8000,0.878296
1222,router_3_7,router_2_6,1.8000,0.876790
1223,router_3_7,router_2_6,1.3000,0.877627
1224,router_3_7,router_2_6,2.3001,0.876790
1225,router_3_7,router_2_6,1.3000,0.877627
1226,router_4_7,router_1_6,5.9001,0.744168
1227,router_4_7,router_1_6,1.9000,0.754824
1228,router_4_7,router_1_6,1.9000,0.754824
1229,router_4_7,router_1_6,2.4000,0.754151
1230,router_5_7,router_0_6,8.1002,0.639607
1231,router_5_7,router_0_6,5.0001,0.652491
1232,router_5_7,router_0_6,3.1000,0.654427
1233,router_5_7,router_0_6,3.1000,0.654967
1234,router_6_7,router_7_5,2.9001,0.808699
1235,router_6_7,router_7_5,3.4001,0.810788
1236,router_6_7,router_7_5,3.9001,0.806468
1237,router_6_7,router_7_5,3.0001,0.812136
1238,router_7_7,router_6_5,3.6001,0.811162
1239,router_7_7,router_6_5,3.6001,0.810415
1240,router_7_7,router_6_5,2.1000,0.812661
1241,router_7_7,router_6_5,3.9001,0.805801
1243,router_7_6,router_6_6,0.5000,0.949813
1244,router_7_6,router_6_6,5.0001,0.949813
1244,router_7_6,router_6_6,0.5000,0.949813
1245,router_7_6,router_5_6,2.3001,0.877627
1246,router_0_7,router_5_6,3.7001,0.652705
1247,router_0_7,router_5_6,3.6000,0.652598
1248,router_0_7,router_5_6,4.1001,0.651847
1249,router_0_7,router_4_6,4.1001,0.697827
1250,router_1_7,router_4_6,2.1000,0.754554
1251,router_1_7,router_4_6,2.1000,0.754016
1252,router_1_7,router_4_6,1.7000,0.755093
1253,router_1_7,router_3_6,2.1000,0.813036
1254,router_2_7,router_3_6,3.8001,0.873290
1255,router_2_7,router_3_6,1.5000,0.877292
1256,router_2_7,router_3_6,1.8000,0.877292
1257,router_2_7,router_2_6,1.0000,0.949813
1258,router_3_7,router_2_6,2.8001,0.875121
1259,router_3_7,router_2_6,2.3001,0.876790
1260,router_3_7,router_2_6,2.3001,0.877627
1261,router_3_7,router_1_6,1.4000,0.813261
1262,router_4_7,router_1_6,1.4000,0.756172
1263,router_4_7,router_1_6,1.9000,0.754824
1264,router_4_7,router_1_6,3.4001,0.750801
1265,router_4_7,router_0_6,3.6000,0.700042
1266,router_5_7,router_0_6,6.1001,0.644836
1267,router_5_7,router_0_6,5.6001,0.646419
1268,router_5_7,router_0_6,4.6001,0.650136
1269,router_5_7,router_7_5,2.9000,0.752004
1270,router_6_7,router_7_5,1.9000,0.812436
1271,router_6_7,router_7_5,3.4001,0.808550
1272,router_6_7,router_7_5,1.4000,0.813186
1273,router_6_7,router_6_5,1.3000,0.877627
1274,router_7_7,router_6_5,1.9000,0.811761
1275,router_7_7,router_6_5,2.9000,0.809519
1276,router_7_7,router_6_5,1.6000,0.813412
1277,router_7_7,router_5_5,2.4000,0.754151
1279,router_7_6,router_6_6,2.0000,0.949813
1279,router_7_6,router_6_6,1.0000,0.949813
1281,router_7_6,router_5_6,1.3000,0.877627
1281,router_7_6,router_5_6,0.8000,0.878464
1282,router_0_7,router_5_6,3.5001,0.653135
1283,router_0_7,router_5_6,3.7001,0.652920
1284,router_0_7,router_4_6,4.1001,0.697708
1285,router_0_7,router_4_6,4.1001,0.699622
1286,router_1_7,router_4_6,2.9001,0.751870
1287,router_1_7,router_4_6,2.4000,0.754285
1288,router_1_7,router_3_6,1.7000,0.812286
1289,router_1_7,router_3_6,2.4000,0.811237
1290,router_2_7,router_3_6,1.3000,0.878129
1291,router_2_7,router_3_6,0.8000,0.878296
1292,router_2_7,router_2_6,0.5000,0.949813
1292,router_2_7,router_2_6,3.0001,0.949813
1294,router_3_7,router_2_6,1.3000,0.877627
1295,router_3_7,router_2_6,1.8000,0.876790
1296,router_3_7,router_1_6,3.1001,0.811911
1297,router_3_7,router_1_6,2.1000,0.812661
1298,router_4_7,router_1_6,2.4000,0.754151
1299,router_4_7,router_1_6,1.9000,0.754824
1300,router_4_7,router_0_6,4.1001,0.700042
1301,router_4_7,router_0_6,3.6000,0.698843
1302,router_5_7,router_0_6,3.5001,0.654104
1303,router_5_7,router_0_6,4.1001,0.652276
1304,router_5_7,router_7_5,3.4001,0.751335
1305,router_5_7,router_7_5,1.9000,0.755228
1306,router_6_7,router_7_5,1.4000,0.813186
1307,router_6_7,router_7_5,2.9000,0.811387
1308,router_6_7,router_6_5,2.3000,0.877627
1309,router_6_7,router_6_5,2.3001,0.876790
1310,router_7_7,router_6_5,3.4001,0.810265
1311,router_7_7,router_6_5,5.9001,0.802844
1312,router_7_7,router_5_5,2.4000,0.753479
1313,router_7_7,router_5_5,2.9000,0.752808
1314,router_7_6,router_6_6,1.0000,0.949813
1315,router_7_6,router_5_6,2.8001,0.875121
1316,router_7_6,router_5_6,2.3001,0.875955
1317,router_7_6,router_5_6,1.8000,0.877627
1318,router_0_7,router_5_6,3.6000,0.652598
1319,router_0_7,router_4_6,7.1001,0.686624
1320,router_0_7,router_4_6,3.3001,0.699622
1321,router_0_7,router_4_6,3.7001,0.699502
1322,router_1_7,router_4_6,3.4001,0.752138
1323,router_1_7,router_3_6,1.4000,0.813036
1324,router_1_7,router_3_6,2.4000,0.810041
1325,router_1_7,router_3_6,1.4000,0.813036
1326,router_2_7,router_3_6,1.8001,0.876623
1327,router_2_7,router_2_6,0.5000,0.949813
1327,router_2_7,router_2_6,0.5000,0.949813
1328,router_2_7,router_2_6,2.0000,0.949813
1330,router_3_7,router_2_6,1.3000,0.877627
1331,router_3_7,router_1_6,3.4001,0.808029
1332,router_3_7,router_1_6,2.9000,0.812511
1333,router_3_7,router_1_6,4.4001,0.808029
1334,router_4_7,router_1_6,3.4001,0.750801
1335,router_4_7,router_0_6,3.6000,0.700042
1336,router_4_7,router_0_6,3.7001,0.701003
1337,router_4_7,router_0_6,2.6000,0.701846
1338,router_5_7,router_0_6,6.0001,0.647160
1339,router_5_7,router_7_5,1.4000,0.756037
1340,router_5_7,router_7_5,4.4001,0.749068
1341,router_5_7,router_7_5,1.7000,0.755228
1342,router_6_7,router_7_5,2.9000,0.810191
1343,router_6_7,router_6_5,1.3000,0.877627
1344,router_6_7,router_6_5,4.3001,0.875121
1345,router_6_7,router_6_5,3.8001,0.873456
1346,router_7_7,router_6_5,3.9001,0.806543
1347,router_7_7,router_5_5,2.9000,0.752808
1348,router_7_7,router_5_5,2.4000,0.754151
1349,router_7_7,router_5_5,3.9001,0.751469
1350,router_7_6,router_5_6,1.3000,0.878464
1351,router_7_6,router_5_6,1.8000,0.877627
1352,router_7_6,router_5_6,2.3001,0.876790
1353,router_7_6,router_5_6,1.3000,0.877627
1354,router_0_7,router_4_6,4.1001,0.699382
1355,router_0_7,router_4_6,5.1001,0.693194
1356,router_0_7,router_4_6,3.6000,0.698066
1357,router_0_7,router_4_6,3.7001,0.697827
1358,router_1_7,router_3_6,2.5001,0.809892
1359,router_1_7,router_3_6,4.5001,0.804690
1360,router_1_7,router_3_6,1.9000,0.811537
1361,router_1_7,router_3_6,1.9000,0.811537
1362,router_2_7,router_2_6,1.5000,0.949813
1363,router_2_7,router_2_6,0.5000,0.949813
1364,router_2_7,router_2_6,0.5000,0.949813
1365,router_2_7,router_2_6,0.5000,0.949813
1366,router_3_7,router_1_6,2.1000,0.812661
1367,router_3_7,router_1_6,4.6001,0.808922
1368,router_3_7,router_1_6,3.4001,0.809519
1369,router_3_7,router_1_6,2.4000,0.812511
1370,router_4_7,router_0_6,3.1000,0.700042
1371,router_4_7,router_0_6,8.6002,0.682972
1372,router_4_7,router_0_6,3.2001,0.702207
1373,router_4_7,router_0_6,4.1001,0.696456
1374,router_5_7,router_7_5,2.9001,0.752004
1375,router_5_7,router_7_5,3.4001,0.751335
1376,router_5_7,router_7_5,4.4001,0.749334
1377,router_5_7,router_7_5,2.4000,0.754420
1378,router_6_7,router_6_5,2.3000,0.875955
1379,router_6_7,router_6_5,1.3000,0.877627
1380,router_6_7,router_6_5,0.8000,0.878464
1381,router_6_7,router_6_5,1.3000,0.877627
1382,router_7_7,router_5_5,3.9001,0.750134
1383,router_7_7,router_5_5,1.9000,0.754824
1384,router_7_7,router_5_5,4.9001,0.748137
1385,router_7_7,router_5_5,3.4001,0.752138
1386,router_6_6,router_5_6,0.5000,0.949813
1387,router_7_6,router_5_6,3.8001,0.874288
1388,router_7_6,router_5_6,1.3000,0.877627
1389,router_7_6,router_5_6,2.3001,0.875955
1390,router_7_6,router_4_6,4.9001,0.804321
1391,router_0_7,router_4_6,3.7001,0.697827
1392,router_0_7,router_4_6,3.7001,0.698185
1393,router_0_7,router_4_6,4.6001,0.694496
1394,router_0_7,router_3_6,2.9001,0.752406
1395,router_1_7,router_3_6,2.1000,0.811836
1396,router_1_7,router_3_6,2.5000,0.811088
1397,router_1_7,router_3_6,4.4001,0.806468
1398,router_1_7,router_2_6,3.8001,0.876623
1399,router_2_7,router_2_6,1.5000,0.949813
1399,router_2_7,router_2_6,1.0000,0.949813
1400,router_2_7,router_2_6,2.5001,0.949813
1402,router_2_7,router_1_6,1.3000,0.878464
1403,router_3_7,router_1_6,2.1000,0.813412
1404,router_3_7,router_1_6,3.4001,0.808029
1405,router_3_7,router_1_6,2.4000,0.810265
1406,router_3_7,router_0_6,5.9001,0.744168
1407,router_4_7,router_0_6,4.1001,0.697051
1408,router_4_7,router_0_6,4.1001,0.698245
1409,router_4_7,router_0_6,3.1000,0.702449
1410,router_4_7,router_7_5,5.1001,0.695683
1411,router_5_7,router_7_5,5.4001,0.746678
1412,router_5_7,router_7_5,3.7001,0.752808
1413,router_5_7,router_7_5,5.9001,0.745752
1414,router_5_7,router_6_5,1.4000,0.813787
1415,router_6_7,router_6_5,1.8000,0.876790
1416,router_6_7,router_6_5,2.3001,0.876790
1417,router_6_7,router_6_5,2.3001,0.876790
1418,router_6_7,router_5_5,1.4000,0.813261
1419,router_7_7,router_5_5,5.9001,0.746148
1420,router_7_7,router_5_5,1.9000,0.754824
1421,router_7_7,router_5_5,2.9000,0.753479
1422,router_7_7,router_4_5,5.1001,0.692898
1423,router_6_6,router_5_6,2.0001,0.949813
1423,router_6_6,router_5_6,1.0000,0.949813
1425,router_7_6,router_5_6,2.3001,0.875955
1426,router_7_6,router_5_6,0.8000,0.878464
1427,router_7_6,router_4_6,6.9002,0.798439
1428,router_7_6,router_4_6,2.4000,0.810265
1429,router_0_7,router_4_6,3.3000,0.700342
1430,router_0_7,router_4_6,4.1001,0.696396
1431,router_0_7,router_3_6,3.9001,0.749201
1432,router_0_7,router_3_6,2.1000,0.754554
1433,router_1_7,router_3_6,2.5000,0.810639
1434,router_1_7,router_3_6,3.0001,0.812436
1435,router_1_7,router_2_6,1.8000,0.877292
1436,router_1_7,router_2_6,1.5000,0.878129
1437,router_2_7,router_2_6,2.0001,0.949813
1438,router_2_7,router_2_6,0.5000,0.949813
1439,router_2_7,router_1_6,2.8001,0.875955
1440,router_2_7,router_1_6,3.3001,0.874288
1441,router_3_7,router_1_6,2.4000,0.810265
1442,router_3_7,router_1_6,3.4001,0.809519
1443,router_3_7,router_0_6,2.9000,0.754151
1444,router_3_7,router_0_6,2.4000,0.755497
1445,router_4_7,router_0_6,3.1000,0.700642
1446,router_4_7,router_0_6,5.7001,0.698604
1447,router_4_7,router_7_5,5.6001,0.698783
1448,router_4_7,router_7_5,3.3000,0.699262
1449,router_5_7,router_7_5,3.3000,0.750935
1450,router_5_7,router_7_5,2.4000,0.754016
1451,router_5_7,router_6_5,4.2001,0.810340
1452,router_5_7,router_6_5,3.9001,0.807954
1453,router_6_7,router_6_5,2.3000,0.875955
1454,router_6_7,router_6_5,2.8001,0.875121
1455,router_6_7,router_5_5,2.4000,0.811761
1456,router_6_7,router_5_5,2.1000,0.812661
1457,router_7_7,router_5_5,3.4001,0.750801
1458,router_7_7,router_5_5,2.9000,0.753479
1459,router_7_7,router_4_5,4.1001,0.697648
1460,router_7_7,router_4_5,3.1000,0.700042
1462,router_6_6,router_5_6,5.5001,0.949813
1463,router_6_6,router_5_6,2.0001,0.949813
1463,router_6_6,router_5_6,1.0000,0.949813
1464,router_7_6,router_5_6,2.3001,0.876790
1465,router_7_6,router_4_6,3.1001,0.811911
1466,router_7_6,router_4_6,4.4001,0.807285
1467,router_7_6,router_4_6,2.1000,0.812661
1468,router_0_7,router_4_6,3.6000,0.698544
1469,router_0_7,router_3_6,1.7000,0.755228
1470,router_0_7,router_3_6,2.9001,0.753479
1471,router_0_7,router_3_6,2.1000,0.754016
1472,router_1_7,router_3_6,2.2001,0.812436
1473,router_1_7,router_2_6,1.3000,0.877459
1474,router_1_7,router_2_6,5.8001,0.871299
1475,router_1_7,router_2_6,1.3000,0.878129
1476,router_2_7,router_2_6,1.0000,0.949813
1477,router_2_7,router_1_6,1.8000,0.877627
1478,router_2_7,router_1_6,1.3000,0.877627
1479,router_2_7,router_1_6,0.8000,0.878464
1480,router_3_7,router_1_6,1.4000,0.813261
1481,router_3_7,router_0_6,2.4000,0.755497
1482,router_3_7,router_0_6,5.9001,0.744827
1483,router_3_7,router_0_6,1.9000,0.754824
1484,router_4_7,router_0_6,3.6000,0.698245
1485,router_4_7,router_7_5,5.1001,0.694851
1486,router_4_7,router_7_5,4.1001,0.696873
1487,router_4_7,router_7_5,4.1001,0.697469
1488,router_5_7,router_7_5,2.9001,0.752004
1489,router_5_7,router_6_5,2.4000,0.810788
1490,router_5_7,router_6_5,2.4000,0.810191
1491,router_5_7,router_6_5,1.9000,0.812436
1492,router_6_7,router_6_5,1.8000,0.877627
1493,router_6_7,router_5_5,2.9001,0.809519
1494,router_6_7,router_5_5,4.6001,0.809668
1495,router_6_7,router_5_5,1.9000,0.812511
1496,router_7_7,router_5_5,2.4000,0.754824
1497,router_7_7,router_4_5,4.1001,0.697051
1498,router_7_7,router_4_5,4.6001,0.695861
1499,router_7_7,router_4_5,6.6001,0.690542
1501,router_6_6,router_5_6,0.5000,0.949813
1502,router_6_6,router_5_6,1.5000,0.949813
1503,router_6_6,router_5_6,0.5000,0.949813
1503,router_6_6,router_5_6,1.0000,0.949813
1504,router_7_6,router_4_6,3.4001,0.810265
1505,router_7_6,router_4_6,3.9001,0.805801
1506,router_7_6,router_4_6,3.4001,0.810265
1507,router_7_6,router_4_6,2.4000,0.812511
1508,router_0_7,router_3_6,2.1000,0.754151
1509,router_0_7,router_3_6,3.4001,0.753748
1510,router_0_7,router_3_6,1.4000,0.755902
1511,router_0_7,router_3_6,2.9001,0.752004
1512,router_1_7,router_2_6,1.1000,0.877961
1513,router_1_7,router_2_6,1.3000,0.878129
1514,router_1_7,router_2_6,1.1000,0.877961
1515,router_1_7,router_2_6,5.8001,0.869975
1516,router_2_7,router_1_6,2.3001,0.875955
1517,router_2_7,router_1_6,1.8000,0.876790
1518,router_2_7,router_1_6,0.8000,0.878464
1519,router_2_7,router_1_6,0.8000,0.878464
1520,router_3_7,router_0_6,4.9001,0.747473
1521,router_3_7,router_0_6,2.4000,0.754151
1522,router_3_7,router_0_6,6.9002,0.741539
1523,router_3_7,router_0_6,2.9000,0.753479
1524,router_4_7,router_7_5,5.6001,0.693430
1525,router_4_7,router_7_5,6.1001,0.689897
1526,router_4_7,router_7_5,3.6000,0.698664
1527,router_4_7,router_7_5,3.3001,0.699262
1528,router_5_7,router_6_5,1.4000,0.813186
1529,router_5_7,router_6_5,2.4000,0.812286
1530,router_5_7,router_6_5,1.9000,0.811686
1531,router_5_7,router_6_5,2.4000,0.811387
1532,router_6_7,router_5_5,2.9000,0.809519
1533,router_6_7,router_5_5,2.9000,0.808773
1534,router_6_7,router_5_5,1.4000,0.813261
1535,router_6_7,router_5_5,1.9000,0.812511
1536,router_7_7,router_4_5,5.1001,0.696456
1537,router_7_7,router_4_5,3.6000,0.698843
1538,router_7_7,router_4_5,4.1001,0.696456
1539,router_7_7,router_4_5,5.1001,0.694081
1540,router_6_6,router_5_6,1.5000,0.949813
1540,router_6_6,router_5_6,1.0000,0.949813
1541,router_6_6,router_5_6,3.5001,0.949813
1543,router_6_6,router_4_6,0.8000,0.878464
1544,router_7_6,router_4_6,3.4001,0.809519
1545,router_7_6,router_4_6,1.9000,0.812511
1546,router_7_6,router_4_6,2.4000,0.810265
1547,router_7_6,router_3_6,2.9000,0.752138
1548,router_0_7,router_3_6,3.9001,0.749734
1549,router_0_7,router_3_6,2.1000,0.754823
1550,router_0_7,router_3_6,2.9000,0.753479
1551,router_0_7,router_2_6,1.7000,0.812286
1552,router_1_7,router_2_6,1.5000,0.877292
1553,router_1_7,router_2_6,1.3000,0.877459
1554,router_1_7,router_2_6,1.5000,0.877292
1555,router_1_7,router_1_6,4.5001,0.949813
1556,router_2_7,router_1_6,1.8000,0.877627
1557,router_2_7,router_1_6,1.3000,0.877627
1558,router_2_7,router_1_6,1.8000,0.876790
1559,router_2_7,router_0_6,1.4000,0.813261
1560,router_3_7,router_0_6,2.9000,0.752138
1561,router_3_7,router_0_6,3.4001,0.750801
1562,router_3_7,router_0_6,6.9002,0.742195
1563,router_3_7,router_7_5,5.9001,0.649177
1564,router_4_7,router_7_5,4.1001,0.697350
1565,router_4_7,router_7_5,4.6001,0.696634
1566,router_4_7,router_7_5,3.6000,0.698185
1567,router_4_7,router_6_5,4.9001,0.746678
1568,router_5_7,router_6_5,2.6001,0.811986
1569,router_5_7,router_6_5,1.9000,0.813036
1570,router_5_7,router_6_5,4.4001,0.809892
1571,router_5_7,router_5_5,1.3000,0.877627
1572,router_6_7,router_5_5,3.4001,0.807285
1573,router_6_7,router_5_5,2.4000,0.810265
1574,router_6_7,router_5_5,2.1000,0.812661
1575,router_6_7,router_4_5,3.4001,0.751469
1576,router_7_7,router_4_5,4.1001,0.697051
1577,router_7_7,router_4_5,7.1001,0.686450
1578,router_7_7,router_4_5,3.7001,0.701003
1579,router_7_7,router_3_5,4.1001,0.651740
1580,router_6_6,router_5_6,1.0000,0.949813
1580,router_6_6,router_5_6,1.5000,0.949813
1582,router_6_6,router_4_6,2.3001,0.875955
1583,router_6_6,router_4_6,1.8000,0.877627
1584,router_7_6,router_4_6,2.6001,0.812661
1585,router_7_6,router_4_6,3.4001,0.808773
1586,router_7_6,router_3_6,6.4001,0.742852
1587,router_7_6,router_3_6,2.4000,0.753479
1588,router_0_7,router_3_6,2.1000,0.754151
1589,router_0_7,router_3_6,2.9001,0.752004
1590,router_0_7,router_2_6,1.9000,0.812736
1591,router_0_7,router_2_6,2.2000,0.812586
1592,router_1_7,router_2_6,1.9000,0.876623
1593,router_1_7,router_2_6,2.7000,0.875288
1594,router_1_7,router_1_6,1.0000,0.949813
1595,router_1_7,router_1_6,2.5001,0.949813
1596,router_2_7,router_1_6,1.3000,0.877627
1597,router_2_7,router_1_6,1.8000,0.878464
1598,router_2_7,router_0_6,3.9001,0.807285
1599,router_2_7,router_0_6,3.1001,0.811162
1600,router_3_7,router_0_6,3.4001,0.752138
1601,router_3_7,router_0_6,1.9000,0.754824
1602,router_3_7,router_7_5,4.1001,0.651954
1603,router_3_7,router_7_5,4.1001,0.651633
1604,router_4_7,router_7_5,4.0001,0.700823
1605,router_4_7,router_7_5,2.9000,0.701183
1606,router_4_7,router_6_5,1.9000,0.755362
1607,router_4_7,router_6_5,2.1000,0.754689
1608,router_5_7,router_6_5,2.4000,0.810788
1609,router_5_7,router_6_5,1.9000,0.812436
1610,router_5_7,router_5_5,3.3001,0.874288
1611,router_5_7,router_5_5,1.3000,0.877627
1612,router_6_7,router_5_5,2.4000,0.811761
1613,router_6_7,router_5_5,4.4001,0.805801
1614,router_6_7,router_4_5,2.9000,0.753479
1615,router_6_7,router_4_5,2.9000,0.752138
1616,router_7_7,router_4_5,3.1000,0.701846
1617,router_7_7,router_4_5,4.2001,0.700402
1618,router_7_7,router_3_5,4.6001,0.650670
1619,router_7_7,router_3_5,4.6001,0.651740
1620,router_6_6,router_5_6,0.5000,0.949813
1621,router_6_6,router_4_6,0.8000,0.878464
1622,router_6_6,router_4_6,1.8000,0.877627
1623,router_6_6,router_4_6,5.3001,0.874288
1624,router_7_6,router_4_6,3.1001,0.811162
1625,router_7_6,router_3_6,3.9001,0.750801
1626,router_7_6,router_3_6,2.9000,0.752138
1627,router_7_6,router_3_6,2.9000,0.754151
1628,router_0_7,router_3_6,1.7000,0.755228
1629,router_0_7,router_2_6,1.7000,0.812886
1630,router_0_7,router_2_6,1.8000,0.813036
1631,router_0_7,router_2_6,1.9000,0.811537
1632,router_1_7,router_2_6,1.5000,0.877292
1633,router_1_7,router_1_6,0.5000,0.949813
1634,router_1_7,router_1_6,6.0001,0.949813
1635,router_1_7,router_1_6,1.0000,0.949813
1636,router_2_7,router_1_6,3.3001,0.875955
1637,router_2_7,router_0_6,2.4000,0.811013
1638,router_2_7,router_0_6,3.4001,0.807285
1639,router_2_7,router_0_6,2.9000,0.809519
1640,router_3_7,router_0_6,3.9001,0.752138
1641,router_3_7,router_7_5,3.6000,0.653135
1642,router_3_7,router_7_5,4.1001,0.651633
1643,router_3_7,router_7_5,3.7001,0.653243
1644,router_4_7,router_7_5,3.6001,0.699143
1645,router_4_7,router_6_5,2.5000,0.753077
1646,router_4_7,router_6_5,2.9001,0.752674
1647,router_4_7,router_6_5,3.7001,0.750934
1648,router_5_7,router_6_5,1.9000,0.812886
1649,router_5_7,router_5_5,2.3000,0.877627
1650,router_5_7,router_5_5,7.3002,0.867664
1651,router_5_7,router_5_5,2.3001,0.876790
1652,router_6_7,router_5_5,2.9001,0.811013
1653,router_6_7,router_4_5,2.9000,0.753479
1654,router_6_7,router_4_5,2.4000,0.754151
1655,router_6_7,router_4_5,1.9000,0.755497
1656,router_7_7,router_4_5,4.1001,0.697648
1657,router_7_7,router_3_5,5.1001,0.649071
1658,router_7_7,router_3_5,4.1001,0.652813
1659,router_7_7,router_3_5,5.6001,0.649071
1660,router_6_6,router_4_6,1.3000,0.878464
1661,router_6_6,router_4_6,3.3001,0.874288
1662,router_6_6,router_4_6,1.3000,0.877627
1663,router_6_6,router_4_6,1.3000,0.877627
1664,router_7_6,router_3_6,1.4000,0.756172
1665,router_7_6,router_3_6,1.9000,0.755497
1666,router_7_6,router_3_6,1.4000,0.756172
1667,router_7_6,router_3_6,2.4000,0.753479
1668,router_0_7,router_2_6,3.7001,0.810191
1669,router_0_7,router_2_6,3.9001,0.807359
1670,router_0_7,router_2_6,3.7001,0.808997
1671,router_0_7,router_2_6,2.1000,0.813036
1672,router_1_7,router_1_6,0.5000,0.949813
1672,router_1_7,router_1_6,1.0000,0.949813
1674,router_1_7,router_1_6,0.5000,0.949813
1675,router_1_7,router_1_6,1.0000,0.949813
1676,router_2_7,router_0_6,2.1000,0.812661
1677,router_2_7,router_0_6,1.9000,0.812511
1678,router_2_7,router_0_6,3.9001,0.806543
1679,router_2_7,router_0_6,4.9001,0.806543
1680,router_3_7,router_7_5,4.1001,0.653458
1681,router_3_7,router_7_5,5.9001,0.647266
1682,router_3_7,router_7_5,3.9001,0.652383
1683,router_3_7,router_7_5,5.6001,0.647690
1684,router_4_7,router_6_5,2.5000,0.754689
1685,router_4_7,router_6_5,2.9001,0.752674
1686,router_4_7,router_6_5,1.4000,0.756037
1687,router_4_7,router_6_5,2.9000,0.752004
1688,router_5_7,router_5_5,1.3000,0.878464
1689,router_5_7,router_5_5,1.8000,0.876790
1690,router_5_7,router_5_5,1.3000,0.877627
1691,router_5_7,router_5_5,2.8001,0.878464
1692,router_6_7,router_4_5,3.4001,0.752138
1693,router_6_7,router_4_5,2.9000,0.752138
1694,router_6_7,router_4_5,2.4000,0.753479
1695,router_6_7,router_4_5,3.4001,0.752138
1696,router_7_7,router_3_5,3.6000,0.653350
1697,router_7_7,router_3_5,3.6000,0.652813
1698,router_7_7,router_3_5,4.5001,0.651419
1699,router_7_7,router_3_5,4.6001,0.650670
1700,router_5_6,router_4_6,4.0001,0.949813
1701,router_6_6,router_4_6,2.2001,0.876122
1702,router_6_6,router_4_6,2.8001,0.876790
1703,router_6_6,router_4_6,2.3001,0.875955
1704,router_6_6,router_3_6,2.4000,0.811013
1705,router_7_6,router_3_6,3.9001,0.750801
1706,router_7_6,router_3_6,3.4001,0.752808
1707,router_7_6,router_3_6,6.9002,0.743509
1708,router_7_6,router_2_6,3.6000,0.699442
1709,router_0_7,router_2_6,1.7000,0.812286
1710,router_0_7,router_2_6,2.1000,0.813036
1711,router_0_7,router_2_6,2.9000,0.809146
1712,router_0_7,router_1_6,0.8000,0.878296
1714,router_1_7,router_1_6,0.5000,0.949813
1714,router_1_7,router_1_6,0.5000,0.949813
1715,router_1_7,router_1_6,1.0000,0.949813
1716,router_1_7,router_0_6,3.3001,0.875955
1717,router_2_7,router_0_6,3.4001,0.808029
1718,router_2_7,router_0_6,3.9001,0.807285
1719,router_2_7,router_0_6,3.1001,0.811162
1720,router_2_7,router_7_5,4.1001,0.612420
1721,router_3_7,router_7_5,4.6001,0.649923
1722,router_3_7,router_7_5,4.9001,0.648964
1723,router_3_7,router_7_5,4.7001,0.650884
1724,router_3_7,router_6_5,4.1001,0.696396
1725,router_4_7,router_6_5,2.1000,0.754151
1726,router_4_7,router_6_5,2.4000,0.754016
1727,router_4_7,router_6_5,2.4000,0.754016
1728,router_4_7,router_5_5,2.4000,0.810788
1729,router_5_7,router_5_5,1.8000,0.876790
1730,router_5_7,router_5_5,2.3001,0.876790
1731,router_5_7,router_5_5,1.3000,0.877627
1732,router_5_7,router_4_5,1.9000,0.812511
1733,router_6_7,router_4_5,3.9001,0.751469
1734,router_6_7,router_4_5,3.4001,0.752138
1735,router_6_7,router_4_5,1.9000,0.754824
1736,router_6_7,router_3_5,3.6000,0.698245
1737,router_7_7,router_3_5,4.6001,0.651740
1738,router_7_7,router_3_5,4.1001,0.651205
1739,router_7_7,router_3_5,6.5001,0.648220
1740,router_7_7,router_2_5,5.1001,0.606715
1741,router_5_6,router_4_6,0.5000,0.949813
1742,router_5_6,router_4_6,1.5000,0.949813
1743,router_6_6,router_4_6,4.3001,0.875955
1744,router_6_6,router_4_6,4.8001,0.872625
1745,router_6_6,router_3_6,4.1001,0.809668
1746,router_6_6,router_3_6,5.9001,0.802108
1747,router_7_6,router_3_6,1.9000,0.755497
1748,router_7_6,router_3_6,2.9000,0.752138
1749,router_7_6,router_2_6,4.1001,0.698245
1750,router_7_6,router_2_6,4.7001,0.699202
1751,router_0_7,router_2_6,2.4001,0.810639
1752,router_0_7,router_2_6,3.4001,0.810788
1753,router_0_7,router_1_6,1.8000,0.876623
1754,router_0_7,router_1_6,0.8000,0.878296
1755,router_1_7,router_1_6,0.5000,0.949813
1756,router_1_7,router_1_6,3.0001,0.949813
1757,router_1_7,router_0_6,3.8001,0.875955
1758,router_1_7,router_0_6,1.3000,0.877627
1759,router_2_7,router_0_6,3.9001,0.808773
1760,router_2_7,router_0_6,1.9000,0.812511
1761,router_2_7,router_7_5,2.6000,0.614261
1762,router_2_7,router_7_5,3.0000,0.613485
1763,router_3_7,router_7_5,3.6000,0.653135
1764,router_3_7,router_7_5,7.1001,0.643680
1765,router_3_7,router_6_5,3.6000,0.700222
1766,router_3_7,router_6_5,4.6001,0.695207
1767,router_4_7,router_6_5,1.7000,0.755228
1768,router_4_7,router_6_5,3.4001,0.750667
1769,router_4_7,router_5_5,2.4000,0.810938
1770,router_4_7,router_5_5,2.9000,0.810489
1771,router_5_7,router_5_5,2.8001,0.875121
1772,router_5_7,router_5_5,3.3001,0.876790
1773,router_5_7,router_4_5,3.9001,0.805801
1774,router_5_7,router_4_5,2.4000,0.811013
1775,router_6_7,router_4_5,2.4000,0.755497
1776,router_6_7,router_4_5,4.9001,0.747473
1777,router_6_7,router_3_5,4.6001,0.696456
1778,router_6_7,router_3_5,4.1001,0.698245
1779,router_7_7,router_3_5,3.6000,0.653350
1780,router_7_7,router_3_5,3.1000,0.654427
1781,router_7_7,router_2_5,6.1001,0.604345
1782,router_7_7,router_2_5,4.6001,0.609580
1784,router_5_6,router_4_6,1.0000,0.949813
1785,router_5_6,router_4_6,0.5000,0.949813
1785,router_5_6,router_4_6,0.5000,0.949813
1786,router_6_6,router_4_6,1.3000,0.877627
1787,router_6_6,router_3_6,4.4001,0.805801
1788,router_6_6,router_3_6,2.1000,0.812661
1789,router_6_6,router_3_6,1.9000,0.812511
1790,router_7_6,router_3_6,3.4001,0.751469
1791,router_7_6,router_2_6,3.6000,0.698843
1792,router_7_6,router_2_6,5.1001,0.694081
1793,router_7_6,router_2_6,3.6000,0.698843
1794,router_0_7,router_2_6,2.9001,0.810938
1795,router_0_7,router_1_6,1.1000,0.877961
1796,router_0_7,router_1_6,1.8000,0.877961
1797,router_0_7,router_1_6,2.8001,0.874954
1798,router_1_7,router_1_6,1.0000,0.949813
1799,router_1_7,router_0_6,2.3001,0.875955
1800,router_1_7,router_0_6,1.8000,0.876790
1801,router_1_7,router_0_6,1.3000,0.877627
1802,router_2_7,router_0_6,1.4000,0.813261
1803,router_2_7,router_7_5,4.6001,0.609724
1804,router_2_7,router_7_5,5.1001,0.608862
1805,router_2_7,router_7_5,5.1001,0.607334
1806,router_3_7,router_7_5,5.6001,0.646736
1807,router_3_7,router_6_5,4.1001,0.696873
1808,router_3_7,router_6_5,3.1000,0.699982
1809,router_3_7,router_6_5,6.6001,0.689428
1810,router_4_7,router_6_5,3.9001,0.751335
1811,router_4_7,router_5_5,1.8000,0.813186
1812,router_4_7,router_5_5,1.9000,0.812286
1813,router_4_7,router_5_5,2.4000,0.810788
1814,router_5_7,router_5_5,1.8000,0.876790
1815,router_5_7,router_4_5,1.6000,0.813412
1816,router_5_7,router_4_5,3.1001,0.811911
1817,router_5_7,router_4_5,2.9001,0.808773
1818,router_6_7,router_4_5,2.4000,0.753479
1819,router_6_7,router_3_5,5.1001,0.696456
1820,router_6_7,router_3_5,5.6001,0.692308
1821,router_6_7,router_3_5,5.6001,0.692898
1822,router_7_7,router_3_5,3.1000,0.654427
1823,router_7_7,router_2_5,3.6000,0.611985
1824,router_7_7,router_2_5,5.6001,0.605291
1825,router_7_7,router_2_5,6.6001,0.602930
1826,router_5_6,router_4_6,1.0000,0.949813
1827,router_5_6,router_4_6,4.5001,0.949813
1828,router_5_6,router_4_6,2.0000,0.949813
1829,router_5_6,router_4_6,0.5000,0.949813
1830,router_6_6,router_3_6,3.4001,0.808773
1831,router_6_6,router_3_6,2.4000,0.811013
1832,router_6_6,router_3_6,5.4001,0.802844
1833,router_6_6,router_3_6,2.1000,0.812661
1834,router_7_6,router_2_6,4.1001,0.696456
1835,router_7_6,router_2_6,8.6002,0.682395
1836,router_7_6,router_2_6,3.6000,0.699442
1837,router_7_6,router_2_6,4.1001,0.697648
1838,router_0_7,router_1_6,1.5000,0.878129
1839,router_0_7,router_1_6,1.8000,0.876623
1840,router_0_7,router_1_6,2.3001,0.875955
1841,router_0_7,router_1_6,0.8000,0.878296
1842,router_1_7,router_0_6,1.8000,0.878464
1843,router_1_7,router_0_6,1.3000,0.877627
1844,router_1_7,router_0_6,2.3001,0.876790
1845,router_1_7,router_0_6,0.8000,0.878464
1846,router_2_7,router_7_5,3.8001,0.611648
1847,router_2_7,router_7_5,3.8001,0.611937
1848,router_2_7,router_7_5,3.1000,0.612420
1849,router_2_7,router_7_5,3.6000,0.611744
1850,router_3_7,router_6_5,2.9000,0.701665
1851,router_3_7,router_6_5,3.1000,0.701424
1852,router_3_7,router_6_5,6.1001,0.692603
1853,router_3_7,router_6_5,3.3001,0.699742
1854,router_4_7,router_5_5,2.9001,0.810938
1855,router_4_7,router_5_5,3.9001,0.807657
1856,router_4_7,router_5_5,2.9000,0.809295
1857,router_4_7,router_5_5,2.4000,0.811686
1858,router_5_7,router_4_5,1.9000,0.812511
1859,router_5_7,router_4_5,2.9000,0.808773
1860,router_5_7,router_4_5,2.6000,0.811911
1861,router_5_7,router_4_5,5.9001,0.805060
1862,router_6_7,router_3_5,3.6000,0.700642
1863,router_6_7,router_3_5,4.6001,0.694673
1864,router_6_7,router_3_5,4.1001,0.698245
1865,router_6_7,router_3_5,4.6001,0.695861
1866,router_7_7,router_2_5,4.6001,0.608145
1867,router_7_7,router_2_5,5.1001,0.611021
1868,router_7_7,router_2_5,4.1001,0.611021
1869,router_7_7,router_2_5,3.6000,0.612275
1870,router_5_6,router_4_6,1.0000,0.949813
1870,router_5_6,router_4_6,0.5000,0.949813
1871,router_5_6,router_4_6,0.5000,0.949813
1873,router_5_6,router_3_6,1.8000,0.876790
1874,router_6_6,router_3_6,3.4001,0.807285
1875,router_6_6,router_3_6,2.9000,0.811761
1876,router_6_6,router_3_6,1.4000,0.813261
1877,router_6_6,router_2_6,2.4000,0.753479
1878,router_7_6,router_2_6,5.2001,0.698604
1879,router_7_6,router_2_6,3.6000,0.698245
1880,router_7_6,router_2_6,3.1000,0.700042
1881,router_7_6,router_1_6,4.6001,0.651205
1882,router_0_7,router_1_6,4.8001,0.872293
1883,router_0_7,router_1_6,0.8000,0.878296
1884,router_0_7,router_1_6,1.9001,0.877459
1885,router_0_7,router_0_6,0.5000,0.949813
1886,router_1_7,router_0_6,1.8000,0.876790
1887,router_1_7,router_0_6,3.3001,0.878464
1888,router_1_7,router_0_6,4.8001,0.871796
1889,router_1_7,router_7_5,3.6000,0.575209
1890,router_2_7,router_7_5,5.1001,0.607048
1891,router_2_7,router_7_5,4.1001,0.609916
1892,router_2_7,router_7_5,5.6001,0.605623
1893,router_2_7,router_6_5,4.6001,0.651954
1894,router_3_7,router_6_5,5.3000,0.693667
1895,router_3_7,router_6_5,3.1000,0.700462
1896,router_3_7,router_6_5,2.9000,0.702147
1897,router_3_7,router_5_5,3.9001,0.749334
1898,router_4_7,router_5_5,2.9000,0.810041
1899,router_4_7,router_5_5,1.4000,0.813186
1900,router_4_7,router_5_5,1.9000,0.812886
1901,router_4_7,router_4_5,0.8000,0.878464
1902,router_5_7,router_4_5,1.9000,0.812511
1903,router_5_7,router_4_5,1.9000,0.813261
1904,router_5_7,router_4_5,2.9000,0.811013
1905,router_5_7,router_3_5,1.9000,0.754824
1906,router_6_7,router_3_5,5.1001,0.694673
1907,router_6_7,router_3_5,5.1001,0.697051
1908,router_6_7,router_3_5,7.6002,0.685868
1909,router_6_7,router_2_5,4.1001,0.652276
1910,router_7_7,router_2_5,3.3000,0.612855
1911,router_7_7,router_2_5,4.6001,0.609580
1912,router_7_7,router_2_5,5.3001,0.609964
1913,router_7_7,router_1_5,6.6001,0.566736
1915,router_5_6,router_4_6,0.5000,0.949813
1915,router_5_6,router_4_6,0.5000,0.949813
1916,router_5_6,router_3_6,1.3000,0.877627
1917,router_5_6,router_3_6,2.3001,0.875955
1918,router_6_6,router_3_6,5.4001,0.802844
1919,router_6_6,router_3_6,5.4001,0.808029
1920,router_6_6,router_2_6,2.4000,0.754824
1921,router_6_6,router_2_6,2.9000,0.753479
1922,router_7_6,router_2_6,3.1000,0.701244
1923,router_7_6,router_2_6,3.1000,0.700042
1924,router_7_6,router_1_6,3.1000,0.654427
1925,router_7_6,router_1_6,3.6000,0.652813
1926,router_0_7,router_1_6,1.5000,0.878129
1927,router_0_7,router_1_6,0.8000,0.878296
1928,router_0_7,router_0_6,1.5000,0.949813
1929,router_0_7,router_0_6,0.5000,0.949813
1930,router_1_7,router_0_6,0.8000,0.878464
1930,router_1_7,router_0_6,1.3000,0.877627
1932,router_1_7,router_7_5,3.3000,0.575470
1933,router_1_7,router_7_5,6.9002,0.565977
1934,router_2_7,router_7_5,3.1000,0.612420
1935,router_2_7,router_7_5,4.1001,0.611359
1936,router_2_7,router_6_5,3.3001,0.653673
1937,router_2_7,router_6_5,3.3001,0.654104
1938,router_3_7,router_6_5,3.3000,0.700222
1939,router_3_7,router_6_5,4.1001,0.696396
1940,router_3_7,router_5_5,3.4001,0.752540
1941,router_3_7,router_5_5,2.5000,0.754689
1942,router_4_7,router_5_5,3.9001,0.810191
1943,router_4_7,router_5_5,4.4001,0.804247
1944,router_4_7,router_4_5,4.3001,0.874288
1945,router_4_7,router_4_5,0.8000,0.878464
1946,router_5_7,router_4_5,1.9000,0.812511
1947,router_5_7,router_4_5,2.6000,0.812661
1948,router_5_7,router_3_5,2.4000,0.753479
1949,router_5_7,router_3_5,2.4000,0.754824
1950,router_6_7,router_3_5,5.6001,0.692308
1951,router_6_7,router_3_5,6.1001,0.691130
1952,router_6_7,router_2_5,4.6001,0.650670
1953,router_6_7,router_2_5,3.6000,0.653889
1954,router_7_7,router_2_5,4.6001,0.609868
1955,router_7_7,router_2_5,3.6000,0.612952
1956,router_7_7,router_1_5,4.6001,0.572274
1957,router_7_7,router_1_5,5.1001,0.573135
1958,router_5_6,router_4_6,1.0000,0.949813
1959,router_5_6,router_3_6,1.8000,0.877627
1960,router_5_6,router_3_6,3.3001,0.877627
1961,router_5_6,router_3_6,3.3001,0.874288
1962,router_6_6,router_3_6,4.4001,0.804321
1963,router_6_6,router_2_6,2.4000,0.753479
1964,router_6_6,router_2_6,3.9001,0.752138
1965,router_6_6,router_2_6,2.4000,0.753479
1966,router_7_6,router_2_6,4.1001,0.697051
1967,router_7_6,router_1_6,8.6002,0.638569
1968,router_7_6,router_1_6,5.6001,0.647478
1969,router_7_6,router_1_6,5.0001,0.651419
1970,router_0_7,router_1_6,1.5000,0.878129
1971,router_0_7,router_0_6,0.5000,0.949813
1972,router_0_7,router_0_6,1.0000,0.949813
1973,router_0_7,router_0_6,1.0000,0.949813
1974,router_1_7,router_0_6,1.8000,0.878464
1975,router_1_7,router_7_5,3.7001,0.574603
1976,router_1_7,router_7_5,4.5001,0.572016
1977,router_1_7,router_7_5,4.5001,0.571416
1978,router_2_7,router_7_5,4.5001,0.607715
1979,router_2_7,router_6_5,4.1001,0.653781
1980,router_2_7,router_6_5,4.7001,0.652383
1981,router_2_7,router_6_5,3.3000,0.654104
1982,router_3_7,router_6_5,7.1001,0.689311
1983,router_3_7,router_5_5,3.4001,0.751335
1984,router_3_7,router_5_5,2.5000,0.753076
1985,router_3_7,router_5_5,1.9000,0.754689
1986,router_4_7,router_5_5,1.9000,0.812286
1987,router_4_7,router_4_5,2.8001,0.875955
1988,router_4_7,router_4_5,0.8000,0.878464
1989,router_4_7,router_4_5,1.3000,0.877627
1990,router_5_7,router_4_5,2.9001,0.809519
1991,router_5_7,router_3_5,1.9000,0.754824
1992,router_5_7,router_3_5,1.9000,0.755497
1993,router_5_7,router_3_5,2.9000,0.754824
1994,router_6_7,router_3_5,4.6001,0.695861
1995,router_6_7,router_2_5,3.5001,0.654104
1996,router_6_7,router_2_5,5.5001,0.649816
1997,router_6_7,router_2_5,3.1000,0.654427
1998,router_7_7,router_2_5,4.6001,0.609580
1999,router_7_7,router_1_5,3.6000,0.574430
2000,router_7_7,router_1_5,3.6000,0.574430
2001,router_7_7,router_1_5,4.1001,0.573135
2002,router_5_6,router_3_6,1.8000,0.877627
2003,router_5_6,router_3_6,1.3000,0.877627
2004,router_5_6,router_3_6,1.3000,0.877627
2005,router_5_6,router_3_6,2.3001,0.876790
2006,router_6_6,router_2_6,1.9000,0.754824
2007,router_6_6,router_2_6,3.9001,0.752138
2008,router_6_6,router_2_6,1.9000,0.754824
2009,router_6_6,router_2_6,2.9000,0.753479
2010,router_7_6,router_1_6,5.6001,0.649071
2011,router_7_6,router_1_6,4.0001,0.653028
2012,router_7_6,router_1_6,7.1001,0.642736
2013,router_7_6,router_1_6,5.1001,0.649071
2014,router_0_7,router_0_6,4.0001,0.949813
2015,router_0_7,router_0_6,2.0000,0.949813
2017,router_0_7,router_0_6,1.0000,0.949813
2017,router_0_7,router_0_6,1.0000,0.949813
2018,router_1_7,router_7_5,5.3001,0.569280
2019,router_1_7,router_7_5,3.7001,0.575123
2020,router_1_7,router_7_5,4.1001,0.573479
2021,router_1_7,router_7_5,6.1001,0.567921
2022,router_2_7,router_6_5,4.1001,0.651098
2023,router_2_7,router_6_5,3.6000,0.653673
2024,router_2_7,router_6_5,4.1001,0.652813
2025,router_2_7,router_6_5,3.1000,0.654859
2026,router_3_7,router_5_5,2.5000,0.754285
2027,router_3_7,router_5_5,2.5001,0.753076
2028,router_3_7,router_5_5,2.4000,0.754016
2029,router_3_7,router_5_5,3.4001,0.751335
2030,router_4_7,router_4_5,1.3000,0.878464
2031,router_4_7,router_4_5,4.8001,0.873456
2032,router_4_7,router_4_5,2.8001,0.875121
2033,router_4_7,router_4_5,1.3000,0.877627
2034,router_5_7,router_3_5,3.4001,0.750801
2035,router_5_7,router_3_5,2.9000,0.752808
2036,router_5_7,router_3_5,2.4000,0.753479
2037,router_5_7,router_3_5,2.4000,0.753479
2038,router_6_7,router_2_5,4.6001,0.649603
2039,router_6_7,router_2_5,6.1001,0.645891
2040,router_6_7,router_2_5,5.1001,0.649071
2041,router_6_7,router_2_5,4.6001,0.649603
2042,router_7_7,router_1_5,3.6000,0.574430
2043,router_7_7,router_1_5,4.1001,0.572704
2044,router_7_7,router_1_5,6.1001,0.565892
2045,router_7_7,router_1_5,4.6001,0.572274
2046,router_4_6,router_3_6,2.0001,0.949813
2047,router_5_6,router_3_6,3.1001,0.876289
2048,router_5_6,router_3_6,0.8000,0.878464
2049,router_5_6,router_3_6,0.8000,0.878464
2050,router_5_6,router_2_6,2.1000,0.812661
2051,router_6_6,router_2_6,2.4000,0.754151
2052,router_6_6,router_2_6,4.4001,0.748802
2053,router_6_6,router_2_6,3.4001,0.752138
2054,router_6_6,router_1_6,3.1000,0.700642
2055,router_7_6,router_1_6,5.1001,0.648539
2056,router_7_6,router_1_6,5.1001,0.648539
2057,router_7_6,router_1_6,5.1001,0.650136
2058,router_7_6,router_0_6,4.1001,0.611503
2059,router_0_7,router_0_6,1.0000,0.949813
2059,router_0_7,router_0_6,4.0001,0.949813
2060,router_0_7,router_0_6,0.5000,0.949813
2062,router_0_7,router_7_5,6.5001,0.536499
2063,router_1_7,router_7_5,4.1001,0.572704
2064,router_1_7,router_7_5,5.1001,0.570474
2065,router_1_7,router_7_5,3.7001,0.574603
2066,router_1_7,router_6_5,5.6001,0.606667
2067,router_2_7,router_6_5,5.6001,0.646736
2068,router_2_7,router_6_5,5.1001,0.650457
2069,router_2_7,router_6_5,4.1001,0.651633
2070,router_2_7,router_5_5,4.6001,0.695089
2071,router_3_7,router_5_5,2.1000,0.754689
2072,router_3_7,router_5_5,2.4000,0.753882
2073,router_3_7,router_5_5,4.9001,0.747208
2074,router_3_7,router_4_5,1.9000,0.813637
2075,router_4_7,router_4_5,3.8001,0.873456
2076,router_4_7,router_4_5,0.8000,0.878464
2077,router_4_7,router_4_5,0.8000,0.878464
2078,router_4_7,router_3_5,2.9001,0.811013
2079,router_5_7,router_3_5,4.9001,0.748137
2080,router_5_7,router_3_5,2.4000,0.754151
2081,router_5_7,router_3_5,2.9000,0.752138
2082,router_5_7,router_2_5,3.1000,0.700642
2083,router_6_7,router_2_5,4.6001,0.649603
2084,router_6_7,router_2_5,4.0001,0.653028
2085,router_6_7,router_2_5,5.6001,0.648539
2086,router_6_7,router_1_5,6.1001,0.607191
2087,router_7_7,router_1_5,5.6001,0.570133
2088,router_7_7,router_1_5,5.6001,0.569280
2089,router_7_7,router_1_5,5.1001,0.570133
2090,router_7_7,router_0_5,6.5001,0.536919
2091,router_4_6,router_3_6,2.0001,0.949813
2091,router_4_6,router_3_6,0.5000,0.949813
2093,router_5_6,router_3_6,1.8000,0.877627
2094,router_5_6,router_3_6,0.8000,0.878464
2095,router_5_6,router_2_6,3.1001,0.811162
2096,router_5_6,router_2_6,1.9000,0.812511
2097,router_6_6,router_2_6,1.9000,0.755497
2098,router_6_6,router_2_6,1.9000,0.755497
2099,router_6_6,router_1_6,4.2001,0.701003
2100,router_6_6,router_1_6,3.6000,0.698843
2101,router_7_6,router_1_6,3.6000,0.654427
2102,router_7_6,router_1_6,4.1001,0.651740
2103,router_7_6,router_0_6,7.6002,0.600398
2104,router_7_6,router_0_6,5.6001,0.607191
2106,router_0_7,router_0_6,3.5001,0.949813
2106,router_0_7,router_0_6,2.0001,0.949813
2107,router_0_7,router_7_5,6.1001,0.537954
2108,router_0_7,router_7_5,5.7001,0.537570
2109,router_1_7,router_7_5,4.9001,0.570303
2110,router_1_7,router_7_5,4.1001,0.574603
2111,router_1_7,router_6_5,9.6002,0.594147
2112,router_1_7,router_6_5,6.1001,0.604581
2113,router_2_7,router_6_5,3.7001,0.653673
2114,router_2_7,router_6_5,5.6001,0.647266
2115,router_2_7,router_5_5,3.1000,0.700943
2116,router_2_7,router_5_5,3.6000,0.699262
2117,router_3_7,router_5_5,2.9000,0.753076
2118,router_3_7,router_5_5,2.9001,0.753345
2119,router_3_7,router_4_5,1.4000,0.813186
2120,router_3_7,router_4_5,2.4000,0.810788
2121,router_4_7,router_4_5,1.8000,0.877627
2122,router_4_7,router_4_5,1.8000,0.877627
2123,router_4_7,router_3_5,2.9001,0.810265
2124,router_4_7,router_3_5,1.6000,0.813412
2125,router_5_7,router_3_5,5.4001,0.747473
2126,router_5_7,router_3_5,3.4001,0.751469
2127,router_5_7,router_2_5,3.1000,0.700642
2128,router_5_7,router_2_5,4.1001,0.698843
2129,router_6_7,router_2_5,4.1001,0.652813
2130,router_6_7,router_2_5,3.6000,0.654967
2131,router_6_7,router_1_5,6.3001,0.607096
2132,router_6_7,router_1_5,4.1001,0.610060
2133,router_7_7,router_1_5,5.6001,0.569706
2134,router_7_7,router_1_5,5.1001,0.570560
2135,router_7_7,router_0_5,10.5002,0.522744
2136,router_7_7,router_0_5,6.5001,0.537685
2137,router_4_6,router_3_6,2.5001,0.949813
2137,router_4_6,router_3_6,0.5000,0.949813
2138,router_4_6,router_3_6,1.5000,0.949813
2140,router_5_6,router_3_6,0.8000,0.878464
2141,router_5_6,router_2_6,2.4000,0.811013
2142,router_5_6,router_2_6,1.4000,0.813261
2143,router_5_6,router_2_6,2.9000,0.809519
2144,router_6_6,router_2_6,3.4001,0.751469
2145,router_6_6,router_1_6,3.6000,0.698843
2146,router_6_6,router_1_6,5.1001,0.695267
2147,router_6_6,router_1_6,5.1001,0.694081
2148,router_7_6,router_1_6,5.1001,0.648539
2149,router_7_6,router_0_6,4.6001,0.609868
2150,router_7_6,router_0_6,5.1001,0.609101
2151,router_7_6,router_0_6,4.1001,0.610060
2152,router_0_7,router_0_6,2.0001,0.949813
2153,router_0_7,router_7_5,6.9001,0.535355
2154,router_0_7,router_7_5,6.1001,0.536422
2155,router_0_7,router_7_5,6.9001,0.534292
2156,router_1_7,router_7_5,4.5001,0.572016
2157,router_1_7,router_6_5,4.9001,0.608001
2158,router_1_7,router_6_5,4.9001,0.607238
2159,router_1_7,router_6_5,3.6000,0.612710
2160,router_2_7,router_6_5,4.1001,0.651633
2161,router_2_7,router_5_5,3.3001,0.700342
2162,router_2_7,router_5_5,4.1001,0.698066
2163,router_2_7,router_5_5,4.1001,0.698066
2164,router_3_7,router_5_5,3.3001,0.751469
2165,router_3_7,router_4_5,4.4001,0.807062
2166,router_3_7,router_4_5,1.4000,0.813787
2167,router_3_7,router_4_5,1.4000,0.813787
2168,router_4_7,router_4_5,3.3001,0.875121
2169,router_4_7,router_3_5,3.9001,0.807285
2170,router_4_7,router_3_5,1.9000,0.812511
2171,router_4_7,router_3_5,3.4001,0.808773
2172,router_5_7,router_3_5,2.4000,0.754151
2173,router_5_7,router_2_5,3.6000,0.699442
2174,router_5_7,router_2_5,3.6000,0.698245
2175,router_5_7,router_2_5,3.6000,0.698843
2176,router_6_7,router_2_5,4.1001,0.651205
2177,router_6_7,router_1_5,5.1001,0.606240
2178,router_6_7,router_1_5,3.3000,0.613824
2179,router_6_7,router_1_5,5.1001,0.608910
2180,router_7_7,router_1_5,3.6000,0.575296
2181,router_7_7,router_0_5,10.0002,0.525301
2182,router_7_7,router_0_5,10.5002,0.522380
2183,router_7_7,router_0_5,7.0001,0.533875
2184,router_4_6,router_3_6,1.0000,0.949813
2185,router_4_6,router_3_6,1.5000,0.949813
2187,router_4_6,router_3_6,1.0000,0.949813
2187,router_4_6,router_3_6,0.5000,0.949813
2188,router_5_6,router_2_6,2.6001,0.811911
2189,router_5_6,router_2_6,1.9000,0.813261
2190,router_5_6,router_2_6,1.9000,0.811761
2191,router_5_6,router_2_6,5.4001,0.803582
2192,router_6_6,router_1_6,4.1001,0.697648
2193,router_6_6,router_1_6,5.6001,0.694081
2194,router_6_6,router_1_6,4.6001,0.695267
2195,router_6_6,router_1_6,3.6000,0.700642
2196,router_7_6,router_0_6,5.1001,0.608623
2197,router_7_6,router_0_6,4.6001,0.610060
2198,router_7_6,router_0_6,3.3000,0.612855
2199,router_7_6,router_0_6,4.1001,0.611503
2200,router_0_7,router_7_5,6.9001,0.534292
2201,router_0_7,router_7_5,6.1001,0.537264
2202,router_0_7,router_7_5,6.9001,0.534899
2203,router_0_7,router_7_5,6.1001,0.536346
2204,router_1_7,router_6_5,4.1001,0.610685
2205,router_1_7,router_6_5,3.6000,0.612130
2206,router_1_7,router_6_5,4.5001,0.608192
2207,router_1_7,router_6_5,4.1001,0.610685
2208,router_2_7,router_5_5,5.7001,0.693548
2209,router_2_7,router_5_5,4.1001,0.697350
2210,router_2_7,router_5_5,3.1000,0.699982
2211,router_2_7,router_5_5,3.2001,0.702147
2212,router_3_7,router_4_5,2.9000,0.809295
2213,router_3_7,router_4_5,2.6001,0.811986
2214,router_3_7,router_4_5,4.4001,0.805431
2215,router_3_7,router_4_5,1.9000,0.811686
2216,router_4_7,router_3_5,2.4000,0.811761
2217,router_4_7,router_3_5,5.4001,0.802844
2218,router_4_7,router_3_5,2.9000,0.808773
2219,router_4_7,router_3_5,4.4001,0.805060
2220,router_5_7,router_2_5,4.1001,0.698245
2221,router_5_7,router_2_5,6.1001,0.692898
2222,router_5_7,router_2_5,6.1001,0.689369
2223,router_5_7,router_2_5,7.1001,0.688199
2224,router_6_7,router_1_5,4.1001,0.610540
2225,router_6_7,router_1_5,5.1001,0.609580
2226,router_6_7,router_1_5,3.1000,0.612952
2227,router_6_7,router_1_5,5.1001,0.606715
2228,router_7_7,router_0_5,6.0001,0.537685
2229,router_7_7,router_0_5,8.5001,0.527513
2230,router_7_7,router_0_5,6.0000,0.536537
2231,router_7_7,router_0_5,6.5001,0.536155
2232,router_4_6,router_3_6,0.5000,0.949813
2232,router_4_6,router_3_6,1.5000,0.949813
2233,router_4_6,router_3_6,1.5000,0.949813
2235,router_4_6,router_2_6,0.8000,0.878464
2236,router_5_6,router_2_6,1.9000,0.811761
2237,router_5_6,router_2_6,1.6000,0.813412
2238,router_5_6,router_2_6,1.6000,0.813412
2239,router_5_6,router_1_6,2.4000,0.754151
2240,router_6_6,router_1_6,3.7001,0.701605
2241,router_6_6,router_1_6,4.6001,0.695267
2242,router_6_6,router_1_6,3.1000,0.700042
2243,router_6_6,router_0_6,3.6000,0.652813
2244,router_7_6,router_0_6,3.6000,0.611503
2245,router_7_6,router_0_6,3.6000,0.611503
2246,router_7_6,router_0_6,4.1001,0.611503
2247,router_7_6,router_7_5,0.5000,0.949813
2248,router_0_7,router_7_5,7.3001,0.534216
2249,router_0_7,router_7_5,5.7001,0.538415
2250,router_0_7,router_7_5,7.7001,0.533232
2251,router_0_7,router_6_5,4.5001,0.573825
2252,router_1_7,router_6_5,5.1001,0.607524
2253,router_1_7,router_6_5,5.6001,0.607715
2254,router_1_7,router_6_5,5.0001,0.608862
2255,router_1_7,router_5_5,4.1001,0.653350
2256,router_2_7,router_5_5,3.6000,0.699143
2257,router_2_7,router_5_5,4.5001,0.695564
2258,router_2_7,router_5_5,4.1001,0.696396
2259,router_2_7,router_4_5,2.5001,0.753076
2260,router_3_7,router_4_5,2.4000,0.812736
2261,router_3_7,router_4_5,5.4001,0.802623
2262,router_3_7,router_4_5,1.9000,0.812286
2263,router_3_7,router_3_5,1.3000,0.877627
2264,router_4_7,router_3_5,3.9001,0.805801
2265,router_4_7,router_3_5,2.4000,0.811761
2266,router_4_7,router_3_5,2.9000,0.810265
2267,router_4_7,router_2_5,2.4000,0.753479
2268,router_5_7,router_2_5,4.1001,0.697648
2269,router_5_7,router_2_5,4.6001,0.695267
2270,router_5_7,router_2_5,3.6000,0.699442
2271,router_5_7,router_1_5,3.6000,0.652813
2272,router_6_7,router_1_5,5.1001,0.608431
2273,router_6_7,router_1_5,3.6000,0.611985
2274,router_6_7,router_1_5,6.1001,0.604345
2275,router_6_7,router_0_5,7.1001,0.565472
2276,router_7_7,router_0_5,7.0001,0.532742
2277,router_7_7,router_0_5,8.5001,0.529369
2278,router_7_7,router_0_5,9.0001,0.526037
2279,router_7_7,router_7_4,2.6001,0.811911
2280,router_4_6,router_3_6,0.5000,0.949813
2280,router_4_6,router_3_6,0.5000,0.949813
2282,router_4_6,router_2_6,1.8000,0.876790
2283,router_4_6,router_2_6,1.3000,0.877627
2284,router_5_6,router_2_6,1.6000,0.813412
2285,router_5_6,router_2_6,1.4000,0.813261
2286,router_5_6,router_1_6,1.9000,0.754824
2287,router_5_6,router_1_6,2.4000,0.753479
2288,router_6_6,router_1_6,3.1000,0.701244
2289,router_6_6,router_1_6,3.6000,0.698843
2290,router_6_6,router_0_6,6.6001,0.643785
2291,router_6_6,router_0_6,3.6000,0.653350
2292,router_7_6,router_0_6,4.1001,0.611503
2293,router_7_6,router_0_6,5.6001,0.606240
2295,router_7_6,router_7_5,1.5000,0.949813
2295,router_7_6,router_7_5,1.5000,0.949813
2296,router_0_7,router_7_5,6.5001,0.538338
2297,router_0_7,router_7_5,8.9002,0.527920
2298,router_0_7,router_6_5,4.6001,0.571845
2299,router_0_7,router_6_5,3.3001,0.575123
2300,router_1_7,router_6_5,4.6001,0.608575
2301,router_1_7,router_6_5,3.7001,0.611262
2302,router_1_7,router_5_5,4.1001,0.651633
2303,router_1_7,router_5_5,4.9001,0.648964
2304,router_2_7,router_5_5,3.3000,0.701183
2305,router_2_7,router_5_5,2.6000,0.702268
2306,router_2_7,router_4_5,2.9001,0.752004
2307,router_2_7,router_4_5,4.5001,0.748802
2308,router_3_7,router_4_5,2.4000,0.810191
2309,router_3_7,router_4_5,3.4001,0.809444
2310,router_3_7,router_3_5,0.8000,0.878464
2311,router_3_7,router_3_5,1.8000,0.876790
2312,router_4_7,router_3_5,2.4000,0.811013
2313,router_4_7,router_3_5,2.9000,0.809519
2314,router_4_7,router_2_5,1.9000,0.754824
2315,router_4_7,router_2_5,4.9001,0.746810
2316,router_5_7,router_2_5,4.1001,0.699442
2317,router_5_7,router_2_5,4.7001,0.700402
2318,router_5_7,router_1_5,7.0001,0.645047
2319,router_5_7,router_1_5,5.0001,0.650350
2320,router_6_7,router_1_5,5.6001,0.605765
2321,router_6_7,router_1_5,7.1001,0.602742
2322,router_6_7,router_0_5,5.1001,0.569706
2323,router_6_7,router_0_5,5.1001,0.570987
2324,router_7_7,router_0_5,6.5001,0.536155
2325,router_7_7,router_0_5,8.5001,0.529369
2326,router_7_7,router_7_4,2.9001,0.810265
2327,router_7_7,router_7_4,3.9000,0.810714
2328,router_4_6,router_3_6,1.5000,0.949813
2329,router_4_6,router_2_6,2.8001,0.875121
2330,router_4_6,router_2_6,0.8000,0.878464
2331,router_4_6,router_2_6,0.8000,0.878464
2332,router_5_6,router_2_6,2.6001,0.811911
2333,router_5_6,router_1_6,2.4000,0.754151
2334,router_5_6,router_1_6,2.9000,0.752138
2335,router_5_6,router_1_6,2.9000,0.753479
2336,router_6_6,router_1_6,5.6001,0.692308
2337,router_6_6,router_0_6,3.1000,0.655507
2338,router_6_6,router_0_6,5.0001,0.651954
2339,router_6_6,router_0_6,5.6001,0.648539
2340,router_7_6,router_0_6,7.1001,0.600585
2341,router_7_6,router_7_5,1.0000,0.949813
2343,router_7_6,router_7_5,2.0001,0.949813
2343,router_7_6,router_7_5,1.0000,0.949813
2344,router_0_7,router_7_5,7.3001,0.533006
2345,router_0_7,router_6_5,4.1001,0.573135
2346,router_0_7,router_6_5,3.6000,0.575209
2347,router_0_7,router_6_5,3.7001,0.574430
2348,router_1_7,router_6_5,4.1001,0.609820
2349,router_1_7,router_5_5,3.3001,0.653673
2350,router_1_7,router_5_5,3.7001,0.653243
2351,router_1_7,router_5_5,3.6000,0.653243
2352,router_2_7,router_5_5,4.6001,0.696515
2353,router_2_7,router_4_5,4.5001,0.747739
2354,router_2_7,router_4_5,2.5000,0.754285
2355,router_2_7,router_4_5,1.9000,0.754689
2356,router_3_7,router_4_5,2.9000,0.810041
2357,router_3_7,router_3_5,1.8000,0.876790
2358,router_3_7,router_3_5,3.3001,0.874288
2359,router_3_7,router_3_5,1.3000,0.877627
2360,router_4_7,router_3_5,2.4000,0.810265
2361,router_4_7,router_2_5,2.9000,0.752138
2362,router_4_7,router_2_5,2.4000,0.754151
2363,router_4_7,router_2_5,3.9001,0.750801
2364,router_5_7,router_2_5,6.1001,0.690542
2365,router_5_7,router_1_5,3.6000,0.653350
2366,router_5_7,router_1_5,4.1001,0.651205
2367,router_5_7,router_1_5,7.5002,0.645047
2368,router_6_7,router_1_5,6.6001,0.603873
2369,router_6_7,router_0_5,6.1001,0.567582
2370,router_6_7,router_0_5,5.1001,0.570987
2371,router_6_7,router_0_5,3.6000,0.574430
2372,router_7_7,router_0_5,7.5001,0.533875
2373,router_7_7,router_7_4,1.6000,0.813412
2374,router_7_7,router_7_4,2.9001,0.809519
2375,router_7_7,router_7_4,2.4000,0.811761
2376,router_4_6,router_2_6,3.3001,0.875955
2377,router_4_6,router_2_6,1.3000,0.877627
2378,router_4_6,router_2_6,0.8000,0.878464
2379,router_4_6,router_2_6,3.3001,0.877627
2380,router_5_6,router_1_6,2.9001,0.752138
2381,router_5_6,router_1_6,1.9000,0.755497
2382,router_5_6,router_1_6,2.9000,0.754151
2383,router_5_6,router_1_6,2.4000,0.754151
2384,router_6_6,router_0_6,7.1001,0.642213
2385,router_6_6,router_0_6,3.1000,0.654427
2386,router_6_6,router_0_6,4.6001,0.650136
2387,router_6_6,router_0_6,3.6000,0.653350
2388,router_7_6,router_7_5,0.5000,0.949813
2388,router_7_6,router_7_5,0.5000,0.949813
2389,router_7_6,router_7_5,0.5000,0.949813
2390,router_7_6,router_7_5,1.0000,0.949813
2392,router_0_7,router_6_5,4.1001,0.573738
2393,router_0_7,router_6_5,4.1001,0.573393
2394,router_0_7,router_6_5,3.3001,0.575123
2395,router_0_7,router_6_5,5.1001,0.569450
2396,router_1_7,router_5_5,4.1001,0.651098
2397,router_1_7,router_5_5,3.1000,0.655183
2398,router_1_7,router_5_5,5.6001,0.646736
2399,router_1_7,router_5_5,4.1001,0.651098
2400,router_2_7,router_4_5,1.4000,0.756037
2401,router_2_7,router_4_5,5.9001,0.745355
2402,router_2_7,router_4_5,2.9000,0.752674
2403,router_2_7,router_4_5,2.9000,0.752674
2404,router_3_7,router_3_5,2.3000,0.876790
2405,router_3_7,router_3_5,2.3001,0.876790
2406,router_3_7,router_3_5,1.8000,0.877627
2407,router_3_7,router_3_5,4.3001,0.874288
2408,router_4_7,router_2_5,1.9000,0.754824
2409,router_4_7,router_2_5,1.9000,0.754824
2410,router_4_7,router_2_5,2.4000,0.754151
2411,router_4_7,router_2_5,1.9000,0.755497
2412,router_5_7,router_1_5,4.1001,0.651740
2413,router_5_7,router_1_5,4.1001,0.652276
2414,router_5_7,router_1_5,3.6000,0.652813
2415,router_5_7,router_1_5,3.6000,0.654427
2416,router_6_7,router_0_5,6.1001,0.569280
2417,router_6_7,router_0_5,4.1001,0.573135
2418,router_6_7,router_0_5,4.1001,0.573135
2419,router_6_7,router_0_5,4.6001,0.573135
2420,router_7_7,router_7_4,2.1000,0.812661
2421,router_7_7,router_7_4,2.9001,0.809519
2422,router_7_7,router_7_4,1.9000,0.812511
2423,router_7_7,router_7_4,2.1000,0.812661
2424,router_3_6,router_2_6,2.0000,0.949813
2425,router_4_6,router_2_6,2.2000,0.877794
2426,router_4_6,router_2_6,2.3000,0.875955
2427,router_4_6,router_2_6,0.8000,0.878464
2428,router_4_6,router_1_6,2.4000,0.811761
2429,router_5_6,router_1_6,2.9000,0.752808
2430,router_5_6,router_1_6,1.9000,0.754824
2431,router_5_6,router_1_6,6.4001,0.745487
2432,router_5_6,router_0_6,3.6000,0.698245
2433,router_6_6,router_0_6,5.6001,0.648539
2434,router_6_6,router_0_6,4.1001,0.652276
2435,router_6_6,router_0_6,6.1001,0.645363
2436,router_6_6,router_7_5,1.8000,0.877292
2437,router_7_6,router_7_5,0.5000,0.949813
2438,router_7_6,router_7_5,0.5000,0.949813
2439,router_7_6,router_7_5,1.0000,0.949813
2440,router_7_6,router_6_5,3.3001,0.876790
2441,router_0_7,router_6_5,3.7001,0.575209
2442,router_0_7,router_6_5,4.5001,0.572704
2443,router_0_7,router_6_5,4.1001,0.574257
2444,router_0_7,router_5_5,5.3001,0.605338
2445,router_1_7,router_5_5,3.7001,0.653243
2446,router_1_7,router_5_5,3.1000,0.654751
2447,router_1_7,router_5_5,3.1000,0.654751
2448,router_1_7,router_4_5,5.3001,0.697350
2449,router_2_7,router_4_5,3.7001,0.750534
2450,router_2_7,router_4_5,1.9000,0.754689
2451,router_2_7,router_4_5,1.7000,0.755228
2452,router_2_7,router_3_5,2.6001,0.811986
2453,router_3_7,router_3_5,0.8000,0.878464
2454,router_3_7,router_3_5,2.8001,0.875121
2455,router_3_7,router_3_5,1.3000,0.877627
2456,router_3_7,router_2_5,2.4000,0.811761
2457,router_4_7,router_2_5,2.9000,0.752138
2458,router_4_7,router_2_5,5.9001,0.744168
2459,router_4_7,router_2_5,3.4001,0.750801
2460,router_4_7,router_1_5,3.6000,0.698843
2461,router_5_7,router_1_5,7.0001,0.647160
2462,router_5_7,router_1_5,4.0001,0.653566
2463,router_5_7,router_1_5,6.1001,0.645891
2464,router_5_7,router_0_5,3.3000,0.613339
2465,router_6_7,router_0_5,5.1001,0.570987
2466,router_6_7,router_0_5,6.1001,0.567582
2467,router_6_7,router_0_5,5.1001,0.570133
2468,router_6_7,router_7_4,3.7001,0.752004
2469,router_7_7,router_7_4,4.9001,0.804321
2470,router_7_7,router_7_4,2.4000,0.811013
2471,router_7_7,router_7_4,2.1000,0.812661
2472,router_7_7,router_6_4,3.9001,0.750134
2473,router_3_6,router_2_6,2.0000,0.949813
2473,router_3_6,router_2_6,1.0000,0.949813
2475,router_4_6,router_2_6,1.8000,0.877627
2476,router_4_6,router_2_6,2.8001,0.875955
2477,router_4_6,router_1_6,1.9000,0.812511
2478,router_4_6,router_1_6,3.9001,0.806543
2479,router_5_6,router_1_6,4.9001,0.746810
2480,router_5_6,router_1_6,2.9000,0.752138
2481,router_5_6,router_0_6,4.2001,0.699802
2482,router_5_6,router_0_6,3.1000,0.701244
2483,router_6_6,router_0_6,3.6000,0.653350
2484,router_6_6,router_0_6,3.6000,0.653889
2485,router_6_6,router_7_5,2.8001,0.874954
2486,router_6_6,router_7_5,2.8001,0.874954
2487,router_7_6,router_7_5,2.0000,0.949813
2488,router_7_6,router_7_5,2.0000,0.949813
2490,router_7_6,router_6_5,3.3001,0.874288
2490,router_7_6,router_6_5,2.3001,0.875955
2491,router_0_7,router_6_5,4.6001,0.571845
2492,router_0_7,router_6_5,6.6001,0.566652
2493,router_0_7,router_5_5,7.1001,0.602319
2494,router_0_7,router_5_5,6.6001,0.604014
2495,router_1_7,router_5_5,7.3002,0.642213
2496,router_1_7,router_5_5,2.9000,0.655399
2497,router_1_7,router_4_5,4.1001,0.696873
2498,router_1_7,router_4_5,4.5001,0.695920
2499,router_2_7,router_4_5,2.5000,0.754420
2500,router_2_7,router_4_5,3.7001,0.750400
2501,router_2_7,router_3_5,1.9000,0.811686
2502,router_2_7,router_3_5,3.9001,0.808550
2503,router_3_7,router_3_5,0.8000,0.878464
2504,router_3_7,router_3_5,1.3000,0.877627
2505,router_3_7,router_2_5,1.4000,0.813261
2506,router_3_7,router_2_5,2.4000,0.810265
2507,router_4_7,router_2_5,3.9001,0.750801
2508,router_4_7,router_2_5,3.4001,0.750801
2509,router_4_7,router_1_5,5.1001,0.693489
2510,router_4_7,router_1_5,5.1001,0.697051
2511,router_5_7,router_1_5,5.6001,0.648008
2512,router_5_7,router_1_5,6.6001,0.643260
2513,router_5_7,router_0_5,7.6002,0.599185
2514,router_5_7,router_0_5,8.3002,0.602836
2515,router_6_7,router_0_5,4.1001,0.573135
2516,router_6_7,router_0_5,9.1002,0.560878
2517,router_6_7,router_7_4,2.9001,0.752004
2518,router_6_7,router_7_4,2.4000,0.754151
2519,router_7_7,router_7_4,2.1000,0.812661
2520,router_7_7,router_7_4,2.1000,0.812661
2521,router_7_7,router_6_4,3.4001,0.752808
2522,router_7_7,router_6_4,2.4000,0.754151
2523,router_3_6,router_2_6,0.5000,0.949813
2524,router_3_6,router_2_6,0.5000,0.949813
2525,router_3_6,router_2_6,1.5000,0.949813
2526,router_4_6,router_2_6,2.8001,0.878464
2527,router_4_6,router_1_6,3.6001,0.810415
2528,router_4_6,router_1_6,2.4000,0.811013
2529,router_4_6,router_1_6,3.4001,0.811761
2530,router_5_6,router_1_6,2.4000,0.753479
2531,router_5_6,router_0_6,4.1001,0.696456
2532,router_5_6,router_0_6,4.6001,0.694673
2533,router_5_6,router_0_6,4.6001,0.695267
2534,router_6_6,router_0_6,4.1001,0.651205
2535,router_6_6,router_7_5,1.3000,0.877459
2536,router_6_6,router_7_5,2.8001,0.876289
2537,router_6_6,router_7_5,1.3000,0.877459
2538,router_7_6,router_7_5,3.5001,0.949813
2539,router_7_6,router_6_5,1.3000,0.877627
2540,router_7_6,router_6_5,0.8000,0.878464
2541,router_7_6,router_6_5,0.8000,0.878464
2542,router_0_7,router_6_5,4.6001,0.573393
2543,router_0_7,router_5_5,3.7001,0.610685
2544,router_0_7,router_5_5,4.1001,0.609532
2545,router_0_7,router_5_5,7.1001,0.603542
2546,router_1_7,router_5_5,4.1001,0.652169
2547,router_1_7,router_4_5,5.6001,0.691542
2548,router_1_7,router_4_5,4.1001,0.696396
2549,router_1_7,router_4_5,3.1000,0.700462
2550,router_2_7,router_4_5,3.3001,0.752540
2551,router_2_7,router_3_5,2.4000,0.810788
2552,router_2_7,router_3_5,4.6001,0.809743
2553,router_2_7,router_3_5,2.4000,0.810938
2554,router_3_7,router_3_5,2.3000,0.877627
2555,router_3_7,router_2_5,3.4001,0.808029
2556,router_3_7,router_2_5,2.4000,0.811761
2557,router_3_7,router_2_5,3.4001,0.810265
2558,router_4_7,router_2_5,1.9000,0.755497
2559,router_4_7,router_1_5,4.1001,0.696456
2560,router_4_7,router_1_5,3.6000,0.698245
2561,router_4_7,router_1_5,5.1001,0.692898
2562,router_5_7,router_1_5,4.6001,0.649603
2563,router_5_7,router_0_5,6.1001,0.606240
2564,router_5_7,router_0_5,4.1001,0.609101
2565,router_5_7,router_0_5,4.1001,0.611985
2566,router_6_7,router_0_5,5.6001,0.569280
2567,router_6_7,router_7_4,3.4001,0.752138
2568,router_6_7,router_7_4,2.4000,0.753479
2569,router_6_7,router_7_4,1.9000,0.754824
2570,router_7_7,router_7_4,1.4000,0.813261
2571,router_7_7,router_6_4,3.4001,0.752138
2572,router_7_7,router_6_4,1.9000,0.754824
2573,router_7_7,router_6_4,2.9000,0.752138
2574,router_3_6,router_2_6,2.0001,0.949813
2575,router_3_6,router_2_6,0.5000,0.949813
2576,router_3_6,router_2_6,0.5000,0.949813
2577,router_3_6,router_2_6,0.5000,0.949813
2578,router_4_6,router_1_6,2.9001,0.811013
2579,router_4_6,router_1_6,2.4000,0.811013
2580,router_4_6,router_1_6,3.6001,0.811162
2581,router_4_6,router_1_6,1.6000,0.813412
2582,router_5_6,router_0_6,4.6001,0.695861
2583,router_5_6,router_0_6,4.1001,0.697648
2584,router_5_6,router_0_6,4.6001,0.697648
2585,router_5_6,router_0_6,5.6001,0.691130
2586,router_6_6,router_7_5,3.5001,0.875621
2587,router_6_6,router_7_5,0.8000,0.878296
2588,router_6_6,router_7_5,1.5000,0.877292
2589,router_6_6,router_7_5,0.8000,0.878296
2590,router_7_6,router_6_5,2.3001,0.877627
2591,router_7_6,router_6_5,2.3001,0.875955
2592,router_7_6,router_6_5,1.3000,0.877627
2593,router_7_6,router_6_5,0.8000,0.878464
2594,router_0_7,router_5_5,4.9001,0.608288
2595,router_0_7,router_5_5,4.9001,0.609532
2596,router_0_7,router_5_5,3.1000,0.613873
2597,router_0_7,router_5_5,4.9001,0.608288
2598,router_1_7,router_4_5,4.1001,0.696396
2599,router_1_7,router_4_5,2.9000,0.701183
2600,router_1_7,router_4_5,4.1001,0.698544
2601,router_1_7,router_4_5,3.1000,0.699982
2602,router_2_7,router_3_5,1.9000,0.811686
2603,router_2_7,router_3_5,4.4001,0.804247
2604,router_2_7,router_3_5,5.4001,0.807805
2605,router_2_7,router_3_5,1.9000,0.813036
2606,router_3_7,router_2_5,5.9001,0.804321
2607,router_3_7,router_2_5,5.9001,0.802108
2608,router_3_7,router_2_5,2.9000,0.810265
2609,router_3_7,router_2_5,2.4000,0.810265
2610,router_4_7,router_1_5,4.1001,0.697051
2611,router_4_7,router_1_5,6.1001,0.690542
2612,router_4_7,router_1_5,4.1001,0.697051
2613,router_4_7,router_1_5,4.1001,0.698245
2614,router_5_7,router_0_5,8.6002,0.599465
2615,router_5_7,router_0_5,4.1001,0.611021
2616,router_5_7,router_0_5,3.6000,0.612468
2617,router_5_7,router_0_5,3.1000,0.612952
2618,router_6_7,router_7_4,2.5001,0.753211
2619,router_6_7,router_7_4,3.9001,0.749867
2620,router_6_7,router_7_4,1.9000,0.754689
2621,router_6_7,router_7_4,1.9000,0.754689
2622,router_7_7,router_6_4,2.4000,0.753479
2623,router_7_7,router_6_4,2.4000,0.754151
2624,router_7_7,router_6_4,3.9001,0.749467
2625,router_7_7,router_6_4,1.9000,0.755497
2626,router_3_6,router_2_6,1.5000,0.949813
2626,router_3_6,router_2_6,4.5001,0.949813
2627,router_3_6,router_2_6,2.0000,0.949813
2629,router_3_6,router_1_6,2.3001,0.875955
2630,router_4_6,router_1_6,2.4000,0.810265
2631,router_4_6,router_1_6,2.1000,0.812661
2632,router_4_6,router_1_6,2.9001,0.808773
2633,router_4_6,router_0_6,3.4001,0.752138
2634,router_5_6,router_0_6,10.1002,0.676668
2635,router_5_6,router_0_6,3.1000,0.700642
2636,router_5_6,router_0_6,4.6001,0.697051
2637,router_5_6,router_7_5,3.4001,0.807062
2638,router_6_6,router_7_5,1.1000,0.877961
2639,router_6_6,router_7_5,1.8000,0.876623
2640,router_6_6,router_7_5,1.8000,0.877292
2641,router_6_6,router_6_5,1.0000,0.949813
2642,router_7_6,router_6_5,2.3001,0.875955
2643,router_7_6,router_6_5,2.8001,0.875121
2644,router_7_6,router_6_5,2.3001,0.875955
2645,router_7_6,router_5_5,4.4001,0.807285
2646,router_0_7,router_5_5,5.0001,0.609340
2647,router_0_7,router_5_5,3.8001,0.612227
2648,router_0_7,router_5_5,4.9001,0.610204
2649,router_0_7,router_4_5,3.7001,0.652383
2650,router_1_7,router_4_5,3.3000,0.699742
2651,router_1_7,router_4_5,3.7001,0.697827
2652,router_1_7,router_4_5,5.6001,0.691542
2653,router_1_7,router_3_5,2.4000,0.754016
2654,router_2_7,router_3_5,2.4000,0.811986
2655,router_2_7,router_3_5,2.4000,0.811387
2656,router_2_7,router_3_5,3.9001,0.808848
2657,router_2_7,router_2_5,0.8000,0.878464
2658,router_3_7,router_2_5,2.9001,0.808773
2659,router_3_7,router_2_5,3.4001,0.808773
2660,router_3_7,router_2_5,2.4000,0.811013
2661,router_3_7,router_1_5,2.9000,0.752808
2662,router_4_7,router_1_5,4.1001,0.697648
2663,router_4_7,router_1_5,5.6001,0.695267
2664,router_4_7,router_1_5,4.1001,0.698245
2665,router_4_7,router_0_5,6.1001,0.644836
2666,router_5_7,router_0_5,5.6001,0.605291
2667,router_5_7,router_0_5,4.1001,0.610060
2668,router_5_7,router_0_5,3.1000,0.613436
2669,router_5_7,router_7_4,4.1001,0.697708
2670,router_6_7,router_7_4,3.4001,0.752004
2671,router_6_7,router_7_4,3.4001,0.750801
2672,router_6_7,router_7_4,4.4001,0.748802
2673,router_6_7,router_6_4,1.9000,0.812511
2674,router_7_7,router_6_4,3.4001,0.751469
2675,router_7_7,router_6_4,1.9000,0.754824
2676,router_7_7,router_6_4,2.4000,0.755497
2677,router_7_7,router_5_4,4.6001,0.694673
2678,router_3_6,router_2_6,2.0001,0.949813
2679,router_3_6,router_2_6,2.0001,0.949813
2680,router_3_6,router_1_6,0.8000,0.878464
2681,router_3_6,router_1_6,0.8000,0.878464
2682,router_4_6,router_1_6,2.4000,0.810265
2683,router_4_6,router_1_6,1.4000,0.813261
2684,router_4_6,router_0_6,2.9000,0.752808
2685,router_4_6,router_0_6,1.9000,0.754824
2686,router_5_6,router_0_6,3.2001,0.702811
2687,router_5_6,router_0_6,3.6000,0.700042
2688,router_5_6,router_7_5,1.7000,0.812286
2689,router_5_6,router_7_5,1.9000,0.812136
2690,router_6_6,router_7_5,2.3001,0.876790
2691,router_6_6,router_7_5,1.9000,0.878296
2693,router_6_6,router_6_5,0.5000,0.949813
2693,router_6_6,router_6_5,2.0000,0.949813
2694,router_7_6,router_6_5,2.8001,0.876790
2695,router_7_6,router_6_5,3.3001,0.874288
2696,router_7_6,router_5_5,2.9001,0.808773
2697,router_7_6,router_5_5,4.9001,0.805801
2698,router_0_7,router_5_5,4.5001,0.609436
2699,router_0_7,router_5_5,5.1001,0.607048
2700,router_0_7,router_4_5,5.6001,0.646736
2701,router_0_7,router_4_5,5.1001,0.647902
2702,router_1_7,router_4_5,4.1001,0.698066
2703,router_1_7,router_4_5,6.1001,0.690954
2704,router_1_7,router_3_5,2.4000,0.753345
2705,router_1_7,router_3_5,1.9000,0.754689
2706,router_2_7,router_3_5,1.9000,0.811686
2707,router_2_7,router_3_5,1.4000,0.813186
2708,router_2_7,router_2_5,1.3000,0.877627
2709,router_2_7,router_2_5,1.3000,0.877627
2710,router_3_7,router_2_5,4.1001,0.809668
2711,router_3_7,router_2_5,2.1000,0.812661
2712,router_3_7,router_1_5,2.4000,0.753479
2713,router_3_7,router_1_5,3.9001,0.750801
2714,router_4_7,router_1_5,6.6001,0.689369
2715,router_4_7,router_1_5,3.1000,0.701244
2716,router_4_7,router_0_5,3.6000,0.652813
2717,router_4_7,router_0_5,4.6001,0.649603
2718,router_5_7,router_0_5,3.1000,0.612468
2719,router_5_7,router_0_5,5.1001,0.608145
2720,router_5_7,router_7_4,2.9000,0.701304
2721,router_5_7,router_7_4,5.1001,0.694733
2722,router_6_7,router_7_4,3.4001,0.752808
2723,router_6_7,router_7_4,2.4000,0.753479
2724,router_6_7,router_6_4,2.9000,0.811761
2725,router_6_7,router_6_4,2.4000,0.811013
2726,router_7_7,router_6_4,3.9001,0.752138
2727,router_7_7,router_6_4,6.9002,0.741539
2728,router_7_7,router_5_4,3.6000,0.699442
2729,router_7_7,router_5_4,3.6000,0.698843
2730,router_3_6,router_2_6,2.0001,0.949813
2731,router_3_6,router_1_6,0.8000,0.878464
2732,router_3_6,router_1_6,0.8000,0.878464
2733,router_3_6,router_1_6,1.8000,0.876790
2734,router_4_6,router_1_6,2.4000,0.813261
2735,router_4_6,router_0_6,3.9001,0.750801
2736,router_4_6,router_0_6,2.4000,0.753479
2737,router_4_6,router_0_6,2.4000,0.753479
2738,router_5_6,router_0_6,3.6000,0.700042
2739,router_5_6,router_7_5,2.1000,0.811836
2740,router_5_6,router_7_5,2.2000,0.812586
2741,router_5_6,router_7_5,2.1000,0.811686
2742,router_6_6,router_7_5,4.3001,0.873124
2743,router_6_6,router_6_5,0.5000,0.949813
2744,router_6_6,router_6_5,2.0000,0.949813
2745,router_6_6,router_6_5,0.5000,0.949813
2746,router_7_6,router_6_5,1.3000,0.878464
2747,router_7_6,router_5_5,5.9001,0.805060
2748,router_7_6,router_5_5,1.9000,0.811761
2749,router_7_6,router_5_5,1.9000,0.811761
2750,router_0_7,router_5_5,4.6001,0.609245
2751,router_0_7,router_4_5,4.3001,0.651098
2752,router_0_7,router_4_5,3.3000,0.653673
2753,router_0_7,router_4_5,7.3002,0.640960
2754,router_1_7,router_4_5,4.6001,0.695683
2755,router_1_7,router_3_5,2.5001,0.753076
2756,router_1_7,router_3_5,3.4001,0.752272
2757,router_1_7,router_3_5,3.3001,0.752674
2758,router_2_7,router_3_5,3.0001,0.811387
2759,router_2_7,router_2_5,1.3000,0.878464
2760,router_2_7,router_2_5,1.3000,0.877627
2761,router_2_7,router_2_5,1.8000,0.877627
2762,router_3_7,router_2_5,1.9000,0.811761
2763,router_3_7,router_1_5,2.9000,0.752138
2764,router_3_7,router_1_5,1.9000,0.754824
2765,router_3_7,router_1_5,2.4000,0.753479
2766,router_4_7,router_1_5,5.1001,0.694081
2767,router_4_7,router_0_5,4.1001,0.651205
2768,router_4_7,router_0_5,4.1001,0.651205
2769,router_4_7,router_0_5,4.1001,0.651205
2770,router_5_7,router_0_5,5.6001,0.606240
2771,router_5_7,router_7_4,6.1001,0.692131
2772,router_5_7,router_7_4,3.6000,0.699382
2773,router_5_7,router_7_4,4.6001,0.695326
2774,router_6_7,router_7_4,3.9001,0.752808
2775,router_6_7,router_6_4,3.9001,0.808029
2776,router_6_7,router_6_4,4.6001,0.808922
2777,router_6_7,router_6_4,5.9001,0.805801
2778,router_7_7,router_6_4,4.4001,0.751469
2779,router_7_7,router_5_4,4.1001,0.697648
2780,router_7_7,router_5_4,5.6001,0.692308
2781,router_7_7,router_5_4,3.1000,0.700042
2782,router_3_6,router_1_6,2.3001,0.875955
2783,router_3_6,router_1_6,1.3000,0.878464
2784,router_3_6,router_1_6,1.3000,0.877627
2785,router_3_6,router_1_6,0.8000,0.878464
2786,router_4_6,router_0_6,2.4000,0.754824
2787,router_4_6,router_0_6,3.9001,0.752808
2788,router_4_6,router_0_6,2.4000,0.754151
2789,router_4_6,router_0_6,3.9001,0.750134
2790,router_5_6,router_7_5,2.5000,0.810489
2791,router_5_6,router_7_5,1.9000,0.811537
2792,router_5_6,router_7_5,2.4000,0.810041
2793,router_5_6,router_7_5,2.1000,0.811836
2794,router_6_6,router_6_5,0.5000,0.949813
2795,router_6_6,router_6_5,0.5000,0.949813
2797,router_6_6,router_6_5,0.5000,0.949813
2797,router_6_6,router_6_5,1.5000,0.949813
2798,router_7_6,router_5_5,5.6001,0.807434
2799,router_7_6,router_5_5,2.6000,0.811911
2800,router_7_6,router_5_5,2.9001,0.811013
2801,router_7_6,router_5_5,2.6000,0.812661
2802,router_0_7,router_4_5,3.1000,0.655291
2803,router_0_7,router_4_5,3.5001,0.653458
2804,router_0_7,router_4_5,6.1001,0.645153
2805,router_0_7,router_4_5,4.1001,0.651633
2806,router_1_7,router_3_5,2.9000,0.752004
2807,router_1_7,router_3_5,3.4001,0.751202
2808,router_1_7,router_3_5,2.1000,0.754689
2809,router_1_7,router_3_5,4.1001,0.749334
2810,router_2_7,router_2_5,1.3000,0.877627
2811,router_2_7,router_2_5,1.3000,0.878464
2812,router_2_7,router_2_5,1.3000,0.877627
2813,router_2_7,router_2_5,2.8001,0.875955
2814,router_3_7,router_1_5,2.4000,0.754824
2815,router_3_7,router_1_5,2.9000,0.753479
2816,router_3_7,router_1_5,1.4000,0.756172
2817,router_3_7,router_1_5,3.4001,0.751469
2818,router_4_7,router_0_5,5.0001,0.650350
2819,router_4_7,router_0_5,3.6000,0.653889
2820,router_4_7,router_0_5,4.6001,0.651205
2821,router_4_7,router_0_5,4.1001,0.651740
2822,router_5_7,router_7_4,3.1000,0.700462
2823,router_5_7,router_7_4,6.1001,0.693076
2824,router_5_7,router_7_4,5.1001,0.695326
2825,router_5_7,router_7_4,3.6000,0.699262
2826,router_6_7,router_6_4,1.9000,0.811761
2827,router_6_7,router_6_4,2.4000,0.810265
2828,router_6_7,router_6_4,1.9000,0.811761
2829,router_6_7,router_6_4,1.9000,0.811761
2830,router_7_7,router_5_4,5.1001,0.694081
2831,router_7_7,router_5_4,5.1001,0.692898
2832,router_7_7,router_5_4,3.1000,0.700642
2833,router_7_7,router_5_4,5.1001,0.694673
2834,router_2_6,router_1_6,0.5000,0.949813
2835,router_3_6,router_1_6,2.7000,0.875288
2836,router_3_6,router_1_6,3.3001,0.875121
2837,router_3_6,router_1_6,1.8000,0.877627
2838,router_3_6,router_0_6,1.9000,0.812511
2839,router_4_6,router_0_6,1.9000,0.755497
2840,router_4_6,router_0_6,1.9000,0.755497
2841,router_4_6,router_0_6,2.4000,0.753479
2842,router_4_6,router_7_5,3.7001,0.751737
2843,router_5_6,router_7_5,4.4001,0.805875
2844,router_5_6,router_7_5,2.9000,0.812136
2845,router_5_6,router_7_5,2.1000,0.812436
2846,router_5_6,router_6_5,4.3001,0.873124
2847,router_6_6,router_6_5,1.5000,0.949813
2847,router_6_6,router_6_5,1.0000,0.949813
2848,router_6_6,router_6_5,1.0000,0.949813
2850,router_6_6,router_5_5,1.8000,0.876790
2851,router_7_6,router_5_5,2.9001,0.810265
2852,router_7_6,router_5_5,2.1000,0.812661
2853,router_7_6,router_5_5,5.1001,0.808922
2854,router_7_6,router_4_5,1.9000,0.755497
2855,router_0_7,router_4_5,5.1001,0.649816
2856,router_0_7,router_4_5,3.1000,0.654751
2857,router_0_7,router_4_5,3.6000,0.652706
2858,router_0_7,router_3_5,4.1001,0.696396
2859,router_1_7,router_3_5,3.7001,0.753748
2860,router_1_7,router_3_5,5.9001,0.747341
2861,router_1_7,router_3_5,3.4001,0.753076
2862,router_1_7,router_2_5,2.2000,0.812586
2863,router_2_7,router_2_5,1.3000,0.877627
2864,router_2_7,router_2_5,4.3001,0.872625
2865,router_2_7,router_2_5,2.3001,0.877627
2866,router_2_7,router_1_5,1.9000,0.811761
2867,router_3_7,router_1_5,4.4001,0.748137
2868,router_3_7,router_1_5,2.4000,0.754151
2869,router_3_7,router_1_5,2.9000,0.753479
2870,router_3_7,router_0_5,3.1000,0.700042
2871,router_4_7,router_0_5,4.1001,0.652276
2872,router_4_7,router_0_5,4.6001,0.650136
2873,router_4_7,router_0_5,2.6000,0.656048
2874,router_4_7,router_7_4,4.1001,0.652276
2875,router_5_7,router_7_4,3.1000,0.700462
2876,router_5_7,router_7_4,5.1001,0.694614
2877,router_5_7,router_7_4,3.7001,0.698544
2878,router_5_7,router_6_4,3.4001,0.750667
2879,router_6_7,router_6_4,4.6001,0.808922
2880,router_6_7,router_6_4,3.9001,0.810265
2881,router_6_7,router_6_4,5.9001,0.801372
2882,router_6_7,router_5_4,4.9001,0.746810
2883,router_7_7,router_5_4,3.1000,0.701244
2884,router_7_7,router_5_4,5.6001,0.694081
2885,router_7_7,router_5_4,5.1001,0.694081
2886,router_7_7,router_4_4,3.6000,0.653350
2887,router_2_6,router_1_6,0.5000,0.949813
2888,router_2_6,router_1_6,1.0000,0.949813
2889,router_3_6,router_1_6,3.3001,0.875121
2890,router_3_6,router_1_6,1.8000,0.877627
2891,router_3_6,router_0_6,1.4000,0.813261
2892,router_3_6,router_0_6,1.6000,0.813412
2893,router_4_6,router_0_6,3.4001,0.750801
2894,router_4_6,router_0_6,3.9001,0.752808
2895,router_4_6,router_7_5,2.9000,0.752406
2896,router_4_6,router_7_5,2.5000,0.753613
2897,router_5_6,router_7_5,2.2000,0.812436
2898,router_5_6,router_7_5,1.9000,0.812736
2899,router_5_6,router_6_5,3.8001,0.873290
2900,router_5_6,router_6_5,2.3001,0.878464
2901,router_6_6,router_6_5,0.5000,0.949813
2902,router_6_6,router_6_5,2.0001,0.949813
2903,router_6_6,router_5_5,3.3001,0.875121
2904,router_6_6,router_5_5,2.8001,0.876790
2905,router_7_6,router_5_5,3.6001,0.811162
2906,router_7_6,router_5_5,4.4001,0.808029
2907,router_7_6,router_4_5,1.9000,0.754824
2908,router_7_6,router_4_5,2.4000,0.754151
2909,router_0_7,router_4_5,4.1001,0.652169
2910,router_0_7,router_4_5,3.6000,0.653135
2911,router_0_7,router_3_5,3.2001,0.701665
2912,router_0_7,router_3_5,5.7001,0.691307
2913,router_1_7,router_3_5,3.7001,0.752540
2914,router_1_7,router_3_5,2.1000,0.754151
2915,router_1_7,router_2_5,3.9001,0.806914
2916,router_1_7,router_2_5,3.4001,0.809444
2917,router_2_7,router_2_5,1.3000,0.877627
2918,router_2_7,router_2_5,1.3000,0.877627
2919,router_2_7,router_1_5,1.9000,0.812511
2920,router_2_7,router_1_5,2.4000,0.810265
2921,router_3_7,router_1_5,1.9000,0.755497
2922,router_3_7,router_1_5,3.4001,0.752138
2923,router_3_7,router_0_5,4.6001,0.697051
2924,router_3_7,router_0_5,4.1001,0.697648
2925,router_4_7,router_0_5,4.1001,0.651740
2926,router_4_7,router_0_5,3.1000,0.654967
2927,router_4_7,router_7_4,5.9001,0.646736
2928,router_4_7,router_7_4,3.3000,0.653781
2929,router_5_7,router_7_4,5.1001,0.692957
2930,router_5_7,router_7_4,4.5001,0.698425
2931,router_5_7,router_6_4,3.9001,0.750400
2932,router_5_7,router_6_4,2.9000,0.753345
2933,router_6_7,router_6_4,3.9001,0.806543
2934,router_6_7,router_6_4,2.9000,0.810265
2935,router_6_7,router_5_4,6.4001,0.744168
2936,router_6_7,router_5_4,3.9001,0.749467
2937,router_7_7,router_5_4,4.1001,0.696456
2938,router_7_7,router_5_4,4.1001,0.697648
2939,router_7_7,router_4_4,4.1001,0.651205
2940,router_7_7,router_4_4,5.1001,0.649071
2941,router_2_6,router_1_6,2.5001,0.949813
2942,router_2_6,router_1_6,0.5000,0.949813
2943,router_2_6,router_1_6,0.5000,0.949813
2944,router_3_6,router_1_6,3.8001,0.873456
2945,router_3_6,router_0_6,2.4000,0.812511
2946,router_3_6,router_0_6,1.6000,0.813412
2947,router_3_6,router_0_6,4.4001,0.807285
2948,router_4_6,router_0_6,1.9000,0.755497
2949,router_4_6,router_7_5,4.1001,0.749867
2950,router_4_6,router_7_5,2.4000,0.753748
2951,router_4_6,router_7_5,3.4001,0.751068
2952,router_5_6,router_7_5,4.9001,0.804986
2953,router_5_6,router_6_5,3.3001,0.874788
2954,router_5_6,router_6_5,1.3000,0.877459
2955,router_5_6,router_6_5,0.8000,0.878296
2956,router_6_6,router_6_5,0.5000,0.949813
2957,router_6_6,router_5_5,2.3001,0.875955
2958,router_6_6,router_5_5,2.3001,0.875955
2959,router_6_6,router_5_5,2.3001,0.875955
2960,router_7_6,router_5_5,3.1001,0.811162
2961,router_7_6,router_4_5,1.4000,0.756172
2962,router_7_6,router_4_5,3.9001,0.749467
2963,router_7_6,router_4_5,1.4000,0.756172
2964,router_0_7,router_4_5,5.1001,0.649816
2965,router_0_7,router_3_5,3.6000,0.699143
2966,router_0_7,router_3_5,6.1001,0.693194
2967,router_0_7,router_3_5,2.9000,0.702147
2968,router_1_7,router_3_5,4.9001,0.747208
2969,router_1_7,router_2_5,2.4000,0.810191
2970,router_1_7,router_2_5,3.9001,0.808103
2971,router_1_7,router_2_5,2.9000,0.810041
2972,router_2_7,router_2_5,5.3001,0.870967
2973,router_2_7,router_1_5,3.9001,0.808029
2974,router_2_7,router_1_5,1.6000,0.813412
2975,router_2_7,router_1_5,2.4000,0.811013
2976,router_3_7,router_1_5,2.4000,0.754151
2977,router_3_7,router_0_5,4.6001,0.697051
2978,router_3_7,router_0_5,6.6001,0.691130
2979,router_3_7,router_0_5,6.6001,0.687615
2980,router_4_7,router_0_5,4.6001,0.651205
2981,router_4_7,router_7_4,4.1001,0.651098
2982,router_4_7,router_7_4,4.1001,0.652169
2983,router_4_7,router_7_4,5.5001,0.647054
2984,router_5_7,router_7_4,2.9000,0.700823
2985,router_5_7,router_6_4,3.4001,0.752272
2986,router_5_7,router_6_4,2.9000,0.752674
2987,router_5_7,router_6_4,1.9000,0.755497
2988,router_6_7,router_6_4,1.4000,0.813261
2989,router_6_7,router_5_4,7.9002,0.739577
2990,router_6_7,router_5_4,3.9001,0.750801
2991,router_6_7,router_5_4,3.4001,0.752808
2992,router_7_7,router_5_4,4.6001,0.698843
2993,router_7_7,router_4_4,4.5001,0.653566
2994,router_7_7,router_4_4,4.1001,0.651740
2995,router_7_7,router_4_4,4.1001,0.651740
2997,router_2_6,router_1_6,0.5000,0.949813
2998,router_2_6,router_1_6,3.5001,0.949813
2999,router_2_6,router_1_6,1.0000,0.949813
2999,router_2_6,router_1_6,1.0000,0.949813
3000,router_3_6,router_0_6,3.4001,0.808773
3001,router_3_6,router_0_6,2.9000,0.808773
3002,router_3_6,router_0_6,2.4000,0.810265
3003,router_3_6,router_0_6,2.1000,0.812661
3004,router_4_6,router_7_5,2.5001,0.752942
3005,router_4_6,router_7_5,3.4001,0.751603
3006,router_4_6,router_7_5,5.4001,0.746810
3007,router_4_6,router_7_5,2.5000,0.753748
3008,router_5_6,router_6_5,1.1000,0.877961
3009,router_5_6,router_6_5,1.3000,0.877459
3010,router_5_6,router_6_5,1.3000,0.877459
3011,router_5_6,router_6_5,0.8000,0.878296
3012,router_6_6,router_5_5,1.3000,0.878464
3013,router_6_6,router_5_5,1.3000,0.878464
3014,router_6_6,router_5_5,1.3000,0.877627
3015,router_6_6,router_5_5,1.8000,0.877627
3016,router_7_6,router_4_5,4.9001,0.746810
3017,router_7_6,router_4_5,2.9000,0.752138
3018,router_7_6,router_4_5,3.4001,0.750801
3019,router_7_6,router_4_5,2.4000,0.753479
3020,router_0_7,router_3_5,3.1000,0.699982
3021,router_0_7,router_3_5,5.1001,0.695207
3022,router_0_7,router_3_5,3.1000,0.700582
3023,router_0_7,router_3_5,4.5001,0.695564
3024,router_1_7,router_2_5,3.9001,0.807508
3025,router_1_7,router_2_5,2.9000,0.809892
3026,router_1_7,router_2_5,2.6001,0.811986
3027,router_1_7,router_2_5,2.9001,0.809892
3028,router_2_7,router_1_5,3.4001,0.808029
3029,router_2_7,router_1_5,2.1000,0.812661
3030,router_2_7,router_1_5,1.9000,0.811761
3031,router_2_7,router_1_5,2.9000,0.808773
3032,router_3_7,router_0_5,3.6000,0.698245
3033,router_3_7,router_0_5,3.6000,0.698245
3034,router_3_7,router_0_5,6.6001,0.688199
3035,router_3_7,router_0_5,4.6001,0.695267
3036,router_4_7,router_7_4,3.7001,0.653566
3037,router_4_7,router_7_4,3.5001,0.655724
3038,router_4_7,router_7_4,3.1000,0.655183
3039,router_4_7,router_7_4,4.1001,0.651954
3040,router_5_7,router_6_4,2.5001,0.753211
3041,router_5_7,router_6_4,4.4001,0.749467
3042,router_5_7,router_6_4,2.9000,0.753479
3043,router_5_7,router_6_4,3.4001,0.752138
3044,router_6_7,router_5_4,2.9000,0.752138
3045,router_6_7,router_5_4,3.9001,0.750801
3046,router_6_7,router_5_4,2.4000,0.753479
3047,router_6_7,router_5_4,3.4001,0.750801
3048,router_7_7,router_4_4,3.6000,0.653889
3049,router_7_7,router_4_4,5.1001,0.649071
3050,router_7_7,router_4_4,4.6001,0.651740
3051,router_7_7,router_4_4,5.1001,0.649071
3052,router_2_6,router_1_6,2.5001,0.949813
3052,router_2_6,router_1_6,1.0000,0.949813
3053,router_2_6,router_1_6,0.5000,0.949813
3055,router_2_6,router_0_6,0.8000,0.878464
3056,router_3_6,router_0_6,3.9001,0.807285
3057,router_3_6,router_0_6,2.4000,0.813261
3058,router_3_6,router_0_6,2.6000,0.811911
3059,router_3_6,router_7_5,3.6000,0.698544
3060,router_4_6,router_7_5,4.1001,0.752406
3061,router_4_6,router_7_5,2.5000,0.752942
3062,router_4_6,router_7_5,3.7001,0.750267
3063,router_4_6,router_6_5,2.1000,0.812436
3064,router_5_6,router_6_5,1.8001,0.877961
3065,router_5_6,router_6_5,1.5000,0.878129
3066,router_5_6,router_6_5,1.3000,0.877459
3067,router_5_6,router_5_5,0.5000,0.949813
3068,router_6_6,router_5_5,2.3001,0.876790
3069,router_6_6,router_5_5,2.3001,0.875955
3070,router_6_6,router_5_5,1.8000,0.877627
3071,router_6_6,router_4_5,2.4000,0.811013
3072,router_7_6,router_4_5,3.4001,0.752138
3073,router_7_6,router_4_5,2.4000,0.754151
3074,router_7_6,router_4_5,2.9000,0.752138
3075,router_7_6,router_3_5,5.1001,0.696456
3076,router_0_7,router_3_5,6.1001,0.692131
3077,router_0_7,router_3_5,4.1001,0.696396
3078,router_0_7,router_3_5,8.6002,0.681186
3079,router_0_7,router_2_5,2.4000,0.754554
3080,router_1_7,router_2_5,3.9001,0.808401
3081,router_1_7,router_2_5,2.9000,0.810041
3082,router_1_7,router_2_5,1.4000,0.813186
3083,router_1_7,router_1_5,2.3000,0.876790
3084,router_2_7,router_1_5,1.9000,0.811761
3085,router_2_7,router_1_5,3.4001,0.811013
3086,router_2_7,router_1_5,7.6002,0.804469
3087,router_2_7,router_0_5,2.9001,0.753479
3088,router_3_7,router_0_5,5.6001,0.691719
3089,router_3_7,router_0_5,3.6000,0.698245
3090,router_3_7,router_0_5,3.7001,0.701605
3091,router_3_7,router_7_4,4.6001,0.609341
3092,router_4_7,router_7_4,4.5001,0.650457
3093,router_4_7,router_7_4,3.6000,0.652706
3094,router_4_7,router_7_4,11.6003,0.628950
3095,router_4_7,router_6_4,5.6001,0.691660
3096,router_5_7,router_6_4,2.4000,0.753882
3097,router_5_7,router_6_4,2.4000,0.753345
3098,router_5_7,router_6_4,2.9000,0.752004
3099,router_5_7,router_5_4,3.9001,0.808029
3100,router_6_7,router_5_4,3.4001,0.752138
3101,router_6_7,router_5_4,2.9000,0.752808
3102,router_6_7,router_5_4,2.4000,0.754151
3103,router_6_7,router_4_4,5.2001,0.696813
3104,router_7_7,router_4_4,3.1000,0.654427
3105,router_7_7,router_4_4,7.5002,0.642946
3106,router_7_7,router_4_4,4.6001,0.649603
3107,router_7_7,router_3_4,5.1001,0.607191
3108,router_2_6,router_1_6,0.5000,0.949813
3108,router_2_6,router_1_6,1.0000,0.949813
3110,router_2_6,router_0_6,3.8001,0.874288
3111,router_2_6,router_0_6,2.8001,0.875121
3112,router_3_6,router_0_6,1.4000,0.813261
3113,router_3_6,router_0_6,1.9000,0.812511
3114,router_3_6,router_7_5,2.9000,0.700702
3115,router_3_6,router_7_5,2.9000,0.700702
3116,router_4_6,router_7_5,2.1000,0.754554
3117,router_4_6,router_7_5,3.3001,0.752406
3118,router_4_6,router_6_5,1.9000,0.812136
3119,router_4_6,router_6_5,3.7001,0.806320
3120,router_5_6,router_6_5,3.3001,0.875454
3121,router_5_6,router_6_5,1.9000,0.876623
3123,router_5_6,router_5_5,0.5000,0.949813
3123,router_5_6,router_5_5,4.0001,0.949813
3124,router_6_6,router_5_5,1.3000,0.878464
3125,router_6_6,router_5_5,2.3001,0.875955
3126,router_6_6,router_4_5,2.9001,0.810265
3127,router_6_6,router_4_5,3.9001,0.805801
3128,router_7_6,router_4_5,1.9000,0.754824
3129,router_7_6,router_4_5,6.9002,0.742195
3130,router_7_6,router_3_5,4.1001,0.697051
3131,router_7_6,router_3_5,8.6002,0.681819
3132,router_0_7,router_3_5,3.3000,0.699263
3133,router_0_7,router_3_5,4.6001,0.695089
3134,router_0_7,router_2_5,4.1001,0.748802
3135,router_0_7,router_2_5,3.4001,0.750667
3136,router_1_7,router_2_5,1.4000,0.813186
3137,router_1_7,router_2_5,1.4000,0.813186
3138,router_1_7,router_1_5,0.8000,0.878464
3139,router_1_7,router_1_5,1.8000,0.877627
3140,router_2_7,router_1_5,3.9001,0.805801
3141,router_2_7,router_1_5,2.4000,0.811013
3142,router_2_7,router_0_5,2.9000,0.752138
3143,router_2_7,router_0_5,2.4000,0.754151
3144,router_3_7,router_0_5,3.1000,0.700042
3145,router_3_7,router_0_5,3.6000,0.698843
3146,router_3_7,router_7_4,4.1000,0.610012
3147,router_3_7,router_7_4,4.6001,0.610685
3148,router_4_7,router_7_4,3.7001,0.652920
3149,router_4_7,router_7_4,3.7001,0.653566
3150,router_4_7,router_6_4,2.6000,0.702268
3151,router_4_7,router_6_4,5.1001,0.692839
3152,router_5_7,router_6_4,2.9001,0.752004
3153,router_5_7,router_6_4,2.9000,0.752004
3154,router_5_7,router_5_4,2.9000,0.810265
3155,router_5_7,router_5_4,4.4001,0.808773
3156,router_6_7,router_5_4,3.4001,0.752808
3157,router_6_7,router_5_4,1.9000,0.754824
3158,router_6_7,router_4_4,3.6000,0.698843
3159,router_6_7,router_4_4,3.6000,0.698843
3160,router_7_7,router_4_4,4.9001,0.649710
3161,router_7_7,router_4_4,4.1001,0.652813
3162,router_7_7,router_3_4,5.3001,0.608527
3163,router_7_7,router_3_4,6.6001,0.604345
3164,router_2_6,router_1_6,1.0000,0.949813
3165,router_2_6,router_0_6,1.3000,0.877627
3166,router_2_6,router_0_6,5.8001,0.870140
3167,router_2_6,router_0_6,1.8000,0.876790
3168,router_3_6,router_0_6,1.4000,0.813261
3169,router_3_6,router_7_5,2.9000,0.701183
3170,router_3_6,router_7_5,3.3001,0.699143
3171,router_3_6,router_7_5,4.1001,0.696277
3172,router_4_6,router_7_5,2.4000,0.754285
3173,router_4_6,router_6_5,2.1000,0.811836
3174,router_4_6,router_6_5,1.9000,0.812136
3175,router_4_6,router_6_5,1.4000,0.813036
3176,router_5_6,router_6_5,1.8001,0.877292
3177,router_5_6,router_5_5,0.5000,0.949813
3177,router_5_6,router_5_5,0.5000,0.949813
3179,router_5_6,router_5_5,3.5001,0.949813
3180,router_6_6,router_5_5,2.8001,0.875121
3181,router_6_6,router_4_5,2.4000,0.811013
3182,router_6_6,router_4_5,2.9000,0.808773
3183,router_6_6,router_4_5,3.4001,0.808029
3184,router_7_6,router_4_5,5.4001,0.745487
3185,router_7_6,router_3_5,4.2001,0.700402
3186,router_7_6,router_3_5,3.1000,0.701244
3187,router_7_6,router_3_5,4.2001,0.699202
3188,router_0_7,router_3_5,4.6001,0.699143
3189,router_0_7,router_2_5,1.9000,0.754689
3190,router_0_7,router_2_5,2.9001,0.754285
3191,router_0_7,router_2_5,2.9000,0.752674
3192,router_1_7,router_2_5,4.9001,0.803361
3193,router_1_7,router_1_5,1.3000,0.877627
3194,router_1_7,router_1_5,1.8000,0.877627
3195,router_1_7,router_1_5,1.3000,0.877627
3196,router_2_7,router_1_5,1.4000,0.813261
3197,router_2_7,router_0_5,1.9000,0.754824
3198,router_2_7,router_0_5,4.9001,0.747473
3199,router_2_7,router_0_5,3.4001,0.751469
3200,router_3_7,router_0_5,4.1001,0.698843
3201,router_3_7,router_7_4,3.6000,0.611744
3202,router_3_7,router_7_4,4.9001,0.606002
3203,router_3_7,router_7_4,7.7002,0.603260
3204,router_4_7,router_7_4,3.6000,0.653243
3205,router_4_7,router_6_4,4.9001,0.694140
3206,router_4_7,router_6_4,4.5001,0.695089
3207,router_4_7,router_6_4,5.1001,0.694022
3208,router_5_7,router_6_4,3.4001,0.750667
3209,router_5_7,router_5_4,1.9000,0.813261
3210,router_5_7,router_5_4,2.4000,0.811013
3211,router_5_7,router_5_4,1.9000,0.812511
3212,router_6_7,router_5_4,4.9001,0.747473
3213,router_6_7,router_4_4,3.1000,0.700642
3214,router_6_7,router_4_4,3.6000,0.698843
3215,router_6_7,router_4_4,5.1001,0.692898
3216,router_7_7,router_4_4,4.6001,0.650136
3217,router_7_7,router_3_4,7.1001,0.601990
3218,router_7_7,router_3_4,3.1000,0.612952
3219,router_7_7,router_3_4,3.6000,0.611985
3220,router_2_6,router_0_6,0.8000,0.878464
3221,router_2_6,router_0_6,1.8000,0.876790
3222,router_2_6,router_0_6,0.8000,0.878464
3223,router_2_6,router_0_6,0.8000,0.878464
3224,router_3_6,router_7_5,4.9001,0.694377
3225,router_3_6,router_7_5,4.1001,0.698664
3226,router_3_6,router_7_5,3.3001,0.699143
3227,router_3_6,router_7_5,5.3001,0.693785
3228,router_4_6,router_6_5,4.6001,0.808848
3229,router_4_6,router_6_5,7.4002,0.796468
3230,router_4_6,router_6_5,2.5000,0.810489
3231,router_4_6,router_6_5,3.4001,0.810041
3232,router_5_6,router_5_5,4.0001,0.949813
3233,router_5_6,router_5_5,2.0000,0.949813
3234,router_5_6,router_5_5,0.5000,0.949813
3235,router_5_6,router_5_5,1.0000,0.949813
3236,router_6_6,router_4_5,2.4000,0.811761
3237,router_6_6,router_4_5,3.4001,0.809519
3238,router_6_6,router_4_5,1.9000,0.812511
3239,router_6_6,router_4_5,1.9000,0.812511
3240,router_7_6,router_3_5,3.6000,0.698843
3241,router_7_6,router_3_5,3.6000,0.700642
3242,router_7_6,router_3_5,2.6000,0.702449
3243,router_7_6,router_3_5,4.1001,0.698843
3244,router_0_7,router_2_5,1.9000,0.754689
3245,router_0_7,router_2_5,2.4000,0.753345
3246,router_0_7,router_2_5,3.4001,0.752272
3247,router_0_7,router_2_5,3.4001,0.752540
3248,router_1_7,router_1_5,1.3000,0.877627
3249,router_1_7,router_1_5,1.8000,0.877627
3250,router_1_7,router_1_5,3.3001,0.875121
3251,router_1_7,router_1_5,1.3000,0.877627
3252,router_2_7,router_0_5,4.4001,0.748137
3253,router_2_7,router_0_5,1.9000,0.754824
3254,router_2_7,router_0_5,3.9001,0.752138
3255,router_2_7,router_0_5,2.9000,0.752138
3256,router_3_7,router_7_4,5.1001,0.606287
3257,router_3_7,router_7_4,4.6001,0.608957
3258,router_3_7,router_7_4,4.1001,0.609341
3259,router_3_7,router_7_4,4.9001,0.606572
3260,router_4_7,router_6_4,3.1000,0.700943
3261,router_4_7,router_6_4,3.1000,0.700582
3262,router_4_7,router_6_4,8.1002,0.687907
3263,router_4_7,router_6_4,3.7001,0.699982
3264,router_5_7,router_5_4,1.9000,0.811761
3265,router_5_7,router_5_4,2.4000,0.811761
3266,router_5_7,router_5_4,4.4001,0.806543
3267,router_5_7,router_5_4,1.9000,0.812511
3268,router_6_7,router_4_4,4.6001,0.698245
3269,router_6_7,router_4_4,4.1001,0.697648
3270,router_6_7,router_4_4,3.6000,0.698245
3271,router_6_7,router_4_4,4.1001,0.696456
3272,router_7_7,router_3_4,4.1001,0.610060
3273,router_7_7,router_3_4,6.3001,0.606620
3274,router_7_7,router_3_4,3.1000,0.612468
3275,router_7_7,router_3_4,5.3001,0.609005
3276,router_1_6,router_0_6,0.5000,0.949813
3277,router_2_6,router_0_6,1.8000,0.877627
3278,router_2_6,router_0_6,0.8000,0.878464
3279,router_2_6,router_0_6,1.3000,0.877627
3280,router_2_6,router_7_5,4.3001,0.652491
3281,router_3_6,router_7_5,5.3001,0.695207
3282,router_3_6,router_7_5,3.3001,0.700702
3283,router_3_6,router_7_5,6.6001,0.688842
3284,router_3_6,router_6_5,2.5001,0.752942
3285,router_4_6,router_6_5,1.9000,0.811537
3286,router_4_6,router_6_5,2.5000,0.810639
3287,router_4_6,router_6_5,2.5000,0.809892
3288,router_4_6,router_5_5,1.9000,0.876623
3289,router_5_6,router_5_5,2.0000,0.949813
3290,router_5_6,router_5_5,0.5000,0.949813
3291,router_5_6,router_5_5,1.5000,0.949813
3292,router_5_6,router_4_5,1.3000,0.877627
3293,router_6_6,router_4_5,2.4000,0.810265
3294,router_6_6,router_4_5,2.9000,0.809519
3295,router_6_6,router_4_5,6.4001,0.798439
3296,router_6_6,router_3_5,3.4001,0.751469
3297,router_7_6,router_3_5,4.6001,0.698245
3298,router_7_6,router_3_5,4.1001,0.698245
3299,router_7_6,router_3_5,3.6000,0.700042
3300,router_7_6,router_2_5,4.5001,0.651419
3301,router_0_7,router_2_5,5.3000,0.747208
3302,router_0_7,router_2_5,3.7001,0.751603
3303,router_0_7,router_2_5,1.9000,0.754689
3304,router_0_7,router_1_5,3.4001,0.807805
3305,router_1_7,router_1_5,1.3000,0.877627
3306,router_1_7,router_1_5,2.3001,0.875955
3307,router_1_7,router_1_5,1.3000,0.877627
3308,router_1_7,router_0_5,2.1000,0.812661
3309,router_2_7,router_0_5,3.4001,0.750801
3310,router_2_7,router_0_5,2.4000,0.753479
3311,router_2_7,router_0_5,3.4001,0.751469
3312,router_2_7,router_7_4,5.6001,0.568940
3313,router_3_7,router_7_4,3.6000,0.612130
3314,router_3_7,router_7_4,3.8001,0.612227
3315,router_3_7,router_7_4,3.1000,0.613873
3316,router_3_7,router_6_4,5.1001,0.649390
3317,router_4_7,router_6_4,4.6001,0.695683
3318,router_4_7,router_6_4,3.1000,0.701063
3319,router_4_7,router_6_4,5.1001,0.695801
3320,router_4_7,router_5_4,3.3001,0.751068
3321,router_5_7,router_5_4,3.9001,0.808029
3322,router_5_7,router_5_4,3.9001,0.805801
3323,router_5_7,router_5_4,1.9000,0.812511
3324,router_5_7,router_4_4,2.9000,0.752138
3325,router_6_7,router_4_4,3.6000,0.699442
3326,router_6_7,router_4_4,5.6001,0.694673
3327,router_6_7,router_4_4,4.1001,0.698843
3328,router_6_7,router_3_4,7.0001,0.647690
3329,router_7_7,router_3_4,5.3001,0.609484
3330,router_7_7,router_3_4,6.6001,0.600118
3331,router_7_7,router_3_4,4.6001,0.610348
3332,router_7_7,router_2_4,5.1001,0.571416
3333,router_1_6,router_0_6,2.0001,0.949813
3334,router_1_6,router_0_6,2.5001,0.949813
3335,router_2_6,router_0_6,1.8000,0.877627
3336,router_2_6,router_0_6,1.3000,0.877627
3337,router_2_6,router_7_5,5.3001,0.647690
3338,router_2_6,router_7_5,4.6001,0.651098
3339,router_3_6,router_7_5,2.9000,0.700702
3340,router_3_6,router_7_5,3.6000,0.698544
3341,router_3_6,router_6_5,3.3001,0.751469
3342,router_3_6,router_6_5,2.9001,0.753211
3343,router_4_6,router_6_5,4.1000,0.811537
3344,router_4_6,router_6_5,1.7000,0.812886
3345,router_4_6,router_5_5,1.5000,0.877292
3346,router_4_6,router_5_5,1.1000,0.877961
3347,router_5_6,router_5_5,1.0000,0.949813
3348,router_5_6,router_5_5,2.5001,0.949813
3349,router_5_6,router_4_5,2.8001,0.875955
3350,router_5_6,router_4_5,3.3001,0.874288
3351,router_6_6,router_4_5,3.9001,0.805801
3352,router_6_6,router_4_5,1.9000,0.811761
3353,router_6_6,router_3_5,4.4001,0.750134
3354,router_6_6,router_3_5,2.4000,0.753479
3355,router_7_6,router_3_5,4.1001,0.697051
3356,router_7_6,router_3_5,4.6001,0.696456
3357,router_7_6,router_2_5,5.6001,0.647478
3358,router_7_6,router_2_5,3.1000,0.654967
3359,router_0_7,router_2_5,2.1000,0.755228
3360,router_0_7,router_2_5,2.5001,0.754285
3361,router_0_7,router_1_5,1.4000,0.813186
3362,router_0_7,router_1_5,2.6001,0.811986
3363,router_1_7,router_1_5,1.8000,0.876790
3364,router_1_7,router_1_5,1.8000,0.878464
3365,router_1_7,router_0_5,3.6001,0.811162
3366,router_1_7,router_0_5,2.4000,0.810265
3367,router_2_7,router_0_5,4.4001,0.748137
3368,router_2_7,router_0_5,2.4000,0.754151
3369,router_2_7,router_7_4,4.1001,0.573997
3370,router_2_7,router_7_4,4.9001,0.571502
3371,router_3_7,router_7_4,4.1001,0.608384
3372,router_3_7,router_7_4,3.6000,0.612227
3373,router_3_7,router_6_4,8.5002,0.639399
3374,router_3_7,router_6_4,4.6001,0.649923
3375,router_4_7,router_6_4,4.1001,0.698185
3376,router_4_7,router_6_4,5.1001,0.693548
3377,router_4_7,router_5_4,2.9001,0.754151
3378,router_4_7,router_5_4,2.9000,0.752138
3379,router_5_7,router_5_4,2.9000,0.809519
3380,router_5_7,router_5_4,3.1001,0.811162
3381,router_5_7,router_4_4,2.4000,0.754151
3382,router_5_7,router_4_4,2.4000,0.754151
3383,router_6_7,router_4_4,4.7001,0.698604
3384,router_6_7,router_4_4,6.1001,0.692308
3385,router_6_7,router_3_4,6.6001,0.643785
3386,router_6_7,router_3_4,4.1001,0.651205
3387,router_7_7,router_3_4,5.6001,0.605291
3388,router_7_7,router_3_4,4.1001,0.611792
3389,router_7_7,router_2_4,3.6000,0.574430
3390,router_7_7,router_2_4,3.6000,0.574863
3392,router_1_6,router_0_6,0.5000,0.949813
3393,router_1_6,router_0_6,1.5000,0.949813
3393,router_1_6,router_0_6,2.0000,0.949813
3394,router_2_6,router_0_6,1.3000,0.877627
3395,router_2_6,router_7_5,2.9000,0.655291
3396,router_2_6,router_7_5,3.3001,0.654859
3397,router_2_6,router_7_5,4.1001,0.653458
3398,router_3_6,router_7_5,3.3001,0.699742
3399,router_3_6,router_6_5,2.9001,0.752406
3400,router_3_6,router_6_5,9.4002,0.734770
3401,router_3_6,router_6_5,2.1000,0.754554
3402,router_4_6,router_6_5,3.4001,0.808252
3403,router_4_6,router_5_5,1.1000,0.877961
3404,router_4_6,router_5_5,4.3001,0.873124
3405,router_4_6,router_5_5,1.1000,0.877961
3406,router_5_6,router_5_5,1.5000,0.949813
3407,router_5_6,router_4_5,1.3000,0.878464
3408,router_5_6,router_4_5,2.8001,0.876790
3409,router_5_6,router_4_5,2.3001,0.876790
3410,router_6_6,router_4_5,3.4001,0.810265
3411,router_6_6,router_3_5,5.4001,0.745487
3412,router_6_6,router_3_5,3.4001,0.754151
3413,router_6_6,router_3_5,3.4001,0.752808
3414,router_7_6,router_3_5,4.6001,0.697648
3415,router_7_6,router_2_5,3.1000,0.654427
3416,router_7_6,router_2_5,3.1000,0.654427
3417,router_7_6,router_2_5,4.6001,0.652276
3418,router_0_7,router_2_5,4.4001,0.751202
3419,router_0_7,router_1_5,1.8000,0.813186
3420,router_0_7,router_1_5,3.4001,0.807211
3421,router_0_7,router_1_5,3.0001,0.811387
3422,router_1_7,router_1_5,2.3001,0.876790
3423,router_1_7,router_0_5,1.6000,0.813412
3424,router_1_7,router_0_5,2.4000,0.810265
3425,router_1_7,router_0_5,3.4001,0.807285
3426,router_2_7,router_0_5,2.9000,0.752808
3427,router_2_7,router_7_4,5.6001,0.570133
3428,router_2_7,router_7_4,3.3001,0.575296
3429,router_2_7,router_7_4,6.1001,0.568005
3430,router_3_7,router_7_4,4.1001,0.610877
3431,router_3_7,router_6_4,5.1001,0.650457
3432,router_3_7,router_6_4,4.6001,0.649497
3433,router_3_7,router_6_4,4.1001,0.651205
3434,router_4_7,router_6_4,4.1001,0.697350
3435,router_4_7,router_5_4,1.4000,0.756037
3436,router_4_7,router_5_4,4.4001,0.750134
3437,router_4_7,router_5_4,2.9001,0.752138
3438,router_5_7,router_5_4,1.4000,0.813261
3439,router_5_7,router_4_4,3.9001,0.751469
3440,router_5_7,router_4_4,2.9000,0.754151
3441,router_5_7,router_4_4,4.9001,0.748137
3442,router_6_7,router_4_4,3.6000,0.698245
3443,router_6_7,router_3_4,5.0001,0.650350
3444,router_6_7,router_3_4,7.6001,0.641168
3445,router_6_7,router_3_4,4.6001,0.650670
3446,router_7_7,router_3_4,3.6000,0.611503
3447,router_7_7,router_2_4,5.6001,0.570560
3448,router_7_7,router_2_4,5.6001,0.569706
3449,router_7_7,router_2_4,5.6001,0.570560
3450,router_1_6,router_0_6,1.0000,0.949813
3451,router_1_6,router_0_6,2.0001,0.949813
3452,router_1_6,router_0_6,0.5000,0.949813
3453,router_1_6,router_0_6,2.0000,0.949813
3454,router_2_6,router_7_5,2.9000,0.655399
3455,router_2_6,router_7_5,2.6000,0.656265
3456,router_2_6,router_7_5,3.9001,0.653458
3457,router_2_6,router_7_5,3.3000,0.653673
3458,router_3_6,router_6_5,1.4000,0.755902
3459,router_3_6,router_6_5,2.5000,0.754958
3460,router_3_6,router_6_5,1.7000,0.755093
3461,router_3_6,router_6_5,1.9000,0.755632
3462,router_4_6,router_5_5,2.8001,0.874954
3463,router_4_6,router_5_5,1.8000,0.877292
3464,router_4_6,router_5_5,1.9001,0.876623
3465,router_4_6,router_5_5,5.3001,0.876790
3466,router_5_6,router_4_5,1.3000,0.878464
3467,router_5_6,router_4_5,1.3000,0.878464
3468,router_5_6,router_4_5,3.3001,0.874288
3469,router_5_6,router_4_5,3.8001,0.876790
3470,router_6_6,router_3_5,2.9001,0.754824
3471,router_6_6,router_3_5,2.9000,0.752138
3472,router_6_6,router_3_5,2.9000,0.752138
3473,router_6_6,router_3_5,2.4000,0.754824
3474,router_7_6,router_2_5,3.6000,0.653350
3475,router_7_6,router_2_5,5.1001,0.648008
3476,router_7_6,router_2_5,3.6000,0.653889
3477,router_7_6,router_2_5,4.1001,0.651740
3478,router_0_7,router_1_5,2.9001,0.808699
3479,router_0_7,router_1_5,4.4001,0.804838
3480,router_0_7,router_1_5,3.4001,0.810788
3481,router_0_7,router_1_5,1.8000,0.813186
3482,router_1_7,router_0_5,2.6000,0.812661
3483,router_1_7,router_0_5,2.9001,0.809519
3484,router_1_7,router_0_5,3.4001,0.808773
3485,router_1_7,router_0_5,1.9000,0.812511
3486,router_2_7,router_7_4,4.1001,0.572790
3487,router_2_7,router_7_4,4.1001,0.573393
3488,router_2_7,router_7_4,4.1001,0.574257
3489,router_2_7,router_7_4,5.6001,0.568855
3490,router_3_7,router_6_4,2.6000,0.655940
3491,router_3_7,router_6_4,5.1001,0.649177
3492,router_3_7,router_6_4,4.1001,0.652276
3493,router_3_7,router_6_4,5.1001,0.647902
3494,router_4_7,router_5_4,2.9001,0.752674
3495,router_4_7,router_5_4,4.4001,0.748137
3496,router_4_7,router_5_4,1.9000,0.754824
3497,router_4_7,router_5_4,1.9000,0.755228
3498,router_5_7,router_4_4,2.4000,0.753479
3499,router_5_7,router_4_4,2.9000,0.752138
3500,router_5_7,router_4_4,3.4001,0.750801
3501,router_5_7,router_4_4,2.4000,0.753479
3502,router_6_7,router_3_4,7.1001,0.644836
3503,router_6_7,router_3_4,4.1001,0.651205
3504,router_6_7,router_3_4,4.6001,0.650670
3505,router_6_7,router_3_4,5.0001,0.651419
3506,router_7_7,router_2_4,6.1001,0.566314
3507,router_7_7,router_2_4,4.1001,0.573566
3508,router_7_7,router_2_4,6.6001,0.565892
3509,router_7_7,router_2_4,4.6001,0.572274
3511,router_1_6,router_0_6,0.5000,0.949813
3512,router_1_6,router_0_6,0.5000,0.949813
3512,router_1_6,router_0_6,5.0001,0.949813
3513,router_1_6,router_7_5,4.5001,0.609053
3514,router_2_6,router_7_5,3.7001,0.652705
3515,router_2_6,router_7_5,4.1001,0.651847
3516,router_2_6,router_7_5,4.1001,0.651098
3517,router_2_6,router_6_5,2.9000,0.700582
3518,router_3_6,router_6_5,3.3001,0.751603
3519,router_3_6,router_6_5,3.3001,0.753211
3520,router_3_6,router_6_5,1.4000,0.755902
3521,router_3_6,router_5_5,2.2000,0.812436
3522,router_4_6,router_5_5,2.8001,0.874954
3523,router_4_6,router_5_5,1.3000,0.877459
3524,router_4_6,router_5_5,1.8000,0.877292
3525,router_4_6,router_4_5,1.0000,0.949813
3526,router_5_6,router_4_5,1.3000,0.877627
3527,router_5_6,router_4_5,0.8000,0.878464
3528,router_5_6,router_4_5,3.3001,0.874288
3529,router_5_6,router_3_5,1.4000,0.813261
3530,router_6_6,router_3_5,2.4000,0.754824
3531,router_6_6,router_3_5,3.9001,0.751469
3532,router_6_6,router_3_5,1.4000,0.756172
3533,router_6_6,router_2_5,5.6001,0.691719
3534,router_7_6,router_2_5,5.6001,0.646948
3535,router_7_6,router_2_5,4.1001,0.652276
3536,router_7_6,router_2_5,3.6000,0.653889
3537,router_7_6,router_1_5,5.1001,0.607191
3538,router_0_7,router_1_5,3.9001,0.807508
3539,router_0_7,router_1_5,3.9001,0.807954
3540,router_0_7,router_1_5,1.9000,0.811686
3541,router_0_7,router_0_5,1.3000,0.877627
3542,router_1_7,router_0_5,3.9001,0.805801
3543,router_1_7,router_0_5,1.9000,0.812511
3544,router_1_7,router_0_5,2.4000,0.813261
3545,router_1_7,router_7_4,8.1001,0.532779
3546,router_2_7,router_7_4,4.1001,0.572876
3547,router_2_7,router_7_4,5.1001,0.570816
3548,router_2_7,router_7_4,4.1001,0.572102
3549,router_2_7,router_6_4,4.2001,0.611455
3550,router_3_7,router_6_4,3.6000,0.653566
3551,router_3_7,router_6_4,5.6001,0.646736
3552,router_3_7,router_6_4,3.6000,0.654535
3553,router_3_7,router_5_4,3.3001,0.699382
3554,router_4_7,router_5_4,4.4001,0.748004
3555,router_4_7,router_5_4,2.9000,0.754151
3556,router_4_7,router_5_4,2.9000,0.752674
3557,router_4_7,router_4_4,4.4001,0.806543
3558,router_5_7,router_4_4,2.9000,0.752808

AVERAGES,,,3.1485,0.772049
E2E_LATENCY,,,13872.0083,
