Request_ID,Source,Destination,Latency_ms,Fidelity
0,router_7_7,router_6_7,1.5000,0.949813
1,router_7_7,router_6_7,0.5000,0.949813
2,router_7_7,router_6_7,1.5000,0.949813
2,router_7_7,router_6_7,2.0000,0.949813
4,router_7_7,router_6_7,1.0000,0.949813
4,router_7_7,router_6_7,1.5000,0.949813
7,router_7_7,router_6_7,0.5000,0.949813
7,router_7_7,router_6_7,0.5000,0.949813
8,router_7_7,router_6_7,2.0000,0.949813
9,router_7_7,router_6_7,3.0001,0.949813
10,router_7_7,router_6_7,0.5000,0.949813
11,router_7_7,router_6_7,1.5000,0.949813
12,router_7_7,router_6_7,0.5000,0.949813
12,router_7_7,router_6_7,0.5000,0.949813
13,router_7_7,router_6_7,0.5000,0.949813
14,router_7_7,router_6_7,0.5000,0.949813
16,router_7_7,router_6_7,1.0000,0.949813
16,router_7_7,router_6_7,0.5000,0.949813
17,router_7_7,router_6_7,0.5000,0.949813
19,router_7_7,router_6_7,0.5000,0.949813
20,router_7_7,router_6_7,1.5000,0.949813
20,router_7_7,router_6_7,0.5000,0.949813
21,router_7_7,router_6_7,1.5000,0.949813
23,router_7_7,router_5_7,4.3001,0.875121
24,router_7_7,router_6_7,0.5000,0.949813
24,router_7_7,router_6_7,2.5001,0.949813
26,router_7_7,router_6_7,1.0000,0.949813
27,router_7_7,router_5_7,1.3000,0.877627
28,router_7_7,router_6_7,1.0000,0.949813
29,router_7_7,router_6_7,0.5000,0.949813
30,router_7_7,router_5_7,2.3001,0.875955
31,router_7_7,router_5_7,0.8000,0.878464
32,router_7_7,router_6_7,1.5000,0.949813
32,router_7_7,router_6_7,0.5000,0.949813
34,router_7_7,router_5_7,1.8000,0.877627
35,router_7_7,router_5_7,2.8001,0.875121
36,router_7_7,router_6_7,2.0000,0.949813
37,router_7_7,router_5_7,1.3000,0.878464
38,router_7_7,router_5_7,1.8000,0.876790
39,router_7_7,router_5_7,0.8000,0.878464
40,router_7_7,router_6_7,1.5000,0.949813
41,router_7_7,router_5_7,0.8000,0.878464
42,router_7_7,router_5_7,0.8000,0.878464
43,router_7_7,router_5_7,1.8000,0.876790
44,router_7_7,router_5_7,1.8000,0.877627
45,router_7_7,router_5_7,3.3001,0.874288
46,router_7_7,router_5_7,1.8000,0.876790
47,router_7_7,router_5_7,1.8000,0.877627
48,router_7_7,router_5_7,2.3001,0.875955
49,router_7_7,router_5_7,2.3001,0.876790
50,router_7_7,router_5_7,2.8001,0.875121
51,router_7_7,router_5_7,2.8001,0.875955
52,router_6_7,router_5_7,1.5000,0.949813
53,router_7_7,router_5_7,0.8000,0.878464
54,router_7_7,router_5_7,0.8000,0.878464
55,router_7_7,router_5_7,1.3000,0.877627
56,router_7_7,router_4_7,4.1001,0.810415
57,router_6_7,router_5_7,1.0000,0.949813
58,router_7_7,router_5_7,1.3000,0.877627
59,router_7_7,router_5_7,2.8001,0.875121
60,router_7_7,router_5_7,1.3000,0.877627
61,router_7_7,router_4_7,3.1001,0.811162
62,router_6_7,router_5_7,1.5000,0.949813
63,router_6_7,router_5_7,0.5000,0.949813
64,router_7_7,router_5_7,0.8000,0.878464
65,router_7_7,router_5_7,1.3000,0.878464
66,router_7_7,router_4_7,2.9001,0.810265
67,router_7_7,router_4_7,2.4000,0.811761
68,router_6_7,router_5_7,0.5000,0.949813
68,router_6_7,router_5_7,2.5001,0.949813
70,router_7_7,router_5_7,2.3001,0.877627
71,router_7_7,router_5_7,1.8000,0.878464
72,router_7_7,router_4_7,6.6002,0.805949
73,router_7_7,router_4_7,2.9001,0.808773
74,router_6_7,router_5_7,1.5000,0.949813
75,router_6_7,router_5_7,3.5001,0.949813
76,router_6_7,router_5_7,1.5000,0.949813
77,router_7_7,router_5_7,0.8000,0.878464
78,router_7_7,router_4_7,2.4000,0.811761
79,router_7_7,router_4_7,2.9000,0.809519
80,router_7_7,router_4_7,3.9001,0.805801
81,router_6_7,router_5_7,2.0000,0.949813
82,router_6_7,router_5_7,0.5000,0.949813
83,router_6_7,router_5_7,1.0000,0.949813
84,router_7_7,router_5_7,1.8000,0.878464
85,router_7_7,router_4_7,3.9001,0.805801
86,router_7_7,router_4_7,3.6001,0.810415
87,router_7_7,router_4_7,3.9001,0.805801
89,router_6_7,router_5_7,0.5000,0.949813
90,router_6_7,router_5_7,0.5000,0.949813
91,router_6_7,router_5_7,0.5000,0.949813
91,router_6_7,router_5_7,0.5000,0.949813
92,router_7_7,router_4_7,6.9002,0.800637
93,router_7_7,router_4_7,3.4001,0.809519
94,router_7_7,router_4_7,2.4000,0.810265
95,router_7_7,router_4_7,2.6000,0.811911
97,router_6_7,router_5_7,1.5000,0.949813
98,router_6_7,router_5_7,2.0000,0.949813
99,router_6_7,router_5_7,1.0000,0.949813
99,router_6_7,router_5_7,0.5000,0.949813
100,router_7_7,router_4_7,3.9001,0.805801
101,router_7_7,router_4_7,2.4000,0.810265
102,router_7_7,router_4_7,6.1001,0.806691
103,router_7_7,router_4_7,2.9001,0.811013
105,router_6_7,router_5_7,0.5000,0.949813
106,router_6_7,router_5_7,1.0000,0.949813
106,router_6_7,router_5_7,1.0000,0.949813
107,router_6_7,router_4_7,0.8000,0.878464
108,router_7_7,router_4_7,1.9000,0.812511
109,router_7_7,router_4_7,4.4001,0.806543
110,router_7_7,router_4_7,2.4000,0.811761
111,router_7_7,router_3_7,2.4000,0.754824
112,router_6_7,router_5_7,2.5001,0.949813
113,router_6_7,router_5_7,2.0000,0.949813
114,router_6_7,router_5_7,0.5000,0.949813
115,router_6_7,router_4_7,1.8000,0.876790
116,router_7_7,router_4_7,1.9000,0.811761
117,router_7_7,router_4_7,3.6001,0.810415
118,router_7_7,router_4_7,2.4000,0.811013
119,router_7_7,router_3_7,3.4001,0.750801
121,router_6_7,router_5_7,0.5000,0.949813
121,router_6_7,router_5_7,1.5000,0.949813
122,router_6_7,router_4_7,2.3001,0.875955
123,router_6_7,router_4_7,2.3001,0.876790
124,router_7_7,router_4_7,2.9001,0.811013
125,router_7_7,router_4_7,1.4000,0.813261
126,router_7_7,router_3_7,2.4000,0.754151
127,router_7_7,router_3_7,3.4001,0.752808
129,router_6_7,router_5_7,0.5000,0.949813
129,router_6_7,router_5_7,1.0000,0.949813
130,router_6_7,router_4_7,2.3001,0.878296
131,router_6_7,router_4_7,1.3000,0.878464
132,router_7_7,router_4_7,1.4000,0.813261
133,router_7_7,router_4_7,3.9001,0.808029
134,router_7_7,router_3_7,3.9001,0.751469
135,router_7_7,router_3_7,2.4000,0.754824
136,router_6_7,router_5_7,1.0000,0.949813
137,router_6_7,router_4_7,2.8001,0.876790
138,router_6_7,router_4_7,0.8000,0.878464
139,router_6_7,router_4_7,0.8000,0.878464
140,router_7_7,router_4_7,1.9000,0.813261
141,router_7_7,router_3_7,2.9000,0.752138
142,router_7_7,router_3_7,2.9000,0.752808
143,router_7_7,router_3_7,1.9000,0.754824
144,router_6_7,router_5_7,0.5000,0.949813
145,router_6_7,router_4_7,1.3000,0.877627
146,router_6_7,router_4_7,1.3000,0.877627
147,router_6_7,router_4_7,2.3001,0.875955
148,router_7_7,router_4_7,2.4000,0.811013
149,router_7_7,router_3_7,2.9000,0.752138
150,router_7_7,router_3_7,3.4001,0.751469
151,router_7_7,router_3_7,1.9000,0.754824
152,router_6_7,router_4_7,1.3000,0.877627
153,router_6_7,router_4_7,1.3000,0.877627
154,router_6_7,router_4_7,0.8000,0.878464
155,router_6_7,router_4_7,0.8000,0.878464
156,router_7_7,router_3_7,1.9000,0.756172
157,router_7_7,router_3_7,3.9001,0.751469
158,router_7_7,router_3_7,2.9000,0.752808
159,router_7_7,router_3_7,1.9000,0.755497
160,router_6_7,router_4_7,1.3000,0.878464
161,router_6_7,router_4_7,1.8000,0.876790
162,router_6_7,router_4_7,1.3000,0.877627
163,router_6_7,router_4_7,1.8000,0.876790
164,router_7_7,router_3_7,2.4000,0.754151
165,router_7_7,router_3_7,4.9001,0.748802
166,router_7_7,router_3_7,4.9001,0.746810
167,router_7_7,router_3_7,1.9000,0.754824
168,router_5_7,router_4_7,2.0000,0.949813
169,router_6_7,router_4_7,3.3001,0.874288
170,router_6_7,router_4_7,1.3000,0.877627
171,router_6_7,router_4_7,1.3000,0.877627
172,router_6_7,router_3_7,2.6001,0.811911
173,router_7_7,router_3_7,3.4001,0.750801
174,router_7_7,router_3_7,1.4000,0.756172
175,router_7_7,router_3_7,4.4001,0.752138
176,router_7_7,router_2_7,5.6001,0.692898
177,router_5_7,router_4_7,1.5000,0.949813
178,router_6_7,router_4_7,2.3001,0.876790
179,router_6_7,router_4_7,5.8001,0.870140
180,router_6_7,router_4_7,2.8001,0.875121
181,router_6_7,router_3_7,2.6001,0.811911
182,router_7_7,router_3_7,2.9001,0.752808
183,router_7_7,router_3_7,2.9000,0.753479
184,router_7_7,router_3_7,5.4001,0.745487
185,router_7_7,router_2_7,3.6000,0.700642
186,router_5_7,router_4_7,2.0001,0.949813
187,router_5_7,router_4_7,3.5001,0.949813
188,router_6_7,router_4_7,0.8000,0.878464
189,router_6_7,router_4_7,1.3000,0.878464
190,router_6_7,router_3_7,3.4001,0.809519
191,router_6_7,router_3_7,2.1000,0.812661
192,router_7_7,router_3_7,2.9001,0.753479
193,router_7_7,router_3_7,3.4001,0.750801
194,router_7_7,router_2_7,7.6001,0.684707
195,router_7_7,router_2_7,2.6000,0.702449
196,router_5_7,router_4_7,0.5000,0.949813
197,router_5_7,router_4_7,2.0000,0.949813
198,router_6_7,router_4_7,1.3000,0.877627
199,router_6_7,router_4_7,1.3000,0.877627
200,router_6_7,router_3_7,2.9001,0.809519
201,router_6_7,router_3_7,3.4001,0.809519
202,router_7_7,router_3_7,2.9000,0.753479
203,router_7_7,router_3_7,3.9001,0.750134
204,router_7_7,router_2_7,3.6000,0.698245
205,router_7_7,router_2_7,4.2001,0.700402
206,router_5_7,router_4_7,0.5000,0.949813
207,router_5_7,router_4_7,0.5000,0.949813
208,router_5_7,router_4_7,2.0000,0.949813
209,router_6_7,router_4_7,2.8001,0.876790
210,router_6_7,router_3_7,2.4000,0.810265
211,router_6_7,router_3_7,2.9000,0.810265
212,router_6_7,router_3_7,3.4001,0.808773
213,router_7_7,router_3_7,2.9000,0.752808
214,router_7_7,router_2_7,4.6001,0.695267
215,router_7_7,router_2_7,6.1001,0.689369
216,router_7_7,router_2_7,3.6000,0.698843
217,router_5_7,router_4_7,1.0000,0.949813
218,router_5_7,router_4_7,1.0000,0.949813
219,router_5_7,router_4_7,1.0000,0.949813
220,router_6_7,router_4_7,1.3000,0.877627
221,router_6_7,router_3_7,1.9000,0.812511
222,router_6_7,router_3_7,3.4001,0.808773
223,router_6_7,router_3_7,3.6001,0.810415
224,router_7_7,router_3_7,1.9000,0.755497
225,router_7_7,router_2_7,4.1001,0.698245
226,router_7_7,router_2_7,4.7001,0.699202
227,router_7_7,router_2_7,3.1000,0.700042
228,router_5_7,router_4_7,0.5000,0.949813
229,router_5_7,router_4_7,2.0000,0.949813
230,router_5_7,router_4_7,1.5000,0.949813
231,router_5_7,router_4_7,1.5000,0.949813
232,router_6_7,router_3_7,2.4000,0.811013
233,router_6_7,router_3_7,2.4000,0.811761
234,router_6_7,router_3_7,2.6000,0.811911
235,router_6_7,router_3_7,2.9001,0.810265
236,router_7_7,router_2_7,3.1000,0.700642
237,router_7_7,router_2_7,5.6001,0.692898
238,router_7_7,router_2_7,4.1001,0.698245
239,router_7_7,router_2_7,3.6000,0.698843
240,router_5_7,router_4_7,1.5000,0.949813
241,router_5_7,router_4_7,1.5000,0.949813
242,router_5_7,router_4_7,1.5000,0.949813
243,router_5_7,router_4_7,0.5000,0.949813
244,router_6_7,router_3_7,2.4000,0.811013
245,router_6_7,router_3_7,2.1000,0.812661
246,router_6_7,router_3_7,1.9000,0.811761
247,router_6_7,router_3_7,2.9000,0.811761
248,router_7_7,router_2_7,3.6000,0.699442
249,router_7_7,router_2_7,4.2001,0.699802
250,router_7_7,router_2_7,4.1001,0.698843
251,router_7_7,router_2_7,3.1000,0.700642
253,router_5_7,router_4_7,0.5000,0.949813
254,router_5_7,router_4_7,0.5000,0.949813
254,router_5_7,router_4_7,0.5000,0.949813
255,router_5_7,router_3_7,3.3001,0.875121
256,router_6_7,router_3_7,1.9000,0.811761
257,router_6_7,router_3_7,2.4000,0.811013
258,router_6_7,router_3_7,3.6001,0.811911
259,router_6_7,router_2_7,4.9001,0.748802
260,router_7_7,router_2_7,3.1000,0.700042
261,router_7_7,router_2_7,4.1001,0.698843
262,router_7_7,router_2_7,3.1000,0.700042
263,router_7_7,router_1_7,4.6001,0.649603
264,router_5_7,router_4_7,3.5001,0.949813
265,router_5_7,router_4_7,0.5000,0.949813
266,router_5_7,router_4_7,0.5000,0.949813
267,router_5_7,router_3_7,1.3000,0.877627
268,router_6_7,router_3_7,1.4000,0.813261
269,router_6_7,router_3_7,3.1001,0.811911
270,router_6_7,router_3_7,3.4001,0.808029
271,router_6_7,router_2_7,2.9000,0.752138
272,router_7_7,router_2_7,7.6001,0.685868
273,router_7_7,router_2_7,4.1001,0.697648
274,router_7_7,router_2_7,4.6001,0.697051
275,router_7_7,router_1_7,3.1000,0.654967
276,router_5_7,router_4_7,0.5000,0.949813
277,router_5_7,router_4_7,0.5000,0.949813
278,router_5_7,router_3_7,2.8001,0.875121
279,router_5_7,router_3_7,2.8001,0.875121
280,router_6_7,router_3_7,2.1000,0.813412
281,router_6_7,router_3_7,3.1001,0.811162
282,router_6_7,router_2_7,2.4000,0.753479
283,router_6_7,router_2_7,1.9000,0.754824
284,router_7_7,router_2_7,4.1001,0.696456
285,router_7_7,router_2_7,6.6001,0.689369
286,router_7_7,router_1_7,7.0001,0.646102
287,router_7_7,router_1_7,4.6001,0.650136
289,router_5_7,router_4_7,0.5000,0.949813
289,router_5_7,router_4_7,0.5000,0.949813
290,router_5_7,router_3_7,1.3000,0.877627
291,router_5_7,router_3_7,1.8000,0.876790
292,router_6_7,router_3_7,2.4000,0.811013
293,router_6_7,router_3_7,4.4001,0.805060
294,router_6_7,router_2_7,2.4000,0.753479
295,router_6_7,router_2_7,1.9000,0.754824
296,router_7_7,router_2_7,3.1000,0.701846
297,router_7_7,router_2_7,5.1001,0.692898
298,router_7_7,router_1_7,3.6000,0.652813
299,router_7_7,router_1_7,6.5001,0.645574
300,router_5_7,router_4_7,0.5000,0.949813
301,router_5_7,router_3_7,0.8000,0.878464
302,router_5_7,router_3_7,1.8000,0.877627
303,router_5_7,router_3_7,2.3001,0.877627
304,router_6_7,router_3_7,3.9001,0.808773
305,router_6_7,router_2_7,5.9001,0.744168
306,router_6_7,router_2_7,3.4001,0.752808
307,router_6_7,router_2_7,2.9000,0.753479
308,router_7_7,router_2_7,4.6001,0.696456
309,router_7_7,router_1_7,6.6001,0.645363
310,router_7_7,router_1_7,3.5001,0.654104
311,router_7_7,router_1_7,5.0001,0.651954
312,router_5_7,router_4_7,1.0000,0.949813
313,router_5_7,router_3_7,1.3000,0.877627
314,router_5_7,router_3_7,2.8001,0.875955
315,router_5_7,router_3_7,1.3000,0.878464
316,router_6_7,router_3_7,4.6001,0.808922
317,router_6_7,router_2_7,4.9001,0.748802
318,router_6_7,router_2_7,1.4000,0.756172
319,router_6_7,router_2_7,3.4001,0.751469
320,router_7_7,router_2_7,7.1001,0.687032
321,router_7_7,router_1_7,6.1001,0.644836
322,router_7_7,router_1_7,3.6000,0.653889
323,router_7_7,router_1_7,6.1001,0.644836
324,router_5_7,router_3_7,1.3000,0.877627
325,router_5_7,router_3_7,1.8000,0.876790
326,router_5_7,router_3_7,3.3001,0.877627
327,router_5_7,router_3_7,3.3001,0.876790
328,router_6_7,router_2_7,3.9001,0.750134
329,router_6_7,router_2_7,2.9000,0.752808
330,router_6_7,router_2_7,1.9000,0.754824
331,router_6_7,router_2_7,2.4000,0.754151
332,router_7_7,router_1_7,4.5001,0.651419
333,router_7_7,router_1_7,5.1001,0.648008
334,router_7_7,router_1_7,5.1001,0.649603
335,router_7_7,router_1_7,4.1001,0.652813
336,router_5_7,router_3_7,2.3001,0.876790
337,router_5_7,router_3_7,1.8000,0.877627
338,router_5_7,router_3_7,1.8000,0.876790
339,router_5_7,router_3_7,2.3001,0.875955
340,router_6_7,router_2_7,2.4000,0.754151
341,router_6_7,router_2_7,3.9001,0.749467
342,router_6_7,router_2_7,3.9001,0.749467
343,router_6_7,router_2_7,2.4000,0.753479
344,router_7_7,router_1_7,5.0001,0.651419
345,router_7_7,router_1_7,4.1001,0.653350
346,router_7_7,router_1_7,3.6000,0.652813
347,router_7_7,router_1_7,4.1001,0.651740
348,router_4_7,router_3_7,2.5001,0.949813
349,router_5_7,router_3_7,1.3000,0.877627
350,router_5_7,router_3_7,1.3000,0.877627
351,router_5_7,router_3_7,0.8000,0.878464
352,router_5_7,router_2_7,2.9001,0.808773
353,router_6_7,router_2_7,3.4001,0.753479
354,router_6_7,router_2_7,2.9000,0.752138
355,router_6_7,router_2_7,4.9001,0.747473
356,router_6_7,router_1_7,4.6001,0.696456
357,router_7_7,router_1_7,5.6001,0.646419
358,router_7_7,router_1_7,4.0001,0.652491
359,router_7_7,router_1_7,5.1001,0.649603
360,router_7_7,router_0_7,3.6000,0.611503
361,router_4_7,router_3_7,1.0000,0.949813
362,router_5_7,router_3_7,1.8000,0.877627
363,router_5_7,router_3_7,1.8000,0.876790
364,router_5_7,router_3_7,4.3001,0.872625
365,router_5_7,router_2_7,1.4000,0.813261
366,router_6_7,router_2_7,3.9001,0.749467
367,router_6_7,router_2_7,2.9000,0.752138
368,router_6_7,router_2_7,3.4001,0.753479
369,router_6_7,router_1_7,5.1001,0.692898
370,router_7_7,router_1_7,5.1001,0.648008
371,router_7_7,router_1_7,3.6000,0.652813
372,router_7_7,router_1_7,5.6001,0.648008
373,router_7_7,router_0_7,3.6000,0.611985
374,router_4_7,router_3_7,2.0001,0.949813
375,router_4_7,router_3_7,1.0000,0.949813
376,router_5_7,router_3_7,1.8000,0.876790
377,router_5_7,router_3_7,1.8000,0.876790
378,router_5_7,router_2_7,2.1000,0.812661
379,router_5_7,router_2_7,1.9000,0.811761
380,router_6_7,router_2_7,2.9000,0.752138
381,router_6_7,router_2_7,2.4000,0.753479
382,router_6_7,router_1_7,5.6001,0.691130
383,router_6_7,router_1_7,7.1001,0.687032
384,router_7_7,router_1_7,6.1001,0.645891
385,router_7_7,router_1_7,5.1001,0.651205
386,router_7_7,router_0_7,5.1001,0.609101
387,router_7_7,router_0_7,4.1001,0.610348
389,router_4_7,router_3_7,0.5000,0.949813
389,router_4_7,router_3_7,3.0001,0.949813
390,router_5_7,router_3_7,1.3000,0.878464
391,router_5_7,router_3_7,2.3001,0.875955
392,router_5_7,router_2_7,3.1001,0.811162
393,router_5_7,router_2_7,5.4001,0.804321
394,router_6_7,router_2_7,1.4000,0.756172
395,router_6_7,router_2_7,1.9000,0.755497
396,router_6_7,router_1_7,3.1000,0.700642
397,router_6_7,router_1_7,3.6000,0.698843
398,router_7_7,router_1_7,4.6001,0.649603
399,router_7_7,router_1_7,4.5001,0.651419
400,router_7_7,router_0_7,4.8001,0.609964
401,router_7_7,router_0_7,4.6001,0.608623
403,router_4_7,router_3_7,1.0000,0.949813
404,router_4_7,router_3_7,2.5001,0.949813
404,router_4_7,router_3_7,0.5000,0.949813
405,router_5_7,router_3_7,1.3000,0.877627
406,router_5_7,router_2_7,3.4001,0.808773
407,router_5_7,router_2_7,2.9000,0.808773
408,router_5_7,router_2_7,2.4000,0.810265
409,router_6_7,router_2_7,2.9000,0.752808
410,router_6_7,router_1_7,4.1001,0.697648
411,router_6_7,router_1_7,3.2001,0.701605
412,router_6_7,router_1_7,3.1000,0.700642
413,router_7_7,router_1_7,4.6001,0.651205
414,router_7_7,router_0_7,5.1001,0.607477
415,router_7_7,router_0_7,4.1001,0.610540
416,router_7_7,router_0_7,6.6001,0.606240
417,router_4_7,router_3_7,1.5000,0.949813
418,router_4_7,router_3_7,1.0000,0.949813
419,router_4_7,router_3_7,3.5001,0.949813
420,router_5_7,router_3_7,3.8001,0.875121
421,router_5_7,router_2_7,4.4001,0.805801
422,router_5_7,router_2_7,2.9000,0.809519
423,router_5_7,router_2_7,2.9000,0.810265
424,router_6_7,router_2_7,4.4001,0.750801
425,router_6_7,router_1_7,4.1001,0.696456
426,router_6_7,router_1_7,5.1001,0.697051
427,router_6_7,router_1_7,5.6001,0.691130
428,router_7_7,router_1_7,5.6001,0.646948
429,router_7_7,router_0_7,4.1001,0.611310
430,router_7_7,router_0_7,5.1001,0.606715
431,router_7_7,router_0_7,4.6001,0.611021
432,router_4_7,router_3_7,1.0000,0.949813
433,router_4_7,router_3_7,1.0000,0.949813
434,router_4_7,router_3_7,0.5000,0.949813
435,router_4_7,router_3_7,1.5000,0.949813
436,router_5_7,router_2_7,2.4000,0.810265
437,router_5_7,router_2_7,3.9001,0.808029
438,router_5_7,router_2_7,2.1000,0.812661
439,router_5_7,router_2_7,4.4001,0.805060
440,router_6_7,router_1_7,2.6000,0.701846
441,router_6_7,router_1_7,4.7001,0.700402
442,router_6_7,router_1_7,3.7001,0.701003
443,router_6_7,router_1_7,3.6000,0.701244
444,router_7_7,router_0_7,4.6001,0.610829
445,router_7_7,router_0_7,4.6001,0.608145
446,router_7_7,router_0_7,4.1001,0.610060
447,router_7_7,router_0_7,4.6001,0.609101
448,router_4_7,router_3_7,2.0001,0.949813
449,router_4_7,router_3_7,0.5000,0.949813
450,router_4_7,router_3_7,3.0001,0.949813
451,router_4_7,router_3_7,0.5000,0.949813
452,router_5_7,router_2_7,1.4000,0.813261
453,router_5_7,router_2_7,1.4000,0.813261
454,router_5_7,router_2_7,1.9000,0.811761
455,router_5_7,router_2_7,1.9000,0.812511
456,router_6_7,router_1_7,4.6001,0.696456
457,router_6_7,router_1_7,6.1001,0.689369
458,router_6_7,router_1_7,3.6000,0.700042
459,router_6_7,router_1_7,10.1002,0.677237
460,router_7_7,router_0_7,4.1001,0.610060
461,router_7_7,router_0_7,6.1001,0.605765
462,router_7_7,router_0_7,5.1001,0.607667
463,router_7_7,router_0_7,6.6001,0.603401
464,router_4_7,router_3_7,3.5001,0.949813
465,router_4_7,router_3_7,0.5000,0.949813
466,router_4_7,router_3_7,4.5001,0.949813
467,router_4_7,router_2_7,2.8001,0.875121
468,router_5_7,router_2_7,1.4000,0.813261
469,router_5_7,router_2_7,2.9000,0.810265
470,router_5_7,router_2_7,3.4001,0.808029
471,router_5_7,router_1_7,2.4000,0.753479
472,router_6_7,router_1_7,4.1001,0.696456
473,router_6_7,router_1_7,4.1001,0.697648
474,router_6_7,router_1_7,4.6001,0.695267
475,router_6_7,router_0_7,4.0001,0.653028
476,router_7_7,router_0_7,7.6001,0.600118
477,router_7_7,router_0_7,5.1001,0.607191
478,router_7_7,router_0_7,5.6001,0.606525
479,router_7_7,router_7_6,0.5000,0.949813
480,router_4_7,router_3_7,2.5001,0.949813
481,router_4_7,router_3_7,1.0000,0.949813
482,router_4_7,router_3_7,1.5000,0.949813
483,router_4_7,router_2_7,1.3000,0.877627
484,router_5_7,router_2_7,4.4001,0.808029
485,router_5_7,router_2_7,1.9000,0.812511
486,router_5_7,router_2_7,5.4001,0.805801
487,router_5_7,router_1_7,2.9000,0.753479
488,router_6_7,router_1_7,3.1000,0.700042
489,router_6_7,router_1_7,5.6001,0.691130
490,router_6_7,router_1_7,5.6001,0.692898
491,router_6_7,router_0_7,4.0001,0.652491
492,router_7_7,router_0_7,4.6001,0.609868
493,router_7_7,router_0_7,3.6000,0.611021
494,router_7_7,router_0_7,5.1001,0.608145
495,router_7_7,router_7_6,0.5000,0.949813
496,router_4_7,router_3_7,4.5001,0.949813
497,router_4_7,router_3_7,0.5000,0.949813
498,router_4_7,router_2_7,2.2000,0.876122
499,router_4_7,router_2_7,2.3001,0.876790
500,router_5_7,router_2_7,2.1000,0.813412
501,router_5_7,router_2_7,1.4000,0.813261
502,router_5_7,router_1_7,2.9000,0.752138
503,router_5_7,router_1_7,2.4000,0.754824
504,router_6_7,router_1_7,3.1000,0.701846
505,router_6_7,router_1_7,6.1001,0.690542
506,router_6_7,router_0_7,5.5001,0.650350
507,router_6_7,router_0_7,4.6001,0.651205
508,router_7_7,router_0_7,4.1001,0.611503
509,router_7_7,router_0_7,3.1000,0.613436
510,router_7_7,router_7_6,0.5000,0.949813
511,router_7_7,router_7_6,1.0000,0.949813
513,router_4_7,router_3_7,1.0000,0.949813
513,router_4_7,router_3_7,0.5000,0.949813
514,router_4_7,router_2_7,1.3000,0.877627
514,router_4_7,router_2_7,1.3000,0.877627
516,router_5_7,router_2_7,4.6001,0.808922
517,router_5_7,router_2_7,4.4001,0.804321
518,router_5_7,router_1_7,3.4001,0.752138
519,router_5_7,router_1_7,2.4000,0.753479
520,router_6_7,router_1_7,5.6001,0.693489
521,router_6_7,router_1_7,6.1001,0.690542
522,router_6_7,router_0_7,7.6002,0.640647
523,router_6_7,router_0_7,3.1000,0.654427
524,router_7_7,router_0_7,7.3001,0.604723
525,router_7_7,router_0_7,4.6001,0.609580
526,router_7_7,router_7_6,1.5000,0.949813
527,router_7_7,router_7_6,0.5000,0.949813
528,router_4_7,router_3_7,1.0000,0.949813
529,router_4_7,router_2_7,1.8000,0.876790
530,router_4_7,router_2_7,0.8000,0.878464
531,router_4_7,router_2_7,5.3001,0.870967
532,router_5_7,router_2_7,3.4001,0.807285
533,router_5_7,router_1_7,3.9001,0.752138
534,router_5_7,router_1_7,1.4000,0.756172
535,router_5_7,router_1_7,4.9001,0.748137
536,router_6_7,router_1_7,5.1001,0.695267
537,router_6_7,router_0_7,3.1000,0.654967
538,router_6_7,router_0_7,3.6000,0.652813
539,router_6_7,router_0_7,4.1001,0.651205
540,router_7_7,router_0_7,4.3001,0.611889
541,router_7_7,router_7_6,0.5000,0.949813
542,router_7_7,router_7_6,0.5000,0.949813
543,router_7_7,router_7_6,1.0000,0.949813
544,router_4_7,router_3_7,0.5000,0.949813
545,router_4_7,router_2_7,2.3001,0.876790
546,router_4_7,router_2_7,0.8000,0.878464
547,router_4_7,router_2_7,0.8000,0.878464
548,router_5_7,router_2_7,3.9001,0.808773
549,router_5_7,router_1_7,5.9001,0.744827
550,router_5_7,router_1_7,2.4000,0.753479
551,router_5_7,router_1_7,3.4001,0.751469
552,router_6_7,router_1_7,4.6001,0.694673
553,router_6_7,router_0_7,3.6000,0.652813
554,router_6_7,router_0_7,4.1001,0.652813
555,router_6_7,router_0_7,4.6001,0.650670
556,router_7_7,router_0_7,3.6000,0.612468
557,router_7_7,router_7_6,1.5000,0.949813
558,router_7_7,router_7_6,2.0001,0.949813
559,router_7_7,router_7_6,0.5000,0.949813
560,router_4_7,router_2_7,2.8001,0.875955
561,router_4_7,router_2_7,4.3001,0.875121
562,router_4_7,router_2_7,1.8000,0.877627
563,router_4_7,router_2_7,1.3000,0.877627
564,router_5_7,router_1_7,5.9001,0.744168
565,router_5_7,router_1_7,5.4001,0.746810
566,router_5_7,router_1_7,2.9000,0.752138
567,router_5_7,router_1_7,2.4000,0.753479
568,router_6_7,router_0_7,5.1001,0.649071
569,router_6_7,router_0_7,3.1000,0.654427
570,router_6_7,router_0_7,3.1000,0.654967
571,router_6_7,router_0_7,3.6000,0.653350
572,router_7_7,router_7_6,1.5000,0.949813
573,router_7_7,router_7_6,1.5000,0.949813
574,router_7_7,router_7_6,1.0000,0.949813
575,router_7_7,router_7_6,1.0000,0.949813
576,router_4_7,router_2_7,1.8000,0.876790
577,router_4_7,router_2_7,2.3001,0.875955
578,router_4_7,router_2_7,1.3000,0.877627
579,router_4_7,router_2_7,1.8000,0.876790
580,router_5_7,router_1_7,4.9001,0.746810
581,router_5_7,router_1_7,1.9000,0.755497
582,router_5_7,router_1_7,2.9000,0.753479
583,router_5_7,router_1_7,3.9001,0.750134
584,router_6_7,router_0_7,3.1000,0.654427
585,router_6_7,router_0_7,6.6001,0.643785
586,router_6_7,router_0_7,4.0001,0.653566
587,router_6_7,router_0_7,3.1000,0.654427
588,router_7_7,router_7_6,0.5000,0.949813
589,router_7_7,router_7_6,2.0001,0.949813
590,router_7_7,router_7_6,2.5001,0.949813
591,router_7_7,router_7_6,0.5000,0.949813
592,router_3_7,router_2_7,2.0000,0.949813
593,router_4_7,router_2_7,2.2001,0.877794
594,router_4_7,router_2_7,3.8001,0.873456
595,router_4_7,router_2_7,0.8000,0.878464
596,router_4_7,router_1_7,3.9001,0.808773
597,router_5_7,router_1_7,2.4000,0.753479
598,router_5_7,router_1_7,4.4001,0.748802
599,router_5_7,router_1_7,3.4001,0.750801
600,router_5_7,router_0_7,5.6001,0.692898
601,router_6_7,router_0_7,7.6002,0.643260
602,router_6_7,router_0_7,3.1000,0.654427
603,router_6_7,router_0_7,4.5001,0.650350
604,router_6_7,router_7_6,1.3000,0.877459
605,router_7_7,router_7_6,0.5000,0.949813
606,router_7_7,router_7_6,1.0000,0.949813
607,router_7_7,router_7_6,0.5000,0.949813
608,router_7_7,router_6_6,0.8000,0.878464
609,router_3_7,router_2_7,0.5000,0.949813
610,router_4_7,router_2_7,2.2001,0.877794
610,router_4_7,router_2_7,1.3000,0.877627
611,router_4_7,router_2_7,1.3000,0.878464
613,router_4_7,router_1_7,2.4000,0.812511
614,router_5_7,router_1_7,4.9001,0.748137
615,router_5_7,router_1_7,2.9000,0.752138
616,router_5_7,router_1_7,3.9001,0.750134
617,router_5_7,router_0_7,4.6001,0.695267
618,router_6_7,router_0_7,3.6000,0.652813
619,router_6_7,router_0_7,3.6000,0.653350
620,router_6_7,router_0_7,3.6000,0.653350
621,router_6_7,router_7_6,1.8001,0.876623
622,router_7_7,router_7_6,0.5000,0.949813
623,router_7_7,router_7_6,1.5000,0.949813
624,router_7_7,router_7_6,0.5000,0.949813
625,router_7_7,router_6_6,2.3001,0.876790
626,router_3_7,router_2_7,0.5000,0.949813
627,router_3_7,router_2_7,0.5000,0.949813
629,router_4_7,router_2_7,2.3001,0.876790
629,router_4_7,router_2_7,0.8000,0.878464
630,router_4_7,router_1_7,3.4001,0.808773
631,router_4_7,router_1_7,1.9000,0.811761
632,router_5_7,router_1_7,3.9001,0.749467
633,router_5_7,router_1_7,3.9001,0.751469
634,router_5_7,router_0_7,4.1001,0.696456
635,router_5_7,router_0_7,3.6000,0.699442
636,router_6_7,router_0_7,7.6002,0.643260
637,router_6_7,router_0_7,5.6001,0.646948
638,router_6_7,router_7_6,2.3001,0.876456
639,router_6_7,router_7_6,1.8000,0.877961
640,router_7_7,router_7_6,1.5000,0.949813
641,router_7_7,router_7_6,0.5000,0.949813
642,router_7_7,router_6_6,3.3001,0.875121
643,router_7_7,router_6_6,1.8000,0.876790
644,router_3_7,router_2_7,0.5000,0.949813
645,router_3_7,router_2_7,0.5000,0.949813
646,router_4_7,router_2_7,2.8001,0.878296
647,router_4_7,router_2_7,3.3001,0.875121
648,router_4_7,router_1_7,2.4000,0.810265
649,router_4_7,router_1_7,1.9000,0.812511
650,router_5_7,router_1_7,2.9000,0.752808
651,router_5_7,router_1_7,2.4000,0.754824
652,router_5_7,router_0_7,5.1001,0.694081
653,router_5_7,router_0_7,4.1001,0.697051
654,router_6_7,router_0_7,3.6000,0.652813
655,router_6_7,router_0_7,5.6001,0.648539
656,router_6_7,router_7_6,1.5000,0.877292
657,router_6_7,router_7_6,3.8001,0.873290
658,router_7_7,router_7_6,1.0000,0.949813
659,router_7_7,router_7_6,1.0000,0.949813
660,router_7_7,router_6_6,0.8000,0.878464
661,router_7_7,router_6_6,1.3000,0.877627
662,router_3_7,router_2_7,2.5001,0.949813
663,router_3_7,router_2_7,1.0000,0.949813
664,router_3_7,router_2_7,1.0000,0.949813
665,router_4_7,router_2_7,0.8000,0.878464
666,router_4_7,router_1_7,2.1000,0.812661
667,router_4_7,router_1_7,2.4000,0.811013
668,router_4_7,router_1_7,1.9000,0.811761
669,router_5_7,router_1_7,1.9000,0.755497
670,router_5_7,router_0_7,3.1000,0.700042
671,router_5_7,router_0_7,7.6002,0.685868
672,router_5_7,router_0_7,3.7001,0.702207
673,router_6_7,router_0_7,5.1001,0.648539
674,router_6_7,router_7_6,3.5000,0.873955
675,router_6_7,router_7_6,1.1000,0.877961
676,router_6_7,router_7_6,1.3000,0.878129
677,router_7_7,router_7_6,0.5000,0.949813
678,router_7_7,router_6_6,2.3001,0.876790
679,router_7_7,router_6_6,0.8000,0.878464
680,router_7_7,router_6_6,1.3000,0.877627
681,router_3_7,router_2_7,0.5000,0.949813
682,router_3_7,router_2_7,4.0001,0.949813
683,router_3_7,router_2_7,1.0000,0.949813
684,router_4_7,router_2_7,1.8000,0.876790
685,router_4_7,router_1_7,4.4001,0.806543
686,router_4_7,router_1_7,1.6000,0.813412
687,router_4_7,router_1_7,1.6000,0.813412
688,router_5_7,router_1_7,2.4000,0.754151
689,router_5_7,router_0_7,5.2001,0.699202
690,router_5_7,router_0_7,5.1001,0.693489
691,router_5_7,router_0_7,6.6001,0.694673
692,router_6_7,router_0_7,4.1001,0.651205
693,router_6_7,router_7_6,1.8000,0.876623
694,router_6_7,router_7_6,2.3001,0.875788
695,router_6_7,router_7_6,1.1000,0.877961
696,router_7_7,router_7_6,0.5000,0.949813
697,router_7_7,router_6_6,0.8000,0.878464
698,router_7_7,router_6_6,1.3000,0.878464
699,router_7_7,router_6_6,0.8000,0.878464
701,router_3_7,router_2_7,1.0000,0.949813
702,router_3_7,router_2_7,2.5001,0.949813
703,router_3_7,router_2_7,0.5000,0.949813
703,router_3_7,router_2_7,0.5000,0.949813
704,router_4_7,router_1_7,2.6001,0.811911
705,router_4_7,router_1_7,3.4001,0.807285
706,router_4_7,router_1_7,4.1001,0.809668
707,router_4_7,router_1_7,1.4000,0.813261
708,router_5_7,router_0_7,3.7001,0.700402
709,router_5_7,router_0_7,4.6001,0.694673
710,router_5_7,router_0_7,4.2001,0.700402
711,router_5_7,router_0_7,6.1001,0.691719
712,router_6_7,router_7_6,1.5000,0.877292
713,router_6_7,router_7_6,1.8000,0.876623
714,router_6_7,router_7_6,1.3000,0.877459
715,router_6_7,router_7_6,2.3001,0.876790
716,router_7_7,router_6_6,1.3000,0.877627
717,router_7_7,router_6_6,1.3000,0.878464
718,router_7_7,router_6_6,2.8001,0.876790
719,router_7_7,router_6_6,1.8000,0.876790
721,router_3_7,router_2_7,1.0000,0.949813
722,router_3_7,router_2_7,0.5000,0.949813
723,router_3_7,router_2_7,2.0000,0.949813
723,router_3_7,router_2_7,0.5000,0.949813
724,router_4_7,router_1_7,3.6001,0.811911
725,router_4_7,router_1_7,2.6000,0.811911
726,router_4_7,router_1_7,3.9001,0.807285
727,router_4_7,router_1_7,2.1000,0.812661
728,router_5_7,router_0_7,4.6001,0.696456
729,router_5_7,router_0_7,5.1001,0.694081
730,router_5_7,router_0_7,4.1001,0.697051
731,router_5_7,router_0_7,3.6000,0.698245
732,router_6_7,router_7_6,1.1000,0.877961
733,router_6_7,router_7_6,4.3001,0.872459
734,router_6_7,router_7_6,3.3001,0.874122
735,router_6_7,router_7_6,1.8000,0.877292
736,router_7_7,router_6_6,2.3001,0.875955
737,router_7_7,router_6_6,1.3000,0.877627
738,router_7_7,router_6_6,3.3001,0.874288
739,router_7_7,router_6_6,1.3000,0.877627
740,router_3_7,router_2_7,2.5001,0.949813
741,router_3_7,router_2_7,0.5000,0.949813
742,router_3_7,router_2_7,4.5001,0.949813
743,router_3_7,router_1_7,3.8001,0.874288
744,router_4_7,router_1_7,1.9000,0.812511
745,router_4_7,router_1_7,3.4001,0.808029
746,router_4_7,router_1_7,6.1001,0.806691
747,router_4_7,router_0_7,2.9001,0.752138
748,router_5_7,router_0_7,4.6001,0.694673
749,router_5_7,router_0_7,3.6000,0.698843
750,router_5_7,router_0_7,3.6000,0.698843
751,router_5_7,router_7_6,2.4000,0.810041
752,router_6_7,router_7_6,1.8000,0.877292
753,router_6_7,router_7_6,3.3001,0.874122
754,router_6_7,router_7_6,2.3001,0.875788
755,router_6_7,router_6_6,2.5001,0.949813
756,router_7_7,router_6_6,0.8000,0.878464
757,router_7_7,router_6_6,1.3000,0.877627
758,router_7_7,router_6_6,1.3000,0.877627
759,router_7_7,router_5_6,2.9001,0.811013
761,router_3_7,router_2_7,1.0000,0.949813
762,router_3_7,router_2_7,2.0000,0.949813
762,router_3_7,router_2_7,2.5001,0.949813
763,router_3_7,router_1_7,4.3001,0.872625
764,router_4_7,router_1_7,3.4001,0.809519
765,router_4_7,router_1_7,3.4001,0.810265
766,router_4_7,router_1_7,2.1000,0.812661
767,router_4_7,router_0_7,4.9001,0.747473
768,router_5_7,router_0_7,4.6001,0.697051
769,router_5_7,router_0_7,3.1000,0.700642
770,router_5_7,router_0_7,5.1001,0.695861
771,router_5_7,router_7_6,2.4000,0.811237
772,router_6_7,router_7_6,2.3000,0.876790
773,router_6_7,router_7_6,2.8001,0.874954
774,router_6_7,router_7_6,0.8000,0.878296
775,router_6_7,router_6_6,0.5000,0.949813
776,router_7_7,router_6_6,2.3001,0.876790
777,router_7_7,router_6_6,2.8001,0.876790
778,router_7_7,router_6_6,5.3001,0.875955
779,router_7_7,router_5_6,3.1001,0.811162
781,router_3_7,router_2_7,0.5000,0.949813
781,router_3_7,router_2_7,0.5000,0.949813
783,router_3_7,router_1_7,1.8000,0.877627
783,router_3_7,router_1_7,1.3000,0.878464
784,router_4_7,router_1_7,1.9000,0.811761
785,router_4_7,router_1_7,2.4000,0.812511
786,router_4_7,router_0_7,2.9000,0.752138
787,router_4_7,router_0_7,2.9000,0.753479
788,router_5_7,router_0_7,3.1000,0.700042
789,router_5_7,router_0_7,3.1000,0.700042
790,router_5_7,router_7_6,1.4000,0.813637
791,router_5_7,router_7_6,2.5001,0.811387
792,router_6_7,router_7_6,3.3001,0.874788
793,router_6_7,router_7_6,1.5000,0.877292
795,router_6_7,router_6_6,1.0000,0.949813
795,router_6_7,router_6_6,0.5000,0.949813
796,router_7_7,router_6_6,2.3001,0.877627
797,router_7_7,router_6_6,0.8000,0.878464
798,router_7_7,router_5_6,1.9000,0.811761
799,router_7_7,router_5_6,1.9000,0.811761
801,router_3_7,router_2_7,1.0000,0.949813
801,router_3_7,router_2_7,1.5000,0.949813
803,router_3_7,router_1_7,1.8000,0.876790
803,router_3_7,router_1_7,3.8001,0.875955
804,router_4_7,router_1_7,2.4000,0.811761
805,router_4_7,router_1_7,4.4001,0.805801
806,router_4_7,router_0_7,2.9000,0.754151
807,router_4_7,router_0_7,4.9001,0.746810
808,router_5_7,router_0_7,6.1001,0.692898
809,router_5_7,router_0_7,3.2001,0.702207
810,router_5_7,router_7_6,1.9000,0.811537
811,router_5_7,router_7_6,4.4001,0.804690
812,router_6_7,router_7_6,3.5000,0.878129
813,router_6_7,router_7_6,1.3000,0.878129
814,router_6_7,router_6_6,0.5000,0.949813
815,router_6_7,router_6_6,1.0000,0.949813
816,router_7_7,router_6_6,1.3000,0.877627
817,router_7_7,router_6_6,1.3000,0.877627
818,router_7_7,router_5_6,1.9000,0.813261
819,router_7_7,router_5_6,2.4000,0.811013
820,router_3_7,router_2_7,0.5000,0.949813
821,router_3_7,router_1_7,1.3000,0.877627
822,router_3_7,router_1_7,2.8001,0.875121
823,router_3_7,router_1_7,2.3001,0.875955
824,router_4_7,router_1_7,3.4001,0.809519
825,router_4_7,router_0_7,4.4001,0.751469
826,router_4_7,router_0_7,2.9000,0.753479
827,router_4_7,router_0_7,3.4001,0.750801
828,router_5_7,router_0_7,7.1001,0.690542
829,router_5_7,router_7_6,2.4000,0.812436
830,router_5_7,router_7_6,2.9000,0.810340
831,router_5_7,router_7_6,1.9000,0.813337
832,router_6_7,router_7_6,1.8000,0.877292
833,router_6_7,router_6_6,2.5001,0.949813
834,router_6_7,router_6_6,2.5001,0.949813
835,router_6_7,router_6_6,0.5000,0.949813
836,router_7_7,router_6_6,2.8001,0.875121
837,router_7_7,router_5_6,2.1000,0.812661
838,router_7_7,router_5_6,1.6000,0.813412
839,router_7_7,router_5_6,2.4000,0.810265
840,router_3_7,router_2_7,0.5000,0.949813
841,router_3_7,router_1_7,2.2000,0.876958
842,router_3_7,router_1_7,1.3000,0.878464
843,router_3_7,router_1_7,3.3001,0.875955
844,router_4_7,router_1_7,4.4001,0.806543
845,router_4_7,router_0_7,2.9000,0.752138
846,router_4_7,router_0_7,2.4000,0.754824
847,router_4_7,router_0_7,2.9000,0.752808
848,router_5_7,router_0_7,4.6001,0.695267
849,router_5_7,router_7_6,3.9001,0.806172
850,router_5_7,router_7_6,1.8000,0.813036
851,router_5_7,router_7_6,1.7000,0.812886
852,router_6_7,router_7_6,2.3001,0.876456
853,router_6_7,router_6_6,0.5000,0.949813
854,router_6_7,router_6_6,0.5000,0.949813
855,router_6_7,router_6_6,0.5000,0.949813
856,router_7_7,router_6_6,2.3001,0.875955
857,router_7_7,router_5_6,4.4001,0.806543
858,router_7_7,router_5_6,2.1000,0.812661
859,router_7_7,router_5_6,5.9001,0.801372
860,router_3_7,router_1_7,1.3000,0.877627
860,router_3_7,router_1_7,0.8000,0.878464
861,router_3_7,router_1_7,1.3000,0.877627
863,router_3_7,router_1_7,0.8000,0.878464
864,router_4_7,router_0_7,2.4000,0.754151
865,router_4_7,router_0_7,1.9000,0.754824
866,router_4_7,router_0_7,2.9000,0.753479
867,router_4_7,router_0_7,3.4001,0.751469
868,router_5_7,router_7_6,1.7000,0.812286
869,router_5_7,router_7_6,1.9000,0.812736
870,router_5_7,router_7_6,1.9000,0.812136
871,router_5_7,router_7_6,2.1000,0.811836
873,router_6_7,router_6_6,1.0000,0.949813
874,router_6_7,router_6_6,2.5001,0.949813
875,router_6_7,router_6_6,2.0000,0.949813
875,router_6_7,router_6_6,5.0001,0.949813
876,router_7_7,router_5_6,3.6001,0.810415
877,router_7_7,router_5_6,2.4000,0.811761
878,router_7_7,router_5_6,3.4001,0.808773
879,router_7_7,router_5_6,2.9000,0.810265
880,router_3_7,router_1_7,1.8000,0.876790
881,router_3_7,router_1_7,2.3000,0.875955
882,router_3_7,router_1_7,1.3000,0.878464
883,router_3_7,router_1_7,0.8000,0.878464
884,router_4_7,router_0_7,2.4000,0.754151
885,router_4_7,router_0_7,2.4000,0.754824
886,router_4_7,router_0_7,5.4001,0.745487
887,router_4_7,router_0_7,2.9000,0.752138
888,router_5_7,router_7_6,1.9000,0.812136
889,router_5_7,router_7_6,2.9001,0.809892
890,router_5_7,router_7_6,1.7000,0.812886
891,router_5_7,router_7_6,1.9000,0.812736
893,router_6_7,router_6_6,3.5001,0.949813
894,router_6_7,router_6_6,1.0000,0.949813
895,router_6_7,router_6_6,4.0001,0.949813
895,router_6_7,router_6_6,2.0000,0.949813
896,router_7_7,router_5_6,2.4000,0.811761
897,router_7_7,router_5_6,3.4001,0.807285
898,router_7_7,router_5_6,2.9000,0.810265
899,router_7_7,router_5_6,2.4000,0.811013
900,router_2_7,router_1_7,1.5000,0.949813
902,router_3_7,router_1_7,3.3001,0.875121
903,router_3_7,router_1_7,1.3000,0.877627
903,router_3_7,router_1_7,1.3000,0.877627
904,router_3_7,router_0_7,2.4000,0.810265
905,router_4_7,router_0_7,3.4001,0.754151
906,router_4_7,router_0_7,2.4000,0.753479
907,router_4_7,router_0_7,3.9001,0.750801
908,router_4_7,router_7_6,3.3001,0.751335
909,router_5_7,router_7_6,1.7000,0.812286
910,router_5_7,router_7_6,1.7000,0.812286
911,router_5_7,router_7_6,1.9000,0.811537
912,router_5_7,router_6_6,1.3000,0.877459
913,router_6_7,router_6_6,0.5000,0.949813
914,router_6_7,router_6_6,0.5000,0.949813
915,router_6_7,router_6_6,0.5000,0.949813
916,router_6_7,router_5_6,1.8000,0.876790
917,router_7_7,router_5_6,3.9001,0.808773
918,router_7_7,router_5_6,3.4001,0.809519
919,router_7_7,router_5_6,2.4000,0.810265
920,router_7_7,router_4_6,2.4000,0.753479
921,router_2_7,router_1_7,1.0000,0.949813
922,router_3_7,router_1_7,2.3000,0.877627
924,router_3_7,router_1_7,2.7000,0.876122
924,router_3_7,router_1_7,2.3001,0.876790
925,router_3_7,router_0_7,5.9001,0.805060
926,router_4_7,router_0_7,2.4000,0.754151
927,router_4_7,router_0_7,4.4001,0.748137
928,router_4_7,router_0_7,2.4000,0.754151
929,router_4_7,router_7_6,2.9001,0.752942
930,router_5_7,router_7_6,3.8001,0.810041
931,router_5_7,router_7_6,1.7000,0.812286
932,router_5_7,router_7_6,2.4000,0.810041
933,router_5_7,router_6_6,4.3001,0.872459
935,router_6_7,router_6_6,1.0000,0.949813
936,router_6_7,router_6_6,0.5000,0.949813
936,router_6_7,router_6_6,1.5000,0.949813
937,router_6_7,router_5_6,1.3000,0.877627
938,router_7_7,router_5_6,3.1001,0.811162
939,router_7_7,router_5_6,3.1001,0.811911
940,router_7_7,router_5_6,3.4001,0.810265
941,router_7_7,router_4_6,1.9000,0.754824
943,router_2_7,router_1_7,2.5001,0.949813
943,router_2_7,router_1_7,1.0000,0.949813
945,router_3_7,router_1_7,2.7000,0.876958
945,router_3_7,router_1_7,1.8000,0.876790
946,router_3_7,router_0_7,2.9001,0.812511
947,router_3_7,router_0_7,4.4001,0.807285
948,router_4_7,router_0_7,2.4000,0.753479
949,router_4_7,router_0_7,2.4000,0.754151
950,router_4_7,router_7_6,8.1002,0.738664
951,router_4_7,router_7_6,2.4000,0.753748
952,router_5_7,router_7_6,3.7000,0.807062
953,router_5_7,router_7_6,1.9000,0.811537
954,router_5_7,router_6_6,0.8000,0.878296
955,router_5_7,router_6_6,1.3000,0.877459
957,router_6_7,router_6_6,1.0000,0.949813
957,router_6_7,router_6_6,1.0000,0.949813
958,router_6_7,router_5_6,1.3000,0.877627
959,router_6_7,router_5_6,4.8001,0.875121
960,router_7_7,router_5_6,4.4001,0.805801
961,router_7_7,router_5_6,3.9001,0.807285
962,router_7_7,router_4_6,1.9000,0.755497
963,router_7_7,router_4_6,3.4001,0.750801
964,router_2_7,router_1_7,1.0000,0.949813
965,router_2_7,router_1_7,0.5000,0.949813
966,router_3_7,router_1_7,2.7000,0.876122
967,router_3_7,router_1_7,3.3001,0.876790
968,router_3_7,router_0_7,3.1001,0.811162
969,router_3_7,router_0_7,3.6001,0.811162
970,router_4_7,router_0_7,2.9001,0.754151
971,router_4_7,router_0_7,2.4000,0.753479
972,router_4_7,router_7_6,2.4000,0.753211
973,router_4_7,router_7_6,1.9000,0.755093
974,router_5_7,router_7_6,6.4002,0.801740
975,router_5_7,router_7_6,1.4000,0.813036
976,router_5_7,router_6_6,1.5000,0.878129
977,router_5_7,router_6_6,1.3000,0.878129
979,router_6_7,router_6_6,2.0000,0.949813
979,router_6_7,router_6_6,0.5000,0.949813
980,router_6_7,router_5_6,0.8000,0.878464
981,router_6_7,router_5_6,1.3000,0.878464
982,router_7_7,router_5_6,4.9001,0.802844
983,router_7_7,router_5_6,3.4001,0.807285
984,router_7_7,router_4_6,2.9000,0.752138
985,router_7_7,router_4_6,2.4000,0.753479
986,router_2_7,router_1_7,1.0000,0.949813
987,router_2_7,router_1_7,2.5001,0.949813
988,router_2_7,router_1_7,1.0000,0.949813
989,router_3_7,router_1_7,0.8000,0.878464
990,router_3_7,router_0_7,3.4001,0.807285
991,router_3_7,router_0_7,1.9000,0.811761
992,router_3_7,router_0_7,2.4000,0.813261
993,router_4_7,router_0_7,3.4001,0.751469
994,router_4_7,router_7_6,4.1001,0.748802
995,router_4_7,router_7_6,2.5000,0.753076
996,router_4_7,router_7_6,2.9000,0.752406
997,router_5_7,router_7_6,2.5001,0.810639
998,router_5_7,router_6_6,0.8000,0.878296
999,router_5_7,router_6_6,1.3000,0.877459
1000,router_5_7,router_6_6,0.8000,0.878296
1001,router_6_7,router_6_6,1.5000,0.949813
1002,router_6_7,router_5_6,2.3001,0.875955
1003,router_6_7,router_5_6,2.3001,0.877627
1004,router_6_7,router_5_6,4.3001,0.875955
1005,router_7_7,router_5_6,3.9001,0.809519
1006,router_7_7,router_4_6,1.4000,0.756172
1007,router_7_7,router_4_6,2.9000,0.752138
1008,router_7_7,router_4_6,1.9000,0.754824
1010,router_2_7,router_1_7,1.0000,0.949813
1011,router_2_7,router_1_7,1.0000,0.949813
1011,router_2_7,router_1_7,2.0000,0.949813
1012,router_3_7,router_1_7,4.3001,0.872626
1013,router_3_7,router_0_7,5.9001,0.799904
1014,router_3_7,router_0_7,1.9000,0.811761
1015,router_3_7,router_0_7,3.4001,0.811013
1016,router_4_7,router_0_7,5.4001,0.748802
1017,router_4_7,router_7_6,2.4000,0.753748
1018,router_4_7,router_7_6,2.9001,0.752004
1019,router_4_7,router_7_6,1.9000,0.755093
1020,router_5_7,router_7_6,3.4001,0.808848
1021,router_5_7,router_6_6,1.5000,0.878129
1022,router_5_7,router_6_6,0.8000,0.878296
1023,router_5_7,router_6_6,0.8000,0.878296
1024,router_6_7,router_6_6,0.5000,0.949813
1025,router_6_7,router_5_6,2.8001,0.875121
1026,router_6_7,router_5_6,2.3001,0.877627
1027,router_6_7,router_5_6,1.3000,0.878464
1028,router_7_7,router_5_6,2.6001,0.811911
1029,router_7_7,router_4_6,2.4000,0.754151
1030,router_7_7,router_4_6,1.9000,0.755497
1031,router_7_7,router_4_6,1.9000,0.754824
1032,router_2_7,router_1_7,0.5000,0.949813
1032,router_2_7,router_1_7,1.0000,0.949813
1033,router_2_7,router_1_7,1.5000,0.949813
1034,router_2_7,router_1_7,2.0000,0.949813
1036,router_3_7,router_0_7,2.4000,0.811013
1037,router_3_7,router_0_7,4.1001,0.809668
1038,router_3_7,router_0_7,3.1001,0.811162
1039,router_3_7,router_0_7,1.9000,0.811761
1040,router_4_7,router_7_6,1.9000,0.755093
1041,router_4_7,router_7_6,2.4000,0.753748
1042,router_4_7,router_7_6,2.9001,0.752942
1043,router_4_7,router_7_6,6.9002,0.745487
1044,router_5_7,router_6_6,2.3001,0.875955
1045,router_5_7,router_6_6,2.3001,0.876790
1046,router_5_7,router_6_6,1.8000,0.877961
1047,router_5_7,router_6_6,1.1000,0.877961
1048,router_6_7,router_5_6,3.3001,0.874288
1049,router_6_7,router_5_6,1.3000,0.877627
1050,router_6_7,router_5_6,1.3000,0.877627
1051,router_6_7,router_5_6,2.3001,0.877627
1052,router_7_7,router_4_6,3.4001,0.751469
1053,router_7_7,router_4_6,2.4000,0.753479
1054,router_7_7,router_4_6,5.4001,0.748137
1055,router_7_7,router_4_6,1.9000,0.755497
1056,router_2_7,router_1_7,0.5000,0.949813
1057,router_2_7,router_1_7,2.0000,0.949813
1058,router_2_7,router_1_7,1.0000,0.949813
1059,router_2_7,router_1_7,1.0000,0.949813
1060,router_3_7,router_0_7,1.4000,0.813261
1061,router_3_7,router_0_7,2.4000,0.811013
1062,router_3_7,router_0_7,2.6000,0.811911
1063,router_3_7,router_0_7,2.9001,0.810265
1064,router_4_7,router_7_6,4.1001,0.750267
1065,router_4_7,router_7_6,3.7001,0.752942
1066,router_4_7,router_7_6,4.1001,0.750000
1067,router_4_7,router_7_6,4.9001,0.748935
1068,router_5_7,router_6_6,3.1000,0.876289
1069,router_5_7,router_6_6,1.8000,0.877292
1070,router_5_7,router_6_6,5.3001,0.874122
1071,router_5_7,router_6_6,1.1000,0.877961
1072,router_6_7,router_5_6,0.8000,0.878464
1073,router_6_7,router_5_6,1.3000,0.878464
1074,router_6_7,router_5_6,1.8000,0.876790
1075,router_6_7,router_5_6,1.3000,0.877627
1076,router_7_7,router_4_6,1.4000,0.756172
1077,router_7_7,router_4_6,6.4001,0.746148
1078,router_7_7,router_4_6,1.9000,0.755497
1079,router_7_7,router_4_6,2.9000,0.753479
1080,router_2_7,router_1_7,0.5000,0.949813
1081,router_2_7,router_1_7,1.0000,0.949813
1082,router_2_7,router_1_7,0.5000,0.949813
1083,router_2_7,router_0_7,2.8001,0.875121
1084,router_3_7,router_0_7,2.9001,0.809519
1085,router_3_7,router_0_7,3.4001,0.811013
1086,router_3_7,router_0_7,2.9000,0.809519
1087,router_3_7,router_7_6,3.7001,0.699143
1088,router_4_7,router_7_6,3.9001,0.751335
1089,router_4_7,router_7_6,4.9001,0.747606
1090,router_4_7,router_7_6,1.9000,0.754554
1091,router_4_7,router_6_6,1.9000,0.812136
1092,router_5_7,router_6_6,1.8000,0.877292
1093,router_5_7,router_6_6,1.9000,0.877459
1094,router_5_7,router_6_6,2.3001,0.876456
1095,router_5_7,router_5_6,0.5000,0.949813
1096,router_6_7,router_5_6,1.8000,0.877627
1097,router_6_7,router_5_6,1.3000,0.877627
1098,router_6_7,router_5_6,0.8000,0.878464
1099,router_6_7,router_4_6,1.9000,0.811761
1100,router_7_7,router_4_6,3.9001,0.750134
1101,router_7_7,router_4_6,4.4001,0.748137
1102,router_7_7,router_4_6,2.4000,0.753479
1103,router_7_7,router_3_6,3.6000,0.699442
1105,router_2_7,router_1_7,1.5000,0.949813
1106,router_2_7,router_1_7,0.5000,0.949813
1106,router_2_7,router_1_7,0.5000,0.949813
1107,router_2_7,router_0_7,2.8001,0.877627
1108,router_3_7,router_0_7,2.9001,0.811013
1109,router_3_7,router_0_7,1.9000,0.812511
1110,router_3_7,router_0_7,2.4000,0.811761
1111,router_3_7,router_7_6,3.6001,0.701424
1112,router_4_7,router_7_6,2.5000,0.754016
1113,router_4_7,router_7_6,2.5000,0.753076
1114,router_4_7,router_7_6,2.9001,0.753076
1115,router_4_7,router_6_6,3.3001,0.810938
1116,router_5_7,router_6_6,1.1000,0.877961
1117,router_5_7,router_6_6,1.8000,0.877292
1118,router_5_7,router_6_6,1.3000,0.877459
1119,router_5_7,router_5_6,0.5000,0.949813
1120,router_6_7,router_5_6,1.3000,0.877627
1121,router_6_7,router_5_6,2.3001,0.875955
1122,router_6_7,router_5_6,2.3001,0.876790
1123,router_6_7,router_4_6,5.4001,0.803582
1124,router_7_7,router_4_6,1.4000,0.756172
1125,router_7_7,router_4_6,3.4001,0.752138
1126,router_7_7,router_4_6,3.4001,0.751469
1127,router_7_7,router_3_6,3.1000,0.700042
1128,router_2_7,router_1_7,0.5000,0.949813
1129,router_2_7,router_1_7,1.0000,0.949813
1130,router_2_7,router_0_7,3.1001,0.876289
1131,router_2_7,router_0_7,1.3000,0.877627
1132,router_3_7,router_0_7,1.6000,0.813412
1133,router_3_7,router_0_7,3.4001,0.808773
1134,router_3_7,router_7_6,5.1001,0.692721
1135,router_3_7,router_7_6,4.0001,0.699982
1136,router_4_7,router_7_6,2.5000,0.755093
1137,router_4_7,router_7_6,3.4001,0.751603
1138,router_4_7,router_6_6,1.9000,0.811537
1139,router_4_7,router_6_6,2.4000,0.811237
1140,router_5_7,router_6_6,1.5000,0.878129
1141,router_5_7,router_6_6,0.8000,0.878296
1142,router_5_7,router_5_6,0.5000,0.949813
1143,router_5_7,router_5_6,1.5000,0.949813
1144,router_6_7,router_5_6,0.8000,0.878464
1145,router_6_7,router_5_6,1.8000,0.877627
1146,router_6_7,router_4_6,7.1002,0.805208
1147,router_6_7,router_4_6,3.4001,0.809519
1148,router_7_7,router_4_6,1.9000,0.755497
1149,router_7_7,router_4_6,2.9000,0.753479
1150,router_7_7,router_3_6,3.6000,0.700642
1151,router_7_7,router_3_6,5.6001,0.692308
1152,router_2_7,router_1_7,2.5001,0.949813
1153,router_2_7,router_1_7,1.0000,0.949813
1155,router_2_7,router_0_7,2.2000,0.876958
1155,router_2_7,router_0_7,1.8000,0.877627
1156,router_3_7,router_0_7,7.4002,0.799171
1157,router_3_7,router_0_7,4.4001,0.806543
1158,router_3_7,router_7_6,4.1001,0.698664
1159,router_3_7,router_7_6,3.6001,0.701304
1160,router_4_7,router_7_6,2.9000,0.751870
1161,router_4_7,router_7_6,2.9001,0.751870
1162,router_4_7,router_6_6,1.4000,0.813637
1163,router_4_7,router_6_6,1.8000,0.813036
1164,router_5_7,router_6_6,2.3001,0.877794
1165,router_5_7,router_6_6,1.1000,0.877961
1166,router_5_7,router_5_6,0.5000,0.949813
1167,router_5_7,router_5_6,0.5000,0.949813
1168,router_6_7,router_5_6,3.3001,0.874288
1169,router_6_7,router_5_6,1.3000,0.877627
1170,router_6_7,router_4_6,1.9000,0.811761
1171,router_6_7,router_4_6,4.4001,0.806543
1172,router_7_7,router_4_6,3.4001,0.750801
1173,router_7_7,router_4_6,2.4000,0.753479
1174,router_7_7,router_3_6,6.6001,0.688199
1175,router_7_7,router_3_6,6.1001,0.693489
1176,router_2_7,router_1_7,0.5000,0.949813
1177,router_2_7,router_0_7,1.3000,0.877627
1178,router_2_7,router_0_7,0.8000,0.878464
1179,router_2_7,router_0_7,2.3001,0.876790
1180,router_3_7,router_0_7,1.9000,0.811761
1181,router_3_7,router_7_6,5.1001,0.693667
1182,router_3_7,router_7_6,3.6000,0.699023
1183,router_3_7,router_7_6,3.3001,0.700702
1184,router_4_7,router_7_6,2.9001,0.752942
1185,router_4_7,router_6_6,2.5001,0.810489
1186,router_4_7,router_6_6,1.9000,0.811537
1187,router_4_7,router_6_6,2.4000,0.810639
1188,router_5_7,router_6_6,2.8001,0.874954
1189,router_5_7,router_5_6,1.5000,0.949813
1190,router_5_7,router_5_6,1.0000,0.949813
1191,router_5_7,router_5_6,0.5000,0.949813
1192,router_6_7,router_5_6,2.3001,0.876790
1193,router_6_7,router_4_6,2.9001,0.810265
1194,router_6_7,router_4_6,1.9000,0.811761
1195,router_6_7,router_4_6,1.9000,0.811761
1196,router_7_7,router_4_6,1.9000,0.755497
1197,router_7_7,router_3_6,4.1001,0.698843
1198,router_7_7,router_3_6,3.1000,0.700042
1199,router_7_7,router_3_6,4.1001,0.697648
1200,router_2_7,router_1_7,3.0001,0.949813
1202,router_2_7,router_0_7,3.8001,0.874288
1203,router_2_7,router_0_7,0.8000,0.878464
1203,router_2_7,router_0_7,2.3001,0.876790
1204,router_3_7,router_0_7,2.4000,0.810265
1205,router_3_7,router_7_6,3.7001,0.699622
1206,router_3_7,router_7_6,4.6001,0.698305
1207,router_3_7,router_7_6,4.5001,0.695445
1208,router_4_7,router_7_6,5.3001,0.746016
1209,router_4_7,router_6_6,1.4000,0.813637
1210,router_4_7,router_6_6,3.4001,0.810041
1211,router_4_7,router_6_6,2.4000,0.810041
1212,router_5_7,router_6_6,4.3001,0.873789
1213,router_5_7,router_5_6,0.5000,0.949813
1214,router_5_7,router_5_6,7.0002,0.949813
1215,router_5_7,router_5_6,1.0000,0.949813
1216,router_6_7,router_5_6,2.8001,0.875121
1217,router_6_7,router_4_6,1.4000,0.813261
1218,router_6_7,router_4_6,2.9000,0.809519
1219,router_6_7,router_4_6,2.4000,0.810265
1220,router_7_7,router_4_6,4.9001,0.749467
1221,router_7_7,router_3_6,3.6000,0.700042
1222,router_7_7,router_3_6,5.6001,0.692308
1223,router_7_7,router_3_6,3.6000,0.700642
1225,router_2_7,router_0_7,2.3001,0.875955
1226,router_2_7,router_0_7,2.3001,0.876790
1227,router_2_7,router_0_7,1.8000,0.876790
1227,router_2_7,router_0_7,2.8001,0.875955
1228,router_3_7,router_7_6,3.3000,0.700582
1229,router_3_7,router_7_6,4.6001,0.694496
1230,router_3_7,router_7_6,4.0001,0.700582
1231,router_3_7,router_7_6,5.7001,0.692839
1232,router_4_7,router_6_6,2.4000,0.811237
1233,router_4_7,router_6_6,1.9000,0.811537
1234,router_4_7,router_6_6,2.4000,0.810041
1235,router_4_7,router_6_6,3.9001,0.806172
1236,router_5_7,router_5_6,2.0000,0.949813
1236,router_5_7,router_5_6,1.0000,0.949813
1238,router_5_7,router_5_6,0.5000,0.949813
1239,router_5_7,router_5_6,0.5000,0.949813
1240,router_6_7,router_4_6,2.6001,0.811911
1241,router_6_7,router_4_6,3.4001,0.808029
1242,router_6_7,router_4_6,2.4000,0.811013
1243,router_6_7,router_4_6,2.9000,0.808773
1244,router_7_7,router_3_6,4.6001,0.694673
1245,router_7_7,router_3_6,3.6000,0.698843
1246,router_7_7,router_3_6,6.1001,0.689369
1247,router_7_7,router_3_6,4.1001,0.698245
1248,router_2_7,router_0_7,3.3001,0.874288
1249,router_2_7,router_0_7,1.8000,0.876790
1250,router_2_7,router_0_7,2.3001,0.875955
1251,router_2_7,router_0_7,1.8000,0.876790
1252,router_3_7,router_7_6,3.6000,0.700462
1253,router_3_7,router_7_6,5.3001,0.693903
1254,router_3_7,router_7_6,6.0002,0.695682
1255,router_3_7,router_7_6,4.1001,0.697230
1256,router_4_7,router_6_6,2.1000,0.811088
1257,router_4_7,router_6_6,3.4001,0.810639
1258,router_4_7,router_6_6,2.4000,0.810041
1259,router_4_7,router_6_6,2.9001,0.812136
1260,router_5_7,router_5_6,2.5001,0.949813
1260,router_5_7,router_5_6,0.5000,0.949813
1261,router_5_7,router_5_6,2.0000,0.949813
1263,router_5_7,router_5_6,1.0000,0.949813
1264,router_6_7,router_4_6,2.1000,0.812661
1265,router_6_7,router_4_6,4.4001,0.806543
1266,router_6_7,router_4_6,2.1000,0.812661
1267,router_6_7,router_4_6,3.1001,0.811162
1268,router_7_7,router_3_6,4.1001,0.697648
1269,router_7_7,router_3_6,4.6001,0.695861
1270,router_7_7,router_3_6,4.1001,0.697648
1271,router_7_7,router_3_6,3.1000,0.700642
1272,router_1_7,router_0_7,2.5001,0.949813
1273,router_2_7,router_0_7,2.2001,0.876957
1274,router_2_7,router_0_7,1.3000,0.878464
1275,router_2_7,router_0_7,1.8000,0.876790
1276,router_2_7,router_7_6,4.7001,0.650350
1277,router_3_7,router_7_6,4.1001,0.698664
1278,router_3_7,router_7_6,3.7001,0.698664
1279,router_3_7,router_7_6,4.5001,0.695326
1280,router_3_7,router_6_6,1.9000,0.754554
1281,router_4_7,router_6_6,2.4000,0.811237
1282,router_4_7,router_6_6,2.6001,0.811986
1283,router_4_7,router_6_6,2.6001,0.812436
1284,router_4_7,router_5_6,3.8001,0.874621
1286,router_5_7,router_5_6,2.0000,0.949813
1287,router_5_7,router_5_6,0.5000,0.949813
1287,router_5_7,router_5_6,0.5000,0.949813
1288,router_5_7,router_4_6,3.8001,0.873456
1289,router_6_7,router_4_6,1.4000,0.813261
1290,router_6_7,router_4_6,3.4001,0.808773
1291,router_6_7,router_4_6,2.4000,0.811761
1292,router_6_7,router_3_6,3.4001,0.752138
1293,router_7_7,router_3_6,3.1000,0.700042
1294,router_7_7,router_3_6,4.1001,0.697051
1295,router_7_7,router_3_6,2.6000,0.702449
1296,router_7_7,router_2_6,5.1001,0.649071
1297,router_1_7,router_0_7,0.5000,0.949813
1299,router_2_7,router_0_7,2.3001,0.876790
1300,router_2_7,router_0_7,1.3000,0.877627
1300,router_2_7,router_0_7,1.8000,0.876790
1301,router_2_7,router_7_6,4.1001,0.652169
1302,router_3_7,router_7_6,4.1001,0.696754
1303,router_3_7,router_7_6,3.7001,0.699382
1304,router_3_7,router_7_6,4.1001,0.697827
1305,router_3_7,router_6_6,2.5001,0.754958
1306,router_4_7,router_6_6,1.4000,0.813637
1307,router_4_7,router_6_6,2.9001,0.809146
1308,router_4_7,router_6_6,2.1000,0.811088
1309,router_4_7,router_5_6,1.1000,0.877961
1310,router_5_7,router_5_6,1.0000,0.949813
1310,router_5_7,router_5_6,2.5001,0.949813
1311,router_5_7,router_5_6,0.5000,0.949813
1313,router_5_7,router_4_6,0.8000,0.878464
1314,router_6_7,router_4_6,1.9000,0.811761
1315,router_6_7,router_4_6,2.4000,0.812511
1316,router_6_7,router_4_6,1.9000,0.811761
1317,router_6_7,router_3_6,3.9001,0.750134
1318,router_7_7,router_3_6,3.6000,0.700042
1319,router_7_7,router_3_6,3.2001,0.702207
1320,router_7_7,router_3_6,4.6001,0.695861
1321,router_7_7,router_2_6,4.1001,0.651205
1323,router_1_7,router_0_7,0.5000,0.949813
1323,router_1_7,router_0_7,4.0001,0.949813
1324,router_2_7,router_0_7,2.2001,0.876122
1325,router_2_7,router_0_7,2.3001,0.877627
1326,router_2_7,router_7_6,5.6001,0.646631
1327,router_2_7,router_7_6,3.3001,0.653566
1328,router_3_7,router_7_6,3.7001,0.698185
1329,router_3_7,router_7_6,4.9001,0.694614
1330,router_3_7,router_6_6,1.4000,0.755902
1331,router_3_7,router_6_6,1.7000,0.755228
1332,router_4_7,router_6_6,1.9000,0.812136
1333,router_4_7,router_6_6,2.4000,0.811237
1334,router_4_7,router_5_6,1.8000,0.877292
1335,router_4_7,router_5_6,2.8001,0.874954
1336,router_5_7,router_5_6,0.5000,0.949813
1337,router_5_7,router_5_6,1.5000,0.949813
1338,router_5_7,router_4_6,1.3000,0.877627
1339,router_5_7,router_4_6,1.3000,0.877627
1340,router_6_7,router_4_6,2.9001,0.808773
1341,router_6_7,router_4_6,5.9001,0.802108
1342,router_6_7,router_3_6,2.4000,0.753479
1343,router_6_7,router_3_6,1.9000,0.754824
1344,router_7_7,router_3_6,3.1000,0.701244
1345,router_7_7,router_3_6,3.6000,0.698245
1346,router_7_7,router_2_6,5.1001,0.650136
1347,router_7_7,router_2_6,3.1000,0.654967
1348,router_1_7,router_0_7,3.5001,0.949813
1349,router_1_7,router_0_7,1.0000,0.949813
1351,router_2_7,router_0_7,1.3000,0.878464
1351,router_2_7,router_0_7,1.8000,0.876790
1352,router_2_7,router_7_6,3.6000,0.653028
1353,router_2_7,router_7_6,3.9001,0.653135
1354,router_3_7,router_7_6,3.6000,0.699023
1355,router_3_7,router_7_6,3.3001,0.700582
1356,router_3_7,router_6_6,2.1000,0.754016
1357,router_3_7,router_6_6,6.4001,0.742589
1358,router_4_7,router_6_6,3.0000,0.812136
1359,router_4_7,router_6_6,4.4001,0.809444
1360,router_4_7,router_5_6,1.1000,0.877961
1361,router_4_7,router_5_6,1.3000,0.877459
1363,router_5_7,router_5_6,1.0000,0.949813
1363,router_5_7,router_5_6,1.5000,0.949813
1364,router_5_7,router_4_6,1.8000,0.878464
1365,router_5_7,router_4_6,0.8000,0.878464
1366,router_6_7,router_4_6,2.9001,0.812511
1367,router_6_7,router_4_6,1.6000,0.813412
1368,router_6_7,router_3_6,1.9000,0.754824
1369,router_6_7,router_3_6,1.9000,0.755497
1370,router_7_7,router_3_6,4.1001,0.698245
1371,router_7_7,router_3_6,5.1001,0.693489
1372,router_7_7,router_2_6,5.1001,0.650136
1373,router_7_7,router_2_6,3.6000,0.653350
1375,router_1_7,router_0_7,5.0001,0.949813
1376,router_1_7,router_0_7,1.5000,0.949813
1376,router_1_7,router_0_7,0.5000,0.949813
1377,router_2_7,router_0_7,0.8000,0.878464
1378,router_2_7,router_7_6,4.5001,0.650243
1379,router_2_7,router_7_6,4.1001,0.651098
1380,router_2_7,router_7_6,3.3001,0.654427
1381,router_3_7,router_7_6,4.6001,0.695445
1382,router_3_7,router_6_6,4.9001,0.747606
1383,router_3_7,router_6_6,3.7001,0.751202
1384,router_3_7,router_6_6,2.1000,0.754016
1385,router_4_7,router_6_6,3.9001,0.805579
1386,router_4_7,router_5_6,1.5000,0.877292
1387,router_4_7,router_5_6,2.3000,0.875788
1388,router_4_7,router_5_6,1.1000,0.877961
1389,router_5_7,router_5_6,1.0000,0.949813
1390,router_5_7,router_4_6,5.3001,0.870967
1391,router_5_7,router_4_6,1.8000,0.878464
1392,router_5_7,router_4_6,3.8001,0.873456
1393,router_6_7,router_4_6,3.9001,0.810265
1394,router_6_7,router_3_6,4.4001,0.748802
1395,router_6_7,router_3_6,4.4001,0.748802
1396,router_6_7,router_3_6,3.9001,0.750134
1397,router_7_7,router_3_6,5.6001,0.694673
1398,router_7_7,router_2_6,4.0001,0.652491
1399,router_7_7,router_2_6,5.1001,0.649603
1400,router_7_7,router_2_6,4.1001,0.652276
1401,router_1_7,router_0_7,0.5000,0.949813
1401,router_1_7,router_0_7,1.0000,0.949813
1402,router_1_7,router_0_7,0.5000,0.949813
1404,router_2_7,router_0_7,2.8001,0.875955
1405,router_2_7,router_7_6,4.1001,0.652705
1406,router_2_7,router_7_6,6.3002,0.648539
1407,router_2_7,router_7_6,3.6000,0.652598
1408,router_3_7,router_7_6,3.7001,0.700462
1409,router_3_7,router_6_6,1.7000,0.755093
1410,router_3_7,router_6_6,1.4000,0.755902
1411,router_3_7,router_6_6,2.5000,0.753748
1412,router_4_7,router_6_6,1.9000,0.813337
1413,router_4_7,router_5_6,0.8000,0.878296
1414,router_4_7,router_5_6,1.1000,0.877961
1415,router_4_7,router_5_6,1.1000,0.877961
1416,router_5_7,router_5_6,0.5000,0.949813
1417,router_5_7,router_4_6,2.3001,0.876790
1418,router_5_7,router_4_6,1.3000,0.878464
1419,router_5_7,router_4_6,3.3001,0.874288
1420,router_6_7,router_4_6,2.9001,0.809519
1421,router_6_7,router_3_6,2.9000,0.752808
1422,router_6_7,router_3_6,1.9000,0.754824
1423,router_6_7,router_3_6,2.9000,0.754151
1424,router_7_7,router_3_6,4.1001,0.697051
1425,router_7_7,router_2_6,5.6001,0.646948
1426,router_7_7,router_2_6,6.1001,0.644836
1427,router_7_7,router_2_6,4.0001,0.651954
1428,router_1_7,router_0_7,0.5000,0.949813
1429,router_1_7,router_0_7,1.5000,0.949813
1430,router_1_7,router_0_7,0.5000,0.949813
1431,router_1_7,router_0_7,1.0000,0.949813
1432,router_2_7,router_7_6,4.1001,0.653135
1433,router_2_7,router_7_6,3.1001,0.656048
1434,router_2_7,router_7_6,4.1001,0.651419
1435,router_2_7,router_7_6,3.5001,0.653781
1436,router_3_7,router_6_6,3.9001,0.751335
1437,router_3_7,router_6_6,2.4000,0.753748
1438,router_3_7,router_6_6,2.9000,0.751870
1439,router_3_7,router_6_6,2.5000,0.753479
1440,router_4_7,router_5_6,1.3000,0.878129
1441,router_4_7,router_5_6,0.8000,0.878296
1442,router_4_7,router_5_6,1.5000,0.878129
1443,router_4_7,router_5_6,1.9001,0.877459
1444,router_5_7,router_4_6,0.8000,0.878464
1445,router_5_7,router_4_6,2.3001,0.876790
1446,router_5_7,router_4_6,0.8000,0.878464
1447,router_5_7,router_4_6,1.3000,0.877627
1448,router_6_7,router_3_6,2.4000,0.754151
1449,router_6_7,router_3_6,2.4000,0.754824
1450,router_6_7,router_3_6,2.9000,0.753479
1451,router_6_7,router_3_6,2.9000,0.752808
1452,router_7_7,router_2_6,5.1001,0.648008
1453,router_7_7,router_2_6,4.1001,0.651740
1454,router_7_7,router_2_6,4.1001,0.652276
1455,router_7_7,router_2_6,4.1001,0.651740
1456,router_1_7,router_0_7,1.0000,0.949813
1457,router_1_7,router_0_7,0.5000,0.949813
1458,router_1_7,router_0_7,1.0000,0.949813
1459,router_1_7,router_0_7,1.5000,0.949813
1460,router_2_7,router_7_6,8.1002,0.639711
1461,router_2_7,router_7_6,3.1000,0.654212
1462,router_2_7,router_7_6,3.7001,0.652813
1463,router_2_7,router_7_6,2.9000,0.655832
1464,router_3_7,router_6_6,2.4000,0.753211
1465,router_3_7,router_6_6,3.4001,0.752674
1466,router_3_7,router_6_6,2.9001,0.754016
1467,router_3_7,router_6_6,3.4001,0.752674
1468,router_4_7,router_5_6,1.8000,0.876623
1469,router_4_7,router_5_6,1.8000,0.876623
1470,router_4_7,router_5_6,1.8000,0.877292
1471,router_4_7,router_5_6,1.1000,0.877961
1472,router_5_7,router_4_6,1.3000,0.877627
1473,router_5_7,router_4_6,2.3001,0.877627
1474,router_5_7,router_4_6,0.8000,0.878464
1475,router_5_7,router_4_6,2.3001,0.875955
1476,router_6_7,router_3_6,2.9001,0.752808
1477,router_6_7,router_3_6,3.9001,0.750134
1478,router_6_7,router_3_6,3.4001,0.752138
1479,router_6_7,router_3_6,2.9000,0.753479
1480,router_7_7,router_2_6,6.5001,0.646102
1481,router_7_7,router_2_6,3.6000,0.654427
1482,router_7_7,router_2_6,3.6000,0.652813
1483,router_7_7,router_2_6,3.6000,0.653350
1484,router_1_7,router_0_7,0.5000,0.949813
1485,router_1_7,router_0_7,1.5000,0.949813
1485,router_1_7,router_0_7,0.5000,0.949813
1487,router_1_7,router_7_6,5.3001,0.606192
1488,router_2_7,router_7_6,5.1001,0.647796
1489,router_2_7,router_7_6,3.7001,0.652383
1490,router_2_7,router_7_6,4.5001,0.651098
1491,router_2_7,router_6_6,3.7001,0.697827
1492,router_3_7,router_6_6,4.1001,0.749734
1493,router_3_7,router_6_6,2.5000,0.754151
1494,router_3_7,router_6_6,2.1000,0.754554
1495,router_3_7,router_5_6,3.3001,0.809593
1496,router_4_7,router_5_6,1.3000,0.877459
1497,router_4_7,router_5_6,1.1000,0.877961
1498,router_4_7,router_5_6,1.3000,0.878129
1499,router_4_7,router_4_6,1.5000,0.949813
1500,router_5_7,router_4_6,1.8000,0.878464
1501,router_5_7,router_4_6,1.3000,0.877627
1502,router_5_7,router_4_6,3.3001,0.874288
1503,router_5_7,router_3_6,2.4000,0.810265
1504,router_6_7,router_3_6,2.4000,0.753479
1505,router_6_7,router_3_6,2.9000,0.752808
1506,router_6_7,router_3_6,4.9001,0.748137
1507,router_6_7,router_2_6,3.1000,0.700042
1508,router_7_7,router_2_6,6.1001,0.646419
1509,router_7_7,router_2_6,4.1001,0.652276
1510,router_7_7,router_2_6,3.6000,0.653350
1511,router_7_7,router_1_6,5.1001,0.608145
1512,router_1_7,router_0_7,0.5000,0.949813
1513,router_1_7,router_0_7,2.0001,0.949813
1514,router_1_7,router_0_7,2.0000,0.949813
1515,router_1_7,router_7_6,3.7001,0.611166
1516,router_2_7,router_7_6,3.6000,0.653889
1517,router_2_7,router_7_6,3.3001,0.653673
1518,router_2_7,router_7_6,6.1001,0.645996
1519,router_2_7,router_6_6,4.9001,0.694614
1520,router_3_7,router_6_6,3.7001,0.754554
1521,router_3_7,router_6_6,2.9000,0.752406
1522,router_3_7,router_6_6,5.3001,0.748270
1523,router_3_7,router_5_6,4.6001,0.808848
1524,router_4_7,router_5_6,0.8000,0.878296
1525,router_4_7,router_5_6,1.8000,0.876623
1526,router_4_7,router_5_6,2.3001,0.875788
1527,router_4_7,router_4_6,1.0000,0.949813
1528,router_5_7,router_4_6,2.3001,0.875955
1529,router_5_7,router_4_6,1.3000,0.877627
1530,router_5_7,router_4_6,1.8000,0.876790
1531,router_5_7,router_3_6,2.4000,0.811013
1532,router_6_7,router_3_6,3.4001,0.752138
1533,router_6_7,router_3_6,2.9000,0.754824
1534,router_6_7,router_3_6,1.4000,0.756172
1535,router_6_7,router_2_6,4.1001,0.698245
1536,router_7_7,router_2_6,5.6001,0.648539
1537,router_7_7,router_2_6,4.1001,0.651740
1538,router_7_7,router_2_6,5.0001,0.651419
1539,router_7_7,router_1_6,4.1001,0.610060
1540,router_1_7,router_0_7,5.0001,0.949813
1540,router_1_7,router_0_7,1.0000,0.949813
1542,router_1_7,router_7_6,4.9001,0.607143
1543,router_1_7,router_7_6,6.1001,0.604770
1544,router_2_7,router_7_6,5.1001,0.649071
1545,router_2_7,router_7_6,3.6000,0.653458
1546,router_2_7,router_6_6,4.1001,0.696277
1547,router_2_7,router_6_6,3.1000,0.700823
1548,router_3_7,router_6_6,3.7001,0.749734
1549,router_3_7,router_6_6,2.9000,0.751870
1550,router_3_7,router_5_6,3.4001,0.808848
1551,router_3_7,router_5_6,2.5000,0.809892
1552,router_4_7,router_5_6,2.8001,0.875621
1553,router_4_7,router_5_6,1.1000,0.877961
1554,router_4_7,router_4_6,1.0000,0.949813
1555,router_4_7,router_4_6,0.5000,0.949813
1556,router_5_7,router_4_6,0.8000,0.878464
1557,router_5_7,router_4_6,1.3000,0.877627
1558,router_5_7,router_3_6,1.9000,0.811761
1559,router_5_7,router_3_6,1.9000,0.811761
1560,router_6_7,router_3_6,2.4000,0.753479
1561,router_6_7,router_3_6,7.9002,0.738924
1562,router_6_7,router_2_6,3.1000,0.701244
1563,router_6_7,router_2_6,6.2001,0.698604
1564,router_7_7,router_2_6,3.6000,0.653350
1565,router_7_7,router_2_6,4.5001,0.651954
1566,router_7_7,router_1_6,3.1000,0.613727
1567,router_7_7,router_1_6,5.6001,0.605291
1568,router_1_7,router_0_7,0.5000,0.949813
1568,router_1_7,router_0_7,0.5000,0.949813
1570,router_1_7,router_7_6,4.6001,0.609532
1571,router_1_7,router_7_6,4.1001,0.609436
1572,router_2_7,router_7_6,2.7000,0.655615
1573,router_2_7,router_7_6,4.6001,0.650670
1574,router_2_7,router_6_6,4.1001,0.696873
1575,router_2_7,router_6_6,4.1001,0.697230
1576,router_3_7,router_6_6,5.3001,0.746016
1577,router_3_7,router_6_6,2.5000,0.753076
1578,router_3_7,router_5_6,3.4001,0.810041
1579,router_3_7,router_5_6,3.9001,0.806765
1580,router_4_7,router_5_6,2.8001,0.875621
1581,router_4_7,router_5_6,2.3000,0.875788
1583,router_4_7,router_4_6,1.0000,0.949813
1583,router_4_7,router_4_6,1.0000,0.949813
1584,router_5_7,router_4_6,2.3001,0.875955
1585,router_5_7,router_4_6,1.8000,0.876790
1586,router_5_7,router_3_6,2.6001,0.811911
1587,router_5_7,router_3_6,4.9001,0.805801
1588,router_6_7,router_3_6,1.9000,0.754824
1589,router_6_7,router_3_6,5.4001,0.746810
1590,router_6_7,router_2_6,4.6001,0.696456
1591,router_6_7,router_2_6,4.6001,0.695267
1592,router_7_7,router_2_6,4.6001,0.651205
1593,router_7_7,router_2_6,4.1001,0.652813
1594,router_7_7,router_1_6,4.1001,0.610060
1595,router_7_7,router_1_6,7.1001,0.601990
1596,router_1_7,router_0_7,0.5000,0.949813
1597,router_1_7,router_7_6,4.9001,0.607620
1598,router_1_7,router_7_6,6.1001,0.605054
1599,router_1_7,router_7_6,4.6001,0.606858
1600,router_2_7,router_7_6,5.1001,0.648645
1601,router_2_7,router_6_6,3.3001,0.699143
1602,router_2_7,router_6_6,2.9000,0.700582
1603,router_2_7,router_6_6,3.3001,0.700102
1604,router_3_7,router_6_6,3.7001,0.749867
1605,router_3_7,router_5_6,4.9001,0.806023
1606,router_3_7,router_5_6,3.0001,0.811237
1607,router_3_7,router_5_6,3.0001,0.811387
1608,router_4_7,router_5_6,2.3001,0.875788
1610,router_4_7,router_4_6,0.5000,0.949813
1611,router_4_7,router_4_6,0.5000,0.949813
1611,router_4_7,router_4_6,0.5000,0.949813
1612,router_5_7,router_4_6,1.8001,0.876790
1613,router_5_7,router_3_6,2.1000,0.812661
1614,router_5_7,router_3_6,1.4000,0.813261
1615,router_5_7,router_3_6,2.4000,0.810265
1616,router_6_7,router_3_6,1.4000,0.756172
1617,router_6_7,router_2_6,5.1001,0.695267
1618,router_6_7,router_2_6,4.6001,0.695861
1619,router_6_7,router_2_6,4.1001,0.698245
1620,router_7_7,router_2_6,3.1000,0.655507
1621,router_7_7,router_1_6,3.1000,0.612952
1622,router_7_7,router_1_6,4.3001,0.611407
1623,router_7_7,router_1_6,4.1001,0.610060
1624,router_1_7,router_0_7,1.0000,0.949813
1625,router_1_7,router_7_6,3.7001,0.612034
1626,router_1_7,router_7_6,4.9001,0.607524
1627,router_1_7,router_7_6,4.1001,0.609820
1628,router_2_7,router_7_6,2.9000,0.654859
1629,router_2_7,router_6_6,6.1001,0.692013
1630,router_2_7,router_6_6,3.6000,0.699023
1631,router_2_7,router_6_6,3.6000,0.698544
1632,router_3_7,router_6_6,1.9000,0.755093
1633,router_3_7,router_5_6,2.1000,0.811686
1634,router_3_7,router_5_6,2.2000,0.812586
1635,router_3_7,router_5_6,2.1000,0.811686
1636,router_4_7,router_5_6,1.3001,0.877459
1637,router_4_7,router_4_6,1.5000,0.949813
1638,router_4_7,router_4_6,3.5001,0.949813
1639,router_4_7,router_4_6,0.5000,0.949813
1640,router_5_7,router_4_6,3.3001,0.874288
1641,router_5_7,router_3_6,2.9001,0.811013
1642,router_5_7,router_3_6,2.9000,0.810265
1643,router_5_7,router_3_6,2.9000,0.808773
1644,router_6_7,router_3_6,2.4000,0.754151
1645,router_6_7,router_2_6,6.1001,0.691719
1646,router_6_7,router_2_6,3.6000,0.700042
1647,router_6_7,router_2_6,5.1001,0.694673
1648,router_7_7,router_2_6,3.6000,0.652813
1649,router_7_7,router_1_6,3.6000,0.611503
1650,router_7_7,router_1_6,5.8001,0.607572
1651,router_7_7,router_1_6,4.1001,0.611985
1652,router_1_7,router_7_6,4.5001,0.609916
1653,router_1_7,router_7_6,7.1001,0.601662
1654,router_1_7,router_7_6,5.1001,0.608097
1655,router_1_7,router_7_6,4.9001,0.607238
1656,router_2_7,router_6_6,3.7001,0.698185
1657,router_2_7,router_6_6,3.3001,0.699742
1658,router_2_7,router_6_6,5.6001,0.691896
1659,router_2_7,router_6_6,3.3001,0.700702
1660,router_3_7,router_5_6,2.5001,0.811088
1661,router_3_7,router_5_6,2.4000,0.811836
1662,router_3_7,router_5_6,2.9000,0.811537
1663,router_3_7,router_5_6,2.9000,0.810340
1664,router_4_7,router_4_6,0.5000,0.949813
1665,router_4_7,router_4_6,1.0000,0.949813
1666,router_4_7,router_4_6,1.5000,0.949813
1667,router_4_7,router_4_6,4.0001,0.949813
1668,router_5_7,router_3_6,1.9000,0.811761
1669,router_5_7,router_3_6,2.6000,0.811911
1670,router_5_7,router_3_6,2.4000,0.811013
1671,router_5_7,router_3_6,3.4001,0.808773
1672,router_6_7,router_2_6,2.6000,0.701846
1673,router_6_7,router_2_6,4.7001,0.699802
1674,router_6_7,router_2_6,3.7001,0.700402
1675,router_6_7,router_2_6,4.6001,0.697648
1676,router_7_7,router_1_6,4.6001,0.610060
1677,router_7_7,router_1_6,4.1001,0.610829
1678,router_7_7,router_1_6,4.6001,0.607667
1679,router_7_7,router_1_6,3.1000,0.613436
1680,router_1_7,router_7_6,3.1000,0.612710
1681,router_1_7,router_7_6,5.7001,0.605528
1682,router_1_7,router_7_6,3.7001,0.611455
1683,router_1_7,router_7_6,4.1001,0.609820
1684,router_2_7,router_6_6,2.9000,0.701063
1685,router_2_7,router_6_6,4.4001,0.699862
1686,router_2_7,router_6_6,3.3000,0.700222
1687,router_2_7,router_6_6,3.3001,0.701063
1688,router_3_7,router_5_6,1.4000,0.813036
1689,router_3_7,router_5_6,1.9000,0.812136
1690,router_3_7,router_5_6,2.2000,0.812436
1691,router_3_7,router_5_6,2.1000,0.811836
1692,router_4_7,router_4_6,0.5000,0.949813
1693,router_4_7,router_4_6,2.5001,0.949813
1694,router_4_7,router_4_6,0.5000,0.949813
1695,router_4_7,router_4_6,1.0000,0.949813
1696,router_5_7,router_3_6,4.1001,0.809668
1697,router_5_7,router_3_6,2.9001,0.810265
1698,router_5_7,router_3_6,3.6001,0.811911
1699,router_5_7,router_3_6,3.9001,0.808029
1700,router_6_7,router_2_6,4.6001,0.697648
1701,router_6_7,router_2_6,4.1001,0.697648
1702,router_6_7,router_2_6,3.6000,0.700642
1703,router_6_7,router_2_6,6.6001,0.690542
1704,router_7_7,router_1_6,3.6000,0.612468
1705,router_7_7,router_1_6,5.1001,0.607667
1706,router_7_7,router_1_6,6.1001,0.603401
1707,router_7_7,router_1_6,5.8001,0.608049
1708,router_0_7,router_7_6,3.7001,0.573738
1709,router_1_7,router_7_6,4.1001,0.609053
1710,router_1_7,router_7_6,4.9001,0.608479
1711,router_1_7,router_7_6,4.1001,0.610877
1712,router_1_7,router_6_6,4.1001,0.651633
1713,router_2_7,router_6_6,3.7001,0.699862
1714,router_2_7,router_6_6,6.5001,0.690014
1715,router_2_7,router_6_6,4.6001,0.695920
1716,router_2_7,router_5_6,2.5001,0.753613
1717,router_3_7,router_5_6,2.9000,0.810938
1718,router_3_7,router_5_6,2.5000,0.811387
1719,router_3_7,router_5_6,4.4001,0.804690
1720,router_3_7,router_4_6,1.8000,0.876623
1721,router_4_7,router_4_6,2.0000,0.949813
1722,router_4_7,router_4_6,1.0000,0.949813
1723,router_4_7,router_4_6,1.5000,0.949813
1724,router_4_7,router_3_6,0.8000,0.878464
1725,router_5_7,router_3_6,2.4000,0.810265
1726,router_5_7,router_3_6,4.6001,0.809668
1727,router_5_7,router_3_6,4.9001,0.803582
1728,router_5_7,router_2_6,1.9000,0.754824
1729,router_6_7,router_2_6,3.1000,0.701244
1730,router_6_7,router_2_6,4.1001,0.699442
1731,router_6_7,router_2_6,3.1000,0.700042
1732,router_6_7,router_1_6,6.6001,0.646419
1733,router_7_7,router_1_6,5.1001,0.606240
1734,router_7_7,router_1_6,5.1001,0.608623
1735,router_7_7,router_1_6,3.6000,0.611503
1736,router_7_7,router_0_6,6.6001,0.568430
1737,router_0_7,router_7_6,4.5001,0.571930
1738,router_1_7,router_7_6,4.9001,0.607811
1739,router_1_7,router_7_6,4.5001,0.608957
1740,router_1_7,router_7_6,4.6001,0.608384
1741,router_1_7,router_6_6,5.3001,0.647584
1742,router_2_7,router_6_6,4.5001,0.696039
1743,router_2_7,router_6_6,5.1001,0.694614
1744,router_2_7,router_6_6,3.6000,0.698544
1745,router_2_7,router_5_6,2.4000,0.753211
1746,router_3_7,router_5_6,3.4001,0.810041
1747,router_3_7,router_5_6,2.4000,0.810639
1748,router_3_7,router_5_6,2.5000,0.811836
1749,router_3_7,router_4_6,2.3000,0.877125
1751,router_4_7,router_4_6,0.5000,0.949813
1752,router_4_7,router_4_6,0.5000,0.949813
1752,router_4_7,router_4_6,0.5000,0.949813
1753,router_4_7,router_3_6,1.3000,0.877627
1754,router_5_7,router_3_6,2.1000,0.812661
1755,router_5_7,router_3_6,2.4000,0.810265
1756,router_5_7,router_3_6,2.4000,0.811013
1757,router_5_7,router_2_6,3.9001,0.750801
1758,router_6_7,router_2_6,3.6000,0.698843
1759,router_6_7,router_2_6,4.1001,0.697648
1760,router_6_7,router_2_6,6.1001,0.692308
1761,router_6_7,router_1_6,3.6000,0.653889
1762,router_7_7,router_1_6,4.1001,0.610540
1763,router_7_7,router_1_6,5.1001,0.606240
1764,router_7_7,router_1_6,4.8001,0.609964
1765,router_7_7,router_0_6,4.6001,0.572704
1766,router_0_7,router_7_6,4.1001,0.573738
1767,router_0_7,router_7_6,7.3002,0.564380
1768,router_1_7,router_7_6,4.9001,0.608288
1769,router_1_7,router_7_6,3.7001,0.611166
1770,router_1_7,router_6_6,4.1001,0.651526
1771,router_1_7,router_6_6,8.1002,0.638777
1772,router_2_7,router_6_6,4.1001,0.697230
1773,router_2_7,router_6_6,4.9001,0.696753
1774,router_2_7,router_5_6,2.5001,0.753479
1775,router_2_7,router_5_6,1.7000,0.755093
1776,router_3_7,router_5_6,5.3001,0.801593
1777,router_3_7,router_5_6,4.4001,0.805875
1778,router_3_7,router_4_6,1.8000,0.877292
1779,router_3_7,router_4_6,0.8000,0.878296
1780,router_4_7,router_4_6,0.5000,0.949813
1781,router_4_7,router_4_6,0.5000,0.949813
1782,router_4_7,router_3_6,0.8000,0.878464
1783,router_4_7,router_3_6,1.3000,0.877627
1784,router_5_7,router_3_6,5.4001,0.807285
1785,router_5_7,router_3_6,3.9001,0.809519
1786,router_5_7,router_2_6,1.9000,0.754824
1787,router_5_7,router_2_6,2.9000,0.752808
1788,router_6_7,router_2_6,4.1001,0.698245
1789,router_6_7,router_2_6,3.1000,0.701846
1790,router_6_7,router_1_6,4.0001,0.653028
1791,router_6_7,router_1_6,6.6001,0.644836
1792,router_7_7,router_1_6,4.6001,0.609388
1793,router_7_7,router_1_6,5.1001,0.607191
1794,router_7_7,router_0_6,6.1001,0.570133
1795,router_7_7,router_0_6,3.6000,0.574863
1796,router_0_7,router_7_6,4.9001,0.570218
1797,router_0_7,router_7_6,4.5001,0.572790
1798,router_1_7,router_7_6,4.1001,0.610588
1799,router_1_7,router_7_6,4.2001,0.610396
1800,router_1_7,router_6_6,4.3001,0.652813
1801,router_1_7,router_6_6,3.7001,0.653135
1802,router_2_7,router_6_6,3.6000,0.700462
1803,router_2_7,router_6_6,4.1001,0.699262
1804,router_2_7,router_5_6,4.1001,0.749734
1805,router_2_7,router_5_6,1.9000,0.754554
1806,router_3_7,router_5_6,5.9001,0.799684
1807,router_3_7,router_5_6,2.2000,0.812436
1808,router_3_7,router_4_6,1.8000,0.877961
1809,router_3_7,router_4_6,1.3000,0.877459
1810,router_4_7,router_4_6,1.0000,0.949813
1811,router_4_7,router_4_6,1.5000,0.949813
1812,router_4_7,router_3_6,4.3001,0.874288
1813,router_4_7,router_3_6,1.3000,0.877627
1814,router_5_7,router_3_6,2.1000,0.812661
1815,router_5_7,router_3_6,3.6001,0.810415
1816,router_5_7,router_2_6,2.4000,0.754151
1817,router_5_7,router_2_6,5.9001,0.745487
1818,router_6_7,router_2_6,3.7001,0.700402
1819,router_6_7,router_2_6,3.7001,0.701003
1820,router_6_7,router_1_6,5.6001,0.647478
1821,router_6_7,router_1_6,5.1001,0.648008
1822,router_7_7,router_1_6,3.8001,0.612372
1823,router_7_7,router_1_6,3.6000,0.611021
1824,router_7_7,router_0_6,5.6001,0.569280
1825,router_7_7,router_0_6,4.6001,0.571845
1826,router_0_7,router_7_6,5.3001,0.569280
1827,router_0_7,router_7_6,4.9001,0.570816
1828,router_0_7,router_7_6,4.5001,0.571587
1829,router_1_7,router_7_6,3.4001,0.612227
1830,router_1_7,router_6_6,4.5001,0.649816
1831,router_1_7,router_6_6,3.5001,0.654212
1832,router_1_7,router_6_6,2.9000,0.654967
1833,router_2_7,router_6_6,2.9000,0.701063
1834,router_2_7,router_5_6,2.1000,0.754151
1835,router_2_7,router_5_6,2.1000,0.754554
1836,router_2_7,router_5_6,3.9001,0.750801
1837,router_3_7,router_5_6,2.9001,0.812136
1838,router_3_7,router_4_6,1.1000,0.877961
1839,router_3_7,router_4_6,1.8000,0.876623
1840,router_3_7,router_4_6,1.5000,0.877292
1841,router_4_7,router_4_6,1.0000,0.949813
1842,router_4_7,router_3_6,2.3001,0.875955
1843,router_4_7,router_3_6,0.8000,0.878464
1844,router_4_7,router_3_6,1.3000,0.877627
1845,router_5_7,router_3_6,3.9001,0.807285
1846,router_5_7,router_2_6,2.4000,0.753479
1847,router_5_7,router_2_6,4.9001,0.747473
1848,router_5_7,router_2_6,4.9001,0.746810
1849,router_6_7,router_2_6,7.1001,0.687615
1850,router_6_7,router_1_6,3.1000,0.654967
1851,router_6_7,router_1_6,5.1001,0.649071
1852,router_6_7,router_1_6,4.1001,0.653350
1853,router_7_7,router_1_6,5.6001,0.604345
1854,router_7_7,router_0_6,4.6001,0.571416
1855,router_7_7,router_0_6,6.1001,0.570133
1856,router_7_7,router_0_6,4.1001,0.573566
1857,router_0_7,router_7_6,5.7001,0.567497
1858,router_0_7,router_7_6,3.7001,0.574776
1859,router_0_7,router_7_6,3.7001,0.574603
1860,router_1_7,router_7_6,4.6001,0.609628
1861,router_1_7,router_6_6,6.1001,0.646313
1862,router_1_7,router_6_6,4.1001,0.651098
1863,router_1_7,router_6_6,3.1000,0.654212
1864,router_2_7,router_6_6,4.9001,0.693548
1865,router_2_7,router_5_6,1.9000,0.754554
1866,router_2_7,router_5_6,1.4000,0.755902
1867,router_2_7,router_5_6,4.4001,0.748403
1868,router_3_7,router_5_6,1.9000,0.811537
1869,router_3_7,router_4_6,1.1000,0.877961
1870,router_3_7,router_4_6,6.3001,0.869809
1871,router_3_7,router_4_6,1.3000,0.877459
1872,router_4_7,router_4_6,0.5000,0.949813
1873,router_4_7,router_3_6,2.3001,0.875955
1874,router_4_7,router_3_6,1.8000,0.877627
1875,router_4_7,router_3_6,1.3000,0.877627
1876,router_5_7,router_3_6,3.4001,0.807285
1877,router_5_7,router_2_6,1.4000,0.756172
1878,router_5_7,router_2_6,2.4000,0.754824
1879,router_5_7,router_2_6,2.9000,0.754151
1880,router_6_7,router_2_6,3.6000,0.700042
1881,router_6_7,router_1_6,4.6001,0.650136
1882,router_6_7,router_1_6,4.1001,0.651740
1883,router_6_7,router_1_6,3.5001,0.653566
1884,router_7_7,router_1_6,4.6001,0.608145
1885,router_7_7,router_0_6,5.1001,0.570987
1886,router_7_7,router_0_6,5.1001,0.570560
1887,router_7_7,router_0_6,8.1002,0.564631
1888,router_0_7,router_7_6,5.7001,0.569025
1889,router_0_7,router_7_6,6.5001,0.565977
1890,router_0_7,router_7_6,5.6001,0.570133
1891,router_0_7,router_7_6,4.5001,0.571930
1892,router_1_7,router_6_6,2.9000,0.654967
1893,router_1_7,router_6_6,6.5001,0.644626
1894,router_1_7,router_6_6,4.6001,0.651098
1895,router_1_7,router_6_6,3.7001,0.653889
1896,router_2_7,router_5_6,5.7002,0.744959
1897,router_2_7,router_5_6,2.9001,0.753211
1898,router_2_7,router_5_6,3.7001,0.750801
1899,router_2_7,router_5_6,1.7000,0.755632
1900,router_3_7,router_4_6,1.3000,0.878129
1901,router_3_7,router_4_6,3.8001,0.874621
1902,router_3_7,router_4_6,1.9001,0.876623
1903,router_3_7,router_4_6,4.3001,0.872459
1904,router_4_7,router_3_6,0.8000,0.878464
1905,router_4_7,router_3_6,1.8000,0.877627
1906,router_4_7,router_3_6,1.3000,0.877627
1907,router_4_7,router_3_6,0.8000,0.878464
1908,router_5_7,router_2_6,1.9000,0.754824
1909,router_5_7,router_2_6,6.4001,0.742852
1910,router_5_7,router_2_6,4.4001,0.748802
1911,router_5_7,router_2_6,3.9001,0.750134
1912,router_6_7,router_1_6,4.6001,0.651740
1913,router_6_7,router_1_6,4.1001,0.652276
1914,router_6_7,router_1_6,3.6000,0.653350
1915,router_6_7,router_1_6,7.1001,0.644836
1916,router_7_7,router_0_6,6.6001,0.566314
1917,router_7_7,router_0_6,7.6002,0.564212
1918,router_7_7,router_0_6,4.1001,0.573135
1919,router_7_7,router_0_6,3.6000,0.576165
1920,router_0_7,router_7_6,4.9001,0.571845
1921,router_0_7,router_7_6,3.7001,0.573738
1922,router_0_7,router_7_6,4.5001,0.572790
1923,router_0_7,router_7_6,6.1001,0.567497
1924,router_1_7,router_6_6,4.1001,0.651847
1925,router_1_7,router_6_6,7.1002,0.644100
1926,router_1_7,router_6_6,4.1001,0.651419
1927,router_1_7,router_6_6,2.9000,0.654859
1928,router_2_7,router_5_6,2.5001,0.753748
1929,router_2_7,router_5_6,6.5002,0.742326
1930,router_2_7,router_5_6,2.5000,0.753076
1931,router_2_7,router_5_6,1.9000,0.755093
1932,router_3_7,router_4_6,1.3000,0.877459
1933,router_3_7,router_4_6,0.8000,0.878296
1934,router_3_7,router_4_6,1.3000,0.877459
1935,router_3_7,router_4_6,1.5000,0.878129
1936,router_4_7,router_3_6,1.8000,0.877627
1937,router_4_7,router_3_6,1.8000,0.876790
1938,router_4_7,router_3_6,0.8000,0.878464
1939,router_4_7,router_3_6,1.8000,0.876790
1940,router_5_7,router_2_6,2.4000,0.753479
1941,router_5_7,router_2_6,1.4000,0.756172
1942,router_5_7,router_2_6,7.4002,0.740230
1943,router_5_7,router_2_6,3.9001,0.750134
1944,router_6_7,router_1_6,4.5001,0.651954
1945,router_6_7,router_1_6,7.1001,0.642213
1946,router_6_7,router_1_6,4.1001,0.652276
1947,router_6_7,router_1_6,5.6001,0.647478
1948,router_7_7,router_0_6,4.1001,0.573566
1949,router_7_7,router_0_6,7.6002,0.563793
1950,router_7_7,router_0_6,3.1000,0.576165
1951,router_7_7,router_0_6,3.6000,0.573997
1952,router_0_7,router_7_6,3.3001,0.574689
1953,router_0_7,router_7_6,4.5001,0.572274
1954,router_0_7,router_7_6,3.3001,0.575730
1955,router_0_7,router_6_6,3.7001,0.611455
1956,router_1_7,router_6_6,3.6000,0.653028
1957,router_1_7,router_6_6,3.7001,0.652383
1958,router_1_7,router_6_6,4.1001,0.651847
1959,router_1_7,router_5_6,5.3001,0.692131
1960,router_2_7,router_5_6,2.9001,0.751870
1961,router_2_7,router_5_6,2.4000,0.754285
1962,router_2_7,router_5_6,1.7000,0.755767
1963,router_2_7,router_4_6,2.9001,0.809892
1964,router_3_7,router_4_6,1.8001,0.876623
1965,router_3_7,router_4_6,1.1000,0.877961
1966,router_3_7,router_4_6,1.1000,0.877961
1967,router_3_7,router_3_6,2.0001,0.949813
1968,router_4_7,router_3_6,2.3001,0.876790
1969,router_4_7,router_3_6,1.8000,0.876790
1970,router_4_7,router_3_6,4.3001,0.872625
1971,router_4_7,router_2_6,1.9000,0.811761
1972,router_5_7,router_2_6,3.4001,0.750801
1973,router_5_7,router_2_6,4.4001,0.749467
1974,router_5_7,router_2_6,4.4001,0.748802
1975,router_5_7,router_1_6,5.1001,0.695267
1976,router_6_7,router_1_6,4.1001,0.651205
1977,router_6_7,router_1_6,4.6001,0.650136
1978,router_6_7,router_1_6,4.1001,0.651205
1979,router_6_7,router_0_6,3.6000,0.611503
1980,router_7_7,router_0_6,6.1001,0.568430
1981,router_7_7,router_0_6,3.6000,0.575296
1982,router_7_7,router_0_6,6.6001,0.566736
1983,router_7_7,router_7_5,2.8001,0.875121
1984,router_0_7,router_7_6,3.7001,0.574084
1985,router_0_7,router_7_6,5.1001,0.569365
1986,router_0_7,router_7_6,4.1001,0.573652
1987,router_0_7,router_6_6,3.7001,0.610588
1988,router_1_7,router_6_6,5.1001,0.647796
1989,router_1_7,router_6_6,2.9000,0.655832
1990,router_1_7,router_6_6,3.1000,0.655075
1991,router_1_7,router_5_6,3.3001,0.699742
1992,router_2_7,router_5_6,2.9001,0.751870
1993,router_2_7,router_5_6,2.5000,0.752942
1994,router_2_7,router_5_6,2.1000,0.754016
1995,router_2_7,router_4_6,2.9000,0.808550
1996,router_3_7,router_4_6,5.3002,0.874122
1997,router_3_7,router_4_6,1.8000,0.876623
1998,router_3_7,router_4_6,0.8000,0.878296
1999,router_3_7,router_3_6,1.5000,0.949813
2000,router_4_7,router_3_6,0.8000,0.878464
2001,router_4_7,router_3_6,2.3001,0.875955
2002,router_4_7,router_3_6,1.3000,0.877627
2003,router_4_7,router_2_6,1.9000,0.812511
2004,router_5_7,router_2_6,2.4000,0.754151
2005,router_5_7,router_2_6,2.9000,0.752808
2006,router_5_7,router_2_6,2.4000,0.753479
2007,router_5_7,router_1_6,3.6000,0.698843
2008,router_6_7,router_1_6,4.5001,0.651954
2009,router_6_7,router_1_6,3.1000,0.654427
2010,router_6_7,router_1_6,4.5001,0.650884
2011,router_6_7,router_0_6,4.6001,0.608910
2012,router_7_7,router_0_6,4.6001,0.571416
2013,router_7_7,router_0_6,4.1001,0.574430
2014,router_7_7,router_0_6,4.1001,0.572704
2015,router_7_7,router_7_5,1.8000,0.876790
2016,router_0_7,router_7_6,4.5001,0.572360
2017,router_0_7,router_7_6,4.5001,0.571930
2018,router_0_7,router_6_6,4.5001,0.609724
2019,router_0_7,router_6_6,5.3001,0.607620
2020,router_1_7,router_6_6,4.6001,0.649390
2021,router_1_7,router_6_6,4.1001,0.652705
2022,router_1_7,router_5_6,4.0001,0.699982
2023,router_1_7,router_5_6,4.1001,0.696873
2024,router_2_7,router_5_6,1.9000,0.754554
2025,router_2_7,router_5_6,4.5001,0.747739
2026,router_2_7,router_4_6,2.4000,0.810639
2027,router_2_7,router_4_6,3.4001,0.810639
2028,router_3_7,router_4_6,1.3000,0.877459
2029,router_3_7,router_4_6,4.8001,0.872958
2030,router_3_7,router_3_6,0.5000,0.949813
2030,router_3_7,router_3_6,2.5001,0.949813
2032,router_4_7,router_3_6,1.8000,0.876790
2033,router_4_7,router_3_6,2.3001,0.875955
2034,router_4_7,router_2_6,2.4000,0.811761
2035,router_4_7,router_2_6,5.9001,0.802108
2036,router_5_7,router_2_6,3.9001,0.750134
2037,router_5_7,router_2_6,2.9000,0.752808
2038,router_5_7,router_1_6,3.1000,0.701244
2039,router_5_7,router_1_6,5.6001,0.694081
2040,router_6_7,router_1_6,6.1001,0.648539
2041,router_6_7,router_1_6,3.6000,0.653350
2042,router_6_7,router_0_6,5.1001,0.608145
2043,router_6_7,router_0_6,3.6000,0.612759
2044,router_7_7,router_0_6,3.6000,0.575296
2045,router_7_7,router_0_6,7.1001,0.566314
2047,router_7_7,router_7_5,2.3001,0.875955
2047,router_7_7,router_7_5,0.8000,0.878464
2048,router_0_7,router_7_6,3.7001,0.573825
2049,router_0_7,router_7_6,3.6000,0.574949
2050,router_0_7,router_6_6,4.1001,0.609820
2051,router_0_7,router_6_6,5.0001,0.608479
2052,router_1_7,router_6_6,3.3000,0.654104
2053,router_1_7,router_6_6,4.6001,0.649816
2054,router_1_7,router_5_6,2.9000,0.701183
2055,router_1_7,router_5_6,3.6000,0.699023
2056,router_2_7,router_5_6,2.5001,0.752942
2057,router_2_7,router_5_6,4.4001,0.748403
2058,router_2_7,router_4_6,2.5000,0.811986
2059,router_2_7,router_4_6,2.2000,0.812436
2060,router_3_7,router_4_6,3.8001,0.873955
2061,router_3_7,router_4_6,1.5000,0.878129
2062,router_3_7,router_3_6,0.5000,0.949813
2062,router_3_7,router_3_6,2.5001,0.949813
2064,router_4_7,router_3_6,1.3000,0.877627
2065,router_4_7,router_3_6,2.3001,0.875955
2066,router_4_7,router_2_6,3.4001,0.807285
2067,router_4_7,router_2_6,5.4001,0.802844
2068,router_5_7,router_2_6,2.4000,0.754151
2069,router_5_7,router_2_6,2.9000,0.752138
2070,router_5_7,router_1_6,3.6000,0.699442
2071,router_5_7,router_1_6,4.6001,0.695267
2072,router_6_7,router_1_6,4.6001,0.650670
2073,router_6_7,router_1_6,4.0001,0.654643
2074,router_6_7,router_0_6,2.6000,0.614407
2075,router_6_7,router_0_6,5.1001,0.608623
2076,router_7_7,router_0_6,5.1001,0.571416
2077,router_7_7,router_0_6,4.6001,0.572274
2079,router_7_7,router_7_5,2.3001,0.875955
2079,router_7_7,router_7_5,1.3000,0.878464
2080,router_0_7,router_7_6,4.1001,0.573307
2081,router_0_7,router_6_6,5.1001,0.607620
2082,router_0_7,router_6_6,5.6001,0.604770
2083,router_0_7,router_6_6,4.5001,0.609820
2084,router_1_7,router_6_6,4.6001,0.649390
2085,router_1_7,router_5_6,6.1001,0.691071
2086,router_1_7,router_5_6,2.6000,0.701665
2087,router_1_7,router_5_6,3.7001,0.698185
2088,router_2_7,router_5_6,1.9000,0.754554
2089,router_2_7,router_4_6,2.4000,0.810041
2090,router_2_7,router_4_6,2.9000,0.809146
2091,router_2_7,router_4_6,1.4000,0.813036
2092,router_3_7,router_4_6,5.8002,0.871299
2093,router_3_7,router_3_6,0.5000,0.949813
2094,router_3_7,router_3_6,0.5000,0.949813
2095,router_3_7,router_3_6,3.5001,0.949813
2096,router_4_7,router_3_6,1.8000,0.876790
2097,router_4_7,router_2_6,2.6001,0.811911
2098,router_4_7,router_2_6,1.4000,0.813261
2099,router_4_7,router_2_6,3.9001,0.806543
2100,router_5_7,router_2_6,3.4001,0.751469
2101,router_5_7,router_1_6,4.1001,0.698245
2102,router_5_7,router_1_6,3.6000,0.699442
2103,router_5_7,router_1_6,4.1001,0.699442
2104,router_6_7,router_1_6,6.6001,0.644310
2105,router_6_7,router_0_6,3.1000,0.612952
2106,router_6_7,router_0_6,3.1000,0.612468
2107,router_6_7,router_0_6,3.6000,0.611021
2108,router_7_7,router_0_6,6.1001,0.570133
2110,router_7_7,router_7_5,2.3001,0.878464
2111,router_7_7,router_7_5,1.3000,0.877627
2111,router_7_7,router_7_5,6.3002,0.870140
2112,router_0_7,router_7_6,5.6001,0.569110
2113,router_0_7,router_6_6,3.1000,0.612710
2114,router_0_7,router_6_6,3.3001,0.613291
2115,router_0_7,router_6_6,3.3001,0.613000
2116,router_1_7,router_6_6,5.1001,0.649390
2117,router_1_7,router_5_6,3.7001,0.699622
2118,router_1_7,router_5_6,3.3001,0.699143
2119,router_1_7,router_5_6,5.1001,0.695089
2120,router_2_7,router_5_6,4.1001,0.749467
2121,router_2_7,router_4_6,2.1000,0.811686
2122,router_2_7,router_4_6,1.8000,0.813186
2123,router_2_7,router_4_6,4.4001,0.804099
2124,router_3_7,router_4_6,1.5000,0.877292
2125,router_3_7,router_3_6,1.0000,0.949813
2126,router_3_7,router_3_6,0.5000,0.949813
2127,router_3_7,router_3_6,3.0001,0.949813
2128,router_4_7,router_3_6,3.8001,0.875121
2129,router_4_7,router_2_6,3.1001,0.811162
2130,router_4_7,router_2_6,3.4001,0.808029
2131,router_4_7,router_2_6,1.4000,0.813261
2132,router_5_7,router_2_6,2.9000,0.752138
2133,router_5_7,router_1_6,4.6001,0.695267
2134,router_5_7,router_1_6,4.1001,0.697648
2135,router_5_7,router_1_6,5.6001,0.694673
2136,router_6_7,router_1_6,3.0000,0.655724
2137,router_6_7,router_0_6,5.8001,0.609005
2138,router_6_7,router_0_6,3.6000,0.612952
2139,router_6_7,router_0_6,5.6001,0.605765
2140,router_7_7,router_0_6,4.1001,0.573566
2141,router_7_7,router_7_5,0.8000,0.878464
2142,router_7_7,router_7_5,4.3001,0.872625
2143,router_7_7,router_7_5,2.3001,0.877627
2144,router_0_7,router_6_6,3.4001,0.613194
2145,router_0_7,router_6_6,3.6000,0.610877
2146,router_0_7,router_6_6,4.1001,0.610973
2147,router_0_7,router_6_6,4.1001,0.611262
2148,router_1_7,router_5_6,3.7001,0.700462
2149,router_1_7,router_5_6,3.3001,0.699262
2150,router_1_7,router_5_6,2.9000,0.701665
2151,router_1_7,router_5_6,4.1001,0.696754
2152,router_2_7,router_4_6,3.8001,0.810938
2153,router_2_7,router_4_6,1.9000,0.812136
2154,router_2_7,router_4_6,2.1000,0.812436
2155,router_2_7,router_4_6,1.4000,0.813637
2157,router_3_7,router_3_6,2.0000,0.949813
2158,router_3_7,router_3_6,0.5000,0.949813
2159,router_3_7,router_3_6,1.0000,0.949813
2159,router_3_7,router_3_6,2.5001,0.949813
2160,router_4_7,router_2_6,1.4000,0.813261
2161,router_4_7,router_2_6,1.6000,0.813412
2162,router_4_7,router_2_6,2.9001,0.811761
2163,router_4_7,router_2_6,2.9000,0.809519
2164,router_5_7,router_1_6,3.6000,0.698843
2165,router_5_7,router_1_6,3.6000,0.700042
2166,router_5_7,router_1_6,3.6000,0.700042
2167,router_5_7,router_1_6,5.1001,0.695861
2168,router_6_7,router_0_6,3.6000,0.611985
2169,router_6_7,router_0_6,4.1001,0.611021
2170,router_6_7,router_0_6,4.1001,0.610540
2171,router_6_7,router_0_6,7.1001,0.602460
2172,router_7_7,router_7_5,1.3000,0.878464
2173,router_7_7,router_7_5,0.8000,0.878464
2174,router_7_7,router_7_5,0.8000,0.878464
2175,router_7_7,router_7_5,1.3000,0.877627
2176,router_0_7,router_6_6,3.6000,0.612034
2177,router_0_7,router_6_6,4.1001,0.610973
2178,router_0_7,router_6_6,3.3001,0.612710
2179,router_0_7,router_6_6,4.6001,0.609149
2180,router_1_7,router_5_6,2.9000,0.702147
2181,router_1_7,router_5_6,2.9000,0.701183
2182,router_1_7,router_5_6,3.3001,0.699262
2183,router_1_7,router_5_6,3.3001,0.700582
2184,router_2_7,router_4_6,1.4000,0.813637
2185,router_2_7,router_4_6,2.4000,0.811237
2186,router_2_7,router_4_6,2.9001,0.809892
2187,router_2_7,router_4_6,1.4000,0.813637
2189,router_3_7,router_3_6,1.5000,0.949813
2190,router_3_7,router_3_6,0.5000,0.949813
2190,router_3_7,router_3_6,1.5000,0.949813
2191,router_3_7,router_3_6,0.5000,0.949813
2192,router_4_7,router_2_6,3.6001,0.810415
2193,router_4_7,router_2_6,2.9001,0.809519
2194,router_4_7,router_2_6,2.4000,0.811761
2195,router_4_7,router_2_6,2.1000,0.812661
2196,router_5_7,router_1_6,4.6001,0.696456
2197,router_5_7,router_1_6,5.6001,0.694081
2198,router_5_7,router_1_6,6.7001,0.694436
2199,router_5_7,router_1_6,4.6001,0.695861
2200,router_6_7,router_0_6,4.6001,0.608145
2201,router_6_7,router_0_6,3.6000,0.611985
2202,router_6_7,router_0_6,4.1001,0.611310
2203,router_6_7,router_0_6,5.6001,0.605765
2204,router_7_7,router_7_5,1.3000,0.878464
2205,router_7_7,router_7_5,2.3001,0.875955
2206,router_7_7,router_7_5,0.8000,0.878464
2207,router_7_7,router_7_5,1.3000,0.878464
2208,router_7_6,router_6_6,2.0000,0.949813
2209,router_0_7,router_6_6,4.1001,0.610108
2210,router_0_7,router_6_6,7.1001,0.603166
2211,router_0_7,router_6_6,3.7001,0.612227
2212,router_0_7,router_5_6,4.3001,0.651526
2213,router_1_7,router_5_6,3.3000,0.699262
2214,router_1_7,router_5_6,3.2001,0.701906
2215,router_1_7,router_5_6,3.7001,0.697708
2216,router_1_7,router_4_6,1.4000,0.755902
2217,router_2_7,router_4_6,2.6001,0.811986
2218,router_2_7,router_4_6,1.9000,0.811537
2219,router_2_7,router_4_6,3.3001,0.809444
2220,router_2_7,router_3_6,1.3000,0.877459
2221,router_3_7,router_3_6,2.0000,0.949813
2222,router_3_7,router_3_6,0.5000,0.949813
2223,router_3_7,router_3_6,0.5000,0.949813
2224,router_3_7,router_2_6,1.3000,0.877627
2225,router_4_7,router_2_6,2.4000,0.811013
2226,router_4_7,router_2_6,2.9000,0.811013
2227,router_4_7,router_2_6,1.9000,0.811761
2228,router_4_7,router_1_6,2.4000,0.753479
2229,router_5_7,router_1_6,3.6000,0.698843
2230,router_5_7,router_1_6,6.7001,0.695623
2231,router_5_7,router_1_6,3.6000,0.698245
2232,router_5_7,router_0_6,4.6001,0.651205
2233,router_6_7,router_0_6,5.1001,0.609388
2234,router_6_7,router_0_6,4.1001,0.610060
2235,router_6_7,router_0_6,4.1001,0.611021
2236,router_6_7,router_7_5,5.9001,0.801887
2237,router_7_7,router_7_5,1.8000,0.876790
2238,router_7_7,router_7_5,2.3001,0.875955
2239,router_7_7,router_7_5,1.8000,0.876790
2240,router_7_7,router_6_5,3.1001,0.811162
2241,router_7_6,router_6_6,2.0000,0.949813
2242,router_0_7,router_6_6,5.1001,0.607239
2243,router_0_7,router_6_6,3.7001,0.611455
2244,router_0_7,router_6_6,4.5001,0.609820
2245,router_0_7,router_5_6,4.1001,0.652276
2246,router_1_7,router_5_6,3.6000,0.699023
2247,router_1_7,router_5_6,3.3001,0.699622
2248,router_1_7,router_5_6,3.7001,0.697827
2249,router_1_7,router_4_6,2.9001,0.752406
2250,router_2_7,router_4_6,2.4000,0.811836
2251,router_2_7,router_4_6,2.2000,0.812436
2252,router_2_7,router_4_6,3.0001,0.811836
2253,router_2_7,router_3_6,2.8001,0.874954
2254,router_3_7,router_3_6,1.0000,0.949813
2255,router_3_7,router_3_6,1.5000,0.949813
2256,router_3_7,router_3_6,2.0000,0.949813
2257,router_3_7,router_2_6,0.8000,0.878464
2258,router_4_7,router_2_6,1.6000,0.813412
2259,router_4_7,router_2_6,3.4001,0.807285
2260,router_4_7,router_2_6,4.9001,0.804321
2261,router_4_7,router_1_6,2.9000,0.753479
2262,router_5_7,router_1_6,4.7001,0.698604
2263,router_5_7,router_1_6,5.1001,0.692898
2264,router_5_7,router_1_6,3.6000,0.698245
2265,router_5_7,router_0_6,4.1001,0.651740
2266,router_6_7,router_0_6,4.1001,0.610348
2267,router_6_7,router_0_6,4.6001,0.607667
2268,router_6_7,router_0_6,5.1001,0.607477
2269,router_6_7,router_7_5,2.4001,0.811537
2270,router_7_7,router_7_5,1.8000,0.876790
2271,router_7_7,router_7_5,1.3000,0.877627
2272,router_7_7,router_7_5,1.3000,0.877627
2273,router_7_7,router_6_5,3.6001,0.810415
2275,router_7_6,router_6_6,1.0000,0.949813
2275,router_7_6,router_6_6,0.5000,0.949813
2276,router_0_7,router_6_6,3.3000,0.612613
2277,router_0_7,router_6_6,3.6000,0.611262
2278,router_0_7,router_5_6,4.6001,0.649816
2279,router_0_7,router_5_6,3.6000,0.652598
2280,router_1_7,router_5_6,3.1000,0.699862
2281,router_1_7,router_5_6,4.1001,0.698305
2282,router_1_7,router_4_6,2.5001,0.752942
2283,router_1_7,router_4_6,2.1000,0.754823
2284,router_2_7,router_4_6,2.2000,0.812436
2285,router_2_7,router_4_6,1.4000,0.813637
2286,router_2_7,router_3_6,1.9000,0.876623
2287,router_2_7,router_3_6,1.3000,0.877459
2288,router_3_7,router_3_6,1.0000,0.949813
2288,router_3_7,router_3_6,1.0000,0.949813
2290,router_3_7,router_2_6,2.3001,0.875955
2291,router_3_7,router_2_6,3.8001,0.874288
2292,router_4_7,router_2_6,3.1001,0.812661
2293,router_4_7,router_2_6,2.9001,0.809519
2294,router_4_7,router_1_6,2.9000,0.752808
2295,router_4_7,router_1_6,2.9000,0.752138
2296,router_5_7,router_1_6,3.1000,0.700642
2297,router_5_7,router_1_6,4.1001,0.698843
2298,router_5_7,router_0_6,6.5001,0.646102
2299,router_5_7,router_0_6,4.1001,0.651740
2300,router_6_7,router_0_6,6.1001,0.604817
2301,router_6_7,router_0_6,5.6001,0.605765
2302,router_6_7,router_7_5,2.4000,0.812736
2303,router_6_7,router_7_5,2.4000,0.811686
2304,router_7_7,router_7_5,1.3000,0.878464
2305,router_7_7,router_7_5,1.8000,0.877627
2306,router_7_7,router_6_5,1.9000,0.811761
2307,router_7_7,router_6_5,3.4001,0.807285
2308,router_7_6,router_6_6,0.5000,0.949813
2309,router_7_6,router_6_6,0.5000,0.949813
2310,router_0_7,router_6_6,5.1001,0.606572
2311,router_0_7,router_6_6,4.9001,0.608384
2312,router_0_7,router_5_6,4.1001,0.651419
2313,router_0_7,router_5_6,3.9001,0.653458
2314,router_1_7,router_5_6,3.6000,0.699023
2315,router_1_7,router_5_6,3.7001,0.699502
2316,router_1_7,router_4_6,3.7001,0.751870
2317,router_1_7,router_4_6,3.4001,0.752674
2318,router_2_7,router_4_6,2.1000,0.812436
2319,router_2_7,router_4_6,1.7000,0.812886
2320,router_2_7,router_3_6,0.8000,0.878296
2321,router_2_7,router_3_6,1.1000,0.877961
2322,router_3_7,router_3_6,1.5000,0.949813
2322,router_3_7,router_3_6,0.5000,0.949813
2324,router_3_7,router_2_6,1.8000,0.876790
2325,router_3_7,router_2_6,1.3000,0.878464
2326,router_4_7,router_2_6,4.4001,0.804321
2327,router_4_7,router_2_6,3.6001,0.810415
2328,router_4_7,router_1_6,1.9000,0.754824
2329,router_4_7,router_1_6,6.9002,0.743509
2330,router_5_7,router_1_6,3.6000,0.698245
2331,router_5_7,router_1_6,3.6000,0.699442
2332,router_5_7,router_0_6,4.6001,0.650136
2333,router_5_7,router_0_6,6.0001,0.648752
2334,router_6_7,router_0_6,4.1001,0.610540
2335,router_6_7,router_0_6,5.6001,0.606050
2336,router_6_7,router_7_5,2.4000,0.810789
2337,router_6_7,router_7_5,3.4001,0.811387
2338,router_7_7,router_7_5,1.8000,0.876790
2339,router_7_7,router_7_5,1.8000,0.876790
2340,router_7_7,router_6_5,2.9001,0.808773
2341,router_7_7,router_6_5,5.1001,0.808177
2342,router_7_6,router_6_6,2.0000,0.949813
2343,router_7_6,router_6_6,3.5001,0.949813
2344,router_7_6,router_6_6,2.5001,0.949813
2345,router_0_7,router_6_6,4.1001,0.610973
2346,router_0_7,router_5_6,4.9001,0.651098
2347,router_0_7,router_5_6,3.6000,0.654320
2348,router_0_7,router_5_6,3.7001,0.652276
2349,router_1_7,router_5_6,4.1001,0.699382
2350,router_1_7,router_4_6,4.9001,0.748802
2351,router_1_7,router_4_6,3.3001,0.750934
2352,router_1_7,router_4_6,1.9000,0.755093
2353,router_2_7,router_4_6,4.4001,0.805282
2354,router_2_7,router_3_6,0.8000,0.878296
2355,router_2_7,router_3_6,1.3000,0.878129
2356,router_2_7,router_3_6,1.3000,0.877459
2357,router_3_7,router_3_6,0.5000,0.949813
2358,router_3_7,router_2_6,1.3000,0.877627
2359,router_3_7,router_2_6,2.8001,0.876790
2360,router_3_7,router_2_6,3.3001,0.875121
2361,router_4_7,router_2_6,2.9001,0.809519
2362,router_4_7,router_1_6,4.9001,0.748137
2363,router_4_7,router_1_6,1.9000,0.754824
2364,router_4_7,router_1_6,3.9001,0.750134
2365,router_5_7,router_1_6,4.1001,0.697648
2366,router_5_7,router_0_6,4.6001,0.651205
2367,router_5_7,router_0_6,3.6000,0.653889
2368,router_5_7,router_0_6,4.0001,0.652491
2369,router_6_7,router_0_6,4.6001,0.608623
2370,router_6_7,router_7_5,1.9000,0.811686
2371,router_6_7,router_7_5,3.4001,0.811537
2372,router_6_7,router_7_5,1.9000,0.811686
2373,router_7_7,router_7_5,1.3000,0.877627
2374,router_7_7,router_6_5,3.6001,0.810415
2375,router_7_7,router_6_5,3.6001,0.810415
2376,router_7_7,router_6_5,2.4000,0.811761
2377,router_7_6,router_6_6,3.0001,0.949813
2378,router_7_6,router_6_6,0.5000,0.949813
2379,router_7_6,router_6_6,4.0001,0.949813
2380,router_0_7,router_6_6,3.3000,0.611841
2381,router_0_7,router_5_6,5.1001,0.649071
2382,router_0_7,router_5_6,3.7001,0.654212
2383,router_0_7,router_5_6,8.1002,0.638777
2384,router_1_7,router_5_6,6.6001,0.688842
2385,router_1_7,router_4_6,2.5001,0.753748
2386,router_1_7,router_4_6,1.7000,0.755632
2387,router_1_7,router_4_6,3.4001,0.750534
2388,router_2_7,router_4_6,2.9001,0.810191
2389,router_2_7,router_3_6,1.9000,0.877459
2390,router_2_7,router_3_6,2.3000,0.877794
2391,router_2_7,router_3_6,1.1000,0.877961
2392,router_3_7,router_3_6,0.5000,0.949813
2393,router_3_7,router_2_6,1.3000,0.878464
2394,router_3_7,router_2_6,1.8000,0.876790
2395,router_3_7,router_2_6,2.3001,0.875955
2396,router_4_7,router_2_6,1.6000,0.813412
2397,router_4_7,router_1_6,5.9001,0.746810
2398,router_4_7,router_1_6,1.9000,0.754824
2399,router_4_7,router_1_6,4.4001,0.748137
2400,router_5_7,router_1_6,5.1001,0.694673
2401,router_5_7,router_0_6,4.1001,0.651740
2402,router_5_7,router_0_6,4.5001,0.652491
2403,router_5_7,router_0_6,3.6000,0.653350
2404,router_6_7,router_0_6,6.1001,0.603873
2405,router_6_7,router_7_5,3.9001,0.807062
2406,router_6_7,router_7_5,1.9000,0.812436
2407,router_6_7,router_7_5,2.4000,0.810938
2408,router_7_7,router_7_5,1.3000,0.877627
2409,router_7_7,router_6_5,1.4000,0.813261
2410,router_7_7,router_6_5,4.4001,0.805060
2411,router_7_7,router_6_5,1.4000,0.813261
2412,router_7_6,router_6_6,1.0000,0.949813
2413,router_7_6,router_6_6,5.0001,0.949813
2414,router_7_6,router_6_6,0.5000,0.949813
2415,router_7_6,router_6_6,0.5000,0.949813
2416,router_0_7,router_5_6,8.1002,0.638777
2417,router_0_7,router_5_6,4.9001,0.648964
2418,router_0_7,router_5_6,4.9001,0.648539
2419,router_0_7,router_5_6,3.9001,0.652920
2420,router_1_7,router_4_6,1.4000,0.755902
2421,router_1_7,router_4_6,2.1000,0.754151
2422,router_1_7,router_4_6,2.1000,0.754554
2423,router_1_7,router_4_6,3.4001,0.751603
2424,router_2_7,router_3_6,1.3000,0.878129
2425,router_2_7,router_3_6,1.8000,0.877292
2426,router_2_7,router_3_6,1.3000,0.878129
2427,router_2_7,router_3_6,2.3001,0.875955
2428,router_3_7,router_2_6,1.3000,0.877627
2429,router_3_7,router_2_6,2.3001,0.875955
2430,router_3_7,router_2_6,1.8000,0.877627
2431,router_3_7,router_2_6,3.8001,0.875955
2432,router_4_7,router_1_6,5.4001,0.746810
2433,router_4_7,router_1_6,2.4000,0.754151
2434,router_4_7,router_1_6,2.4000,0.753479
2435,router_4_7,router_1_6,2.9000,0.753479
2436,router_5_7,router_0_6,5.1001,0.648539
2437,router_5_7,router_0_6,4.1001,0.651205
2438,router_5_7,router_0_6,4.6001,0.651205
2439,router_5_7,router_0_6,4.1001,0.652276
2440,router_6_7,router_7_5,3.4001,0.807954
2441,router_6_7,router_7_5,2.6001,0.811986
2442,router_6_7,router_7_5,2.4000,0.811537
2443,router_6_7,router_7_5,2.9000,0.810191
2444,router_7_7,router_6_5,2.6000,0.811911
2445,router_7_7,router_6_5,2.4000,0.811761
2446,router_7_7,router_6_5,4.4001,0.807285
2447,router_7_7,router_6_5,2.6000,0.811911
2448,router_7_6,router_6_6,0.5000,0.949813
2449,router_7_6,router_6_6,1.5000,0.949813
2450,router_7_6,router_6_6,2.0000,0.949813
2451,router_7_6,router_6_6,1.0000,0.949813
2452,router_0_7,router_5_6,3.3000,0.654212
2453,router_0_7,router_5_6,4.6001,0.650243
2454,router_0_7,router_5_6,4.6001,0.649816
2455,router_0_7,router_5_6,3.7001,0.653243
2456,router_1_7,router_4_6,2.4000,0.753748
2457,router_1_7,router_4_6,2.5000,0.752942
2458,router_1_7,router_4_6,2.1000,0.754151
2459,router_1_7,router_4_6,2.9001,0.753211
2460,router_2_7,router_3_6,1.3000,0.877459
2461,router_2_7,router_3_6,1.3000,0.877459
2462,router_2_7,router_3_6,1.9001,0.877459
2463,router_2_7,router_3_6,1.5000,0.877292
2464,router_3_7,router_2_6,2.8001,0.875121
2465,router_3_7,router_2_6,0.8000,0.878464
2466,router_3_7,router_2_6,2.3001,0.875955
2467,router_3_7,router_2_6,0.8000,0.878464
2468,router_4_7,router_1_6,3.4001,0.750801
2469,router_4_7,router_1_6,1.9000,0.754824
2470,router_4_7,router_1_6,2.4000,0.753479
2471,router_4_7,router_1_6,2.4000,0.754824
2472,router_5_7,router_0_6,4.5001,0.651419
2473,router_5_7,router_0_6,3.6000,0.653889
2474,router_5_7,router_0_6,4.1001,0.651205
2475,router_5_7,router_0_6,4.1001,0.651740
2476,router_6_7,router_7_5,1.4000,0.813186
2477,router_6_7,router_7_5,3.9001,0.808401
2478,router_6_7,router_7_5,2.4000,0.810938
2479,router_6_7,router_7_5,2.9000,0.808699
2480,router_7_7,router_6_5,5.9001,0.800637
2481,router_7_7,router_6_5,4.4001,0.804321
2482,router_7_7,router_6_5,1.9000,0.811761
2483,router_7_7,router_6_5,5.9001,0.799904
2485,router_7_6,router_6_6,0.5000,0.949813
2486,router_7_6,router_6_6,0.5000,0.949813
2486,router_7_6,router_6_6,1.5000,0.949813
2487,router_7_6,router_5_6,3.3001,0.875955
2488,router_0_7,router_5_6,3.3000,0.653673
2489,router_0_7,router_5_6,6.3002,0.648114
2490,router_0_7,router_5_6,5.1001,0.647796
2491,router_0_7,router_4_6,3.6000,0.699982
2492,router_1_7,router_4_6,1.7000,0.755228
2493,router_1_7,router_4_6,3.3001,0.753479
2494,router_1_7,router_4_6,4.9001,0.750000
2495,router_1_7,router_3_6,2.1000,0.812436
2496,router_2_7,router_3_6,1.8001,0.877292
2497,router_2_7,router_3_6,0.8000,0.878296
2498,router_2_7,router_3_6,2.3001,0.875955
2499,router_2_7,router_2_6,1.0000,0.949813
2500,router_3_7,router_2_6,1.8000,0.876790
2501,router_3_7,router_2_6,2.8001,0.875121
2502,router_3_7,router_2_6,0.8000,0.878464
2503,router_3_7,router_1_6,2.9001,0.811013
2504,router_4_7,router_1_6,2.9000,0.752808
2505,router_4_7,router_1_6,2.9000,0.752138
2506,router_4_7,router_1_6,3.4001,0.752808
2507,router_4_7,router_0_6,4.1001,0.698245
2508,router_5_7,router_0_6,4.1001,0.651205
2509,router_5_7,router_0_6,8.1002,0.639607
2510,router_5_7,router_0_6,5.6001,0.646948
2511,router_5_7,router_7_5,3.9001,0.749867
2512,router_6_7,router_7_5,2.9001,0.809444
2513,router_6_7,router_7_5,2.9000,0.810489
2514,router_6_7,router_7_5,1.4000,0.813186
2515,router_6_7,router_6_5,2.8001,0.878464
2516,router_7_7,router_6_5,5.9001,0.800637
2517,router_7_7,router_6_5,2.6000,0.811911
2518,router_7_7,router_6_5,2.9001,0.813261
2519,router_7_7,router_5_5,2.9000,0.752808
2521,router_7_6,router_6_6,0.5000,0.949813
2522,router_7_6,router_6_6,1.0000,0.949813
2522,router_7_6,router_6_6,0.5000,0.949813
2523,router_7_6,router_5_6,1.8000,0.878464
2524,router_0_7,router_5_6,4.1001,0.653458
2525,router_0_7,router_5_6,3.3001,0.654859
2526,router_0_7,router_5_6,3.5001,0.653350
2527,router_0_7,router_4_6,6.0001,0.696396
2528,router_1_7,router_4_6,6.5002,0.744959
2529,router_1_7,router_4_6,4.9001,0.747075
2530,router_1_7,router_4_6,2.1000,0.754689
2531,router_1_7,router_3_6,3.0001,0.811387
2532,router_2_7,router_3_6,3.9000,0.873290
2533,router_2_7,router_3_6,1.9000,0.877459
2534,router_2_7,router_3_6,1.3000,0.877459
2535,router_2_7,router_2_6,0.5000,0.949813
2536,router_3_7,router_2_6,1.8000,0.877627
2537,router_3_7,router_2_6,1.3000,0.877627
2538,router_3_7,router_2_6,1.3000,0.877627
2539,router_3_7,router_1_6,3.4001,0.808773
2540,router_4_7,router_1_6,2.4000,0.753479
2541,router_4_7,router_1_6,2.4000,0.754151
2542,router_4_7,router_1_6,1.9000,0.755497
2543,router_4_7,router_0_6,3.6000,0.698245
2544,router_5_7,router_0_6,3.6000,0.653889
2545,router_5_7,router_0_6,4.6001,0.650670
2546,router_5_7,router_0_6,3.6000,0.653350
2547,router_5_7,router_7_5,4.1001,0.749467
2548,router_6_7,router_7_5,2.2001,0.812586
2549,router_6_7,router_7_5,2.4000,0.812136
2550,router_6_7,router_7_5,2.9000,0.810489
2551,router_6_7,router_6_5,2.8001,0.875121
2552,router_7_7,router_6_5,3.1001,0.811162
2553,router_7_7,router_6_5,2.4000,0.811013
2554,router_7_7,router_6_5,1.9000,0.811761
2555,router_7_7,router_5_5,2.9000,0.752138
2557,router_7_6,router_6_6,0.5000,0.949813
2557,router_7_6,router_6_6,1.0000,0.949813
2558,router_7_6,router_5_6,1.3000,0.877627
2559,router_7_6,router_5_6,1.8000,0.876790
2560,router_0_7,router_5_6,3.7001,0.653889
2561,router_0_7,router_5_6,3.5001,0.654212
2562,router_0_7,router_4_6,3.3000,0.699262
2563,router_0_7,router_4_6,4.6001,0.697350
2564,router_1_7,router_4_6,2.1000,0.754823
2565,router_1_7,router_4_6,2.1000,0.754554
2566,router_1_7,router_3_6,2.9000,0.808550
2567,router_1_7,router_3_6,8.4002,0.793562
2568,router_2_7,router_3_6,0.8000,0.878296
2569,router_2_7,router_3_6,4.3001,0.873789
2570,router_2_7,router_2_6,2.0000,0.949813
2571,router_2_7,router_2_6,0.5000,0.949813
2572,router_3_7,router_2_6,1.8000,0.876790
2573,router_3_7,router_2_6,5.3001,0.871796
2574,router_3_7,router_1_6,1.9000,0.811761
2575,router_3_7,router_1_6,5.9001,0.801372
2576,router_4_7,router_1_6,3.4001,0.751469
2577,router_4_7,router_1_6,1.4000,0.756172
2578,router_4_7,router_0_6,4.6001,0.695861
2579,router_4_7,router_0_6,4.1001,0.697648
2580,router_5_7,router_0_6,5.1001,0.649071
2581,router_5_7,router_0_6,3.6000,0.652813
2582,router_5_7,router_7_5,2.4000,0.753882
2583,router_5_7,router_7_5,1.9000,0.754689
2584,router_6_7,router_7_5,1.9000,0.812286
2585,router_6_7,router_7_5,5.0001,0.808401
2586,router_6_7,router_6_5,1.8000,0.877627
2587,router_6_7,router_6_5,1.3000,0.878464
2588,router_7_7,router_6_5,1.9000,0.811761
2589,router_7_7,router_6_5,1.9000,0.813261
2590,router_7_7,router_5_5,1.9000,0.755497
2591,router_7_7,router_5_5,1.9000,0.754824
2592,router_7_6,router_6_6,0.5000,0.949813
2593,router_7_6,router_6_6,0.5000,0.949813
2594,router_7_6,router_5_6,1.3000,0.877627
2595,router_7_6,router_5_6,0.8000,0.878464
2596,router_0_7,router_5_6,3.3000,0.653673
2597,router_0_7,router_5_6,4.1001,0.651847
2598,router_0_7,router_4_6,2.6000,0.702147
2599,router_0_7,router_4_6,3.3001,0.699742
2600,router_1_7,router_4_6,1.9000,0.755093
2601,router_1_7,router_4_6,2.5000,0.753076
2602,router_1_7,router_3_6,3.9001,0.806172
2603,router_1_7,router_3_6,2.2000,0.813036
2604,router_2_7,router_3_6,2.8001,0.875621
2605,router_2_7,router_3_6,1.3000,0.878129
2606,router_2_7,router_2_6,1.0000,0.949813
2607,router_2_7,router_2_6,2.0000,0.949813
2608,router_3_7,router_2_6,1.3000,0.877627
2609,router_3_7,router_2_6,0.8000,0.878464
2610,router_3_7,router_1_6,1.6000,0.813412
2611,router_3_7,router_1_6,2.4000,0.810265
2612,router_4_7,router_1_6,3.9001,0.749467
2613,router_4_7,router_1_6,2.4000,0.754151
2614,router_4_7,router_0_6,4.1001,0.698245
2615,router_4_7,router_0_6,3.1000,0.701846
2616,router_5_7,router_0_6,5.1001,0.649603
2617,router_5_7,router_0_6,3.5001,0.653566
2618,router_5_7,router_7_5,2.4000,0.754016
2619,router_5_7,router_7_5,3.9001,0.749867
2620,router_6_7,router_7_5,1.4000,0.813186
2621,router_6_7,router_7_5,1.9000,0.812436
2622,router_6_7,router_6_5,2.8001,0.875121
2623,router_6_7,router_6_5,2.3001,0.876790
2624,router_7_7,router_6_5,3.1001,0.811162
2625,router_7_7,router_6_5,2.4000,0.811013
2626,router_7_7,router_5_5,3.9001,0.750134
2627,router_7_7,router_5_5,4.4001,0.750801
2628,router_7_6,router_6_6,0.5000,0.949813
2629,router_7_6,router_5_6,1.8000,0.876790
2630,router_7_6,router_5_6,0.8000,0.878464
2631,router_7_6,router_5_6,2.3001,0.878464
2632,router_0_7,router_5_6,4.1001,0.651847
2633,router_0_7,router_4_6,3.3001,0.700102
2634,router_0_7,router_4_6,4.9001,0.694970
2635,router_0_7,router_4_6,3.6001,0.701665
2636,router_1_7,router_4_6,3.3001,0.750934
2637,router_1_7,router_3_6,2.2000,0.812436
2638,router_1_7,router_3_6,2.5001,0.811088
2639,router_1_7,router_3_6,1.9000,0.811537
2640,router_2_7,router_3_6,1.9001,0.877459
2641,router_2_7,router_2_6,0.5000,0.949813
2641,router_2_7,router_2_6,2.0000,0.949813
2642,router_2_7,router_2_6,2.5001,0.949813
2644,router_3_7,router_2_6,3.3001,0.877627
2645,router_3_7,router_1_6,2.1000,0.812661
2646,router_3_7,router_1_6,1.9000,0.813261
2647,router_3_7,router_1_6,2.9000,0.810265
2648,router_4_7,router_1_6,3.4001,0.751469
2649,router_4_7,router_0_6,3.1000,0.700642
2650,router_4_7,router_0_6,3.6000,0.700042
2651,router_4_7,router_0_6,4.6001,0.695267
2652,router_5_7,router_0_6,4.1001,0.651205
2653,router_5_7,router_7_5,2.9000,0.752004
2654,router_5_7,router_7_5,3.4001,0.752004
2655,router_5_7,router_7_5,4.4001,0.749201
2656,router_6_7,router_7_5,1.9000,0.811686
2657,router_6_7,router_6_5,2.3000,0.875955
2658,router_6_7,router_6_5,0.8000,0.878464
2659,router_6_7,router_6_5,1.3000,0.877627
2660,router_7_7,router_6_5,5.4001,0.802844
2661,router_7_7,router_5_5,3.9001,0.750801
2662,router_7_7,router_5_5,1.9000,0.754824
2663,router_7_7,router_5_5,1.4000,0.756172
2664,router_7_6,router_6_6,3.0001,0.949813
2665,router_7_6,router_5_6,2.3000,0.875955
2666,router_7_6,router_5_6,2.3001,0.877627
2667,router_7_6,router_5_6,1.3000,0.878464
2668,router_0_7,router_5_6,4.1001,0.651847
2669,router_0_7,router_4_6,4.1001,0.698185
2670,router_0_7,router_4_6,2.9000,0.701183
2671,router_0_7,router_4_6,4.1001,0.696873
2672,router_1_7,router_4_6,3.3001,0.753479
2673,router_1_7,router_3_6,1.9000,0.812736
2674,router_1_7,router_3_6,2.4000,0.812436
2675,router_1_7,router_3_6,2.9000,0.808550
2676,router_2_7,router_3_6,0.8000,0.878296
2677,router_2_7,router_2_6,3.0001,0.949813
2678,router_2_7,router_2_6,0.5000,0.949813
2679,router_2_7,router_2_6,1.5000,0.949813
2680,router_3_7,router_2_6,1.3000,0.878464
2681,router_3_7,router_1_6,3.6001,0.810415
2682,router_3_7,router_1_6,2.4000,0.810265
2683,router_3_7,router_1_6,2.4000,0.811013
2684,router_4_7,router_1_6,2.4000,0.753479
2685,router_4_7,router_0_6,7.2002,0.696813
2686,router_4_7,router_0_6,4.6001,0.696456
2687,router_4_7,router_0_6,4.1001,0.697648
2688,router_5_7,router_0_6,5.0001,0.651419
2689,router_5_7,router_7_5,2.4000,0.753345
2690,router_5_7,router_7_5,2.4000,0.754689
2691,router_5_7,router_7_5,5.4001,0.747871
2692,router_6_7,router_7_5,1.9000,0.811686
2693,router_6_7,router_6_5,2.3000,0.875955
2694,router_6_7,router_6_5,1.8000,0.877627
2695,router_6_7,router_6_5,0.8000,0.878464
2696,router_7_7,router_6_5,2.4000,0.811013
2697,router_7_7,router_5_5,2.4000,0.753479
2698,router_7_7,router_5_5,2.4000,0.754824
2699,router_7_7,router_5_5,3.4001,0.750801
2700,router_7_6,router_5_6,2.3001,0.876790
2701,router_7_6,router_5_6,2.3001,0.875955
2702,router_7_6,router_5_6,1.3000,0.877627
2703,router_7_6,router_5_6,3.3001,0.874288
2704,router_0_7,router_4_6,3.3000,0.700342
2705,router_0_7,router_4_6,3.6000,0.699502
2706,router_0_7,router_4_6,5.1001,0.692721
2707,router_0_7,router_4_6,6.6001,0.687907
2708,router_1_7,router_3_6,1.4000,0.813036
2709,router_1_7,router_3_6,2.1000,0.811836
2710,router_1_7,router_3_6,2.4000,0.810639
2711,router_1_7,router_3_6,1.9000,0.812736
2712,router_2_7,router_2_6,3.0001,0.949813
2713,router_2_7,router_2_6,0.5000,0.949813
2714,router_2_7,router_2_6,1.5000,0.949813
2715,router_2_7,router_2_6,1.5000,0.949813
2716,router_3_7,router_1_6,2.6001,0.812661
2717,router_3_7,router_1_6,1.4000,0.813261
2718,router_3_7,router_1_6,2.4000,0.811013
2719,router_3_7,router_1_6,1.9000,0.812511
2720,router_4_7,router_0_6,4.1001,0.698843
2721,router_4_7,router_0_6,4.1001,0.698843
2722,router_4_7,router_0_6,4.1001,0.697051
2723,router_4_7,router_0_6,5.6001,0.691719
2724,router_5_7,router_7_5,2.1000,0.754689
2725,router_5_7,router_7_5,3.4001,0.751870
2726,router_5_7,router_7_5,1.9000,0.755228
2727,router_5_7,router_7_5,2.1000,0.754151
2728,router_6_7,router_6_5,0.8000,0.878464
2729,router_6_7,router_6_5,0.8000,0.878464
2730,router_6_7,router_6_5,0.8000,0.878464
2731,router_6_7,router_6_5,0.8000,0.878464
2732,router_7_7,router_5_5,3.4001,0.752808
2733,router_7_7,router_5_5,5.4001,0.746148
2734,router_7_7,router_5_5,1.9000,0.755497
2735,router_7_7,router_5_5,3.4001,0.750801
2736,router_7_6,router_5_6,0.8000,0.878464
2737,router_7_6,router_5_6,2.8001,0.876790
2738,router_7_6,router_5_6,1.8000,0.877627
2739,router_7_6,router_5_6,1.8000,0.877627
2740,router_0_7,router_4_6,4.1001,0.699622
2741,router_0_7,router_4_6,3.7001,0.697827
2742,router_0_7,router_4_6,3.3001,0.699862
2743,router_0_7,router_4_6,3.3001,0.700102
2744,router_1_7,router_3_6,1.9000,0.811537
2745,router_1_7,router_3_6,1.8000,0.813186
2746,router_1_7,router_3_6,4.4001,0.804690
2747,router_1_7,router_3_6,1.7000,0.812886
2748,router_2_7,router_2_6,0.5000,0.949813
2748,router_2_7,router_2_6,1.5000,0.949813
2749,router_2_7,router_2_6,1.5000,0.949813
2750,router_2_7,router_2_6,2.5001,0.949813
2752,router_3_7,router_1_6,3.9001,0.808029
2753,router_3_7,router_1_6,5.4001,0.801372
2754,router_3_7,router_1_6,4.6001,0.808922
2755,router_3_7,router_1_6,1.4000,0.813261
2756,router_4_7,router_0_6,3.6000,0.698843
2757,router_4_7,router_0_6,4.6001,0.694673
2758,router_4_7,router_0_6,2.6000,0.701846
2759,router_4_7,router_0_6,6.1001,0.689369
2760,router_5_7,router_7_5,2.4000,0.754016
2761,router_5_7,router_7_5,2.4000,0.753345
2762,router_5_7,router_7_5,3.4001,0.753211
2763,router_5_7,router_7_5,6.4001,0.744695
2764,router_6_7,router_6_5,1.8000,0.876790
2765,router_6_7,router_6_5,1.8000,0.878464
2766,router_6_7,router_6_5,1.8000,0.876790
2767,router_6_7,router_6_5,2.3001,0.876790
2768,router_7_7,router_5_5,2.4000,0.754824
2769,router_7_7,router_5_5,2.9000,0.752138
2770,router_7_7,router_5_5,3.9001,0.751469
2771,router_7_7,router_5_5,1.9000,0.755497
2772,router_6_6,router_5_6,2.0000,0.949813
2773,router_7_6,router_5_6,0.8000,0.878464
2774,router_7_6,router_5_6,1.3000,0.877627
2775,router_7_6,router_5_6,1.8000,0.878464
2776,router_7_6,router_4_6,2.1000,0.812661
2777,router_0_7,router_4_6,3.1000,0.699862
2778,router_0_7,router_4_6,6.1001,0.690601
2779,router_0_7,router_4_6,4.1001,0.696754
2780,router_0_7,router_3_6,3.3001,0.751603
2781,router_1_7,router_3_6,2.2000,0.813336
2782,router_1_7,router_3_6,2.2001,0.812436
2783,router_1_7,router_3_6,2.1000,0.811836
2784,router_1_7,router_2_6,1.1000,0.877961
2785,router_2_7,router_2_6,1.5000,0.949813
2785,router_2_7,router_2_6,1.0000,0.949813
2787,router_2_7,router_2_6,1.0000,0.949813
2788,router_2_7,router_1_6,1.8000,0.876790
2789,router_3_7,router_1_6,2.6001,0.811911
2790,router_3_7,router_1_6,2.9001,0.808773
2791,router_3_7,router_1_6,2.1000,0.812661
2792,router_3_7,router_0_6,3.4001,0.752138
2793,router_4_7,router_0_6,5.2001,0.698604
2794,router_4_7,router_0_6,4.6001,0.694673
2795,router_4_7,router_0_6,3.1000,0.700042
2796,router_4_7,router_7_5,5.1001,0.694496
2797,router_5_7,router_7_5,2.9000,0.753345
2798,router_5_7,router_7_5,2.5001,0.754689
2799,router_5_7,router_7_5,5.3001,0.745619
2800,router_5_7,router_6_5,4.9001,0.805282
2801,router_6_7,router_6_5,2.8001,0.875955
2802,router_6_7,router_6_5,0.8000,0.878464
2803,router_6_7,router_6_5,1.8000,0.876790
2804,router_6_7,router_5_5,1.9000,0.813261
2805,router_7_7,router_5_5,1.9000,0.756172
2806,router_7_7,router_5_5,4.9001,0.748802
2807,router_7_7,router_5_5,2.4000,0.753479
2808,router_7_7,router_4_5,5.6001,0.692308
2809,router_6_6,router_5_6,5.0001,0.949813
2810,router_7_6,router_5_6,0.8000,0.878464
2811,router_7_6,router_5_6,1.8000,0.876790
2812,router_7_6,router_5_6,0.8000,0.878464
2813,router_7_6,router_4_6,1.9000,0.812511
2814,router_0_7,router_4_6,8.1002,0.682683
2815,router_0_7,router_4_6,4.5001,0.695801
2816,router_0_7,router_4_6,4.1001,0.697230
2817,router_0_7,router_3_6,2.1000,0.754016
2818,router_1_7,router_3_6,2.4000,0.810639
2819,router_1_7,router_3_6,1.9000,0.811537
2820,router_1_7,router_3_6,1.7000,0.812886
2821,router_1_7,router_2_6,1.1000,0.877961
2822,router_2_7,router_2_6,1.0000,0.949813
2822,router_2_7,router_2_6,3.5001,0.949813
2823,router_2_7,router_2_6,0.5000,0.949813
2825,router_2_7,router_1_6,1.3000,0.877627
2826,router_3_7,router_1_6,3.9001,0.807285
2827,router_3_7,router_1_6,2.6000,0.812661
2828,router_3_7,router_1_6,1.9000,0.812511
2829,router_3_7,router_0_6,4.4001,0.748802
2830,router_4_7,router_0_6,3.2001,0.701605
2831,router_4_7,router_0_6,3.1000,0.700642
2832,router_4_7,router_0_6,4.1001,0.698245
2833,router_4_7,router_7_5,4.1001,0.697827
2834,router_5_7,router_7_5,2.5000,0.754958
2835,router_5_7,router_7_5,1.9000,0.755362
2836,router_5_7,router_7_5,2.1000,0.754151
2837,router_5_7,router_6_5,2.4000,0.811537
2838,router_6_7,router_6_5,1.8000,0.877627
2839,router_6_7,router_6_5,1.3000,0.877627
2840,router_6_7,router_6_5,2.3001,0.877627
2841,router_6_7,router_5_5,2.9001,0.808773
2842,router_7_7,router_5_5,3.4001,0.750801
2843,router_7_7,router_5_5,1.9000,0.754824
2844,router_7_7,router_5_5,4.9001,0.749467
2845,router_7_7,router_4_5,3.6000,0.700042
2846,router_6_6,router_5_6,1.0000,0.949813
2846,router_6_6,router_5_6,0.5000,0.949813
2848,router_7_6,router_5_6,1.8000,0.877627
2849,router_7_6,router_5_6,0.8000,0.878464
2850,router_7_6,router_4_6,3.9001,0.805801
2851,router_7_6,router_4_6,2.4000,0.812511
2852,router_0_7,router_4_6,5.3001,0.694377
2853,router_0_7,router_4_6,4.1001,0.696754
2854,router_0_7,router_3_6,1.9000,0.754554
2855,router_0_7,router_3_6,2.4000,0.753748
2856,router_1_7,router_3_6,2.9000,0.809444
2857,router_1_7,router_3_6,3.7001,0.806320
2858,router_1_7,router_2_6,1.1000,0.877961
2859,router_1_7,router_2_6,1.1000,0.877961
2860,router_2_7,router_2_6,5.0001,0.949813
2861,router_2_7,router_2_6,1.0000,0.949813
2862,router_2_7,router_1_6,1.8000,0.878464
2863,router_2_7,router_1_6,1.3000,0.877627
2864,router_3_7,router_1_6,1.9000,0.812511
2865,router_3_7,router_1_6,2.1000,0.812661
2866,router_3_7,router_0_6,2.9001,0.754151
2867,router_3_7,router_0_6,5.4001,0.745487
2868,router_4_7,router_0_6,3.1000,0.700642
2869,router_4_7,router_0_6,3.7001,0.701003
2870,router_4_7,router_7_5,4.6001,0.694614
2871,router_4_7,router_7_5,4.1001,0.697469
2872,router_5_7,router_7_5,2.9000,0.752540
2873,router_5_7,router_7_5,1.9000,0.754689
2874,router_5_7,router_6_5,1.4000,0.813186
2875,router_5_7,router_6_5,5.4001,0.807805
2876,router_6_7,router_6_5,2.8001,0.875955
2877,router_6_7,router_6_5,2.8001,0.875121
2878,router_6_7,router_5_5,2.1000,0.812661
2879,router_6_7,router_5_5,2.1000,0.812661
2880,router_7_7,router_5_5,2.4000,0.754824
2881,router_7_7,router_5_5,2.9000,0.752808
2882,router_7_7,router_4_5,3.6000,0.700642
2883,router_7_7,router_4_5,3.6000,0.698843
2884,router_6_6,router_5_6,0.5000,0.949813
2885,router_6_6,router_5_6,1.0000,0.949813
2886,router_7_6,router_5_6,2.3001,0.875955
2887,router_7_6,router_5_6,3.8001,0.873456
2888,router_7_6,router_4_6,3.1001,0.811911
2889,router_7_6,router_4_6,1.9000,0.811761
2890,router_0_7,router_4_6,3.6000,0.698544
2891,router_0_7,router_4_6,4.6001,0.695445
2892,router_0_7,router_3_6,2.5001,0.753076
2893,router_0_7,router_3_6,2.5000,0.754151
2894,router_1_7,router_3_6,3.7000,0.807657
2895,router_1_7,router_3_6,1.4000,0.813036
2896,router_1_7,router_2_6,0.8000,0.878296
2897,router_1_7,router_2_6,0.8000,0.878296
2898,router_2_7,router_2_6,5.0001,0.949813
2898,router_2_7,router_2_6,2.0000,0.949813
2900,router_2_7,router_1_6,3.3001,0.874288
2901,router_2_7,router_1_6,1.3000,0.878464
2902,router_3_7,router_1_6,6.6002,0.809668
2903,router_3_7,router_1_6,2.9001,0.811013
2904,router_3_7,router_0_6,2.9000,0.752138
2905,router_3_7,router_0_6,2.9000,0.754151
2906,router_4_7,router_0_6,3.6000,0.699442
2907,router_4_7,router_0_6,4.1001,0.697648
2908,router_4_7,router_7_5,4.1001,0.697350
2909,router_4_7,router_7_5,4.0001,0.700702
2910,router_5_7,router_7_5,3.3000,0.752138
2911,router_5_7,router_7_5,1.9000,0.754689
2912,router_5_7,router_6_5,1.9000,0.812886
2913,router_5_7,router_6_5,2.2000,0.812586
2914,router_6_7,router_6_5,2.8001,0.875121
2915,router_6_7,router_6_5,2.8001,0.877627
2916,router_6_7,router_5_5,4.4001,0.806543
2917,router_6_7,router_5_5,3.4001,0.808773
2918,router_7_7,router_5_5,2.9000,0.752138
2919,router_7_7,router_5_5,3.4001,0.751469
2920,router_7_7,router_4_5,4.6001,0.696456
2921,router_7_7,router_4_5,3.1000,0.701244
2922,router_6_6,router_5_6,2.0001,0.949813
2923,router_6_6,router_5_6,2.0000,0.949813
2924,router_6_6,router_5_6,0.5000,0.949813
2925,router_7_6,router_5_6,0.8000,0.878464
2926,router_7_6,router_4_6,1.9000,0.812511
2927,router_7_6,router_4_6,2.4000,0.811761
2928,router_7_6,router_4_6,2.4000,0.811013
2929,router_0_7,router_4_6,4.1001,0.696396
2930,router_0_7,router_3_6,2.1000,0.754151
2931,router_0_7,router_3_6,1.9000,0.754554
2932,router_0_7,router_3_6,1.4000,0.755902
2933,router_1_7,router_3_6,2.2001,0.813337
2934,router_1_7,router_2_6,0.8000,0.878296
2935,router_1_7,router_2_6,1.9000,0.877459
2936,router_1_7,router_2_6,0.8000,0.878296
2937,router_2_7,router_2_6,1.5000,0.949813
2938,router_2_7,router_1_6,3.3001,0.874288
2939,router_2_7,router_1_6,1.8000,0.876790
2940,router_2_7,router_1_6,0.8000,0.878464
2941,router_3_7,router_1_6,1.4000,0.813261
2942,router_3_7,router_0_6,2.4000,0.754151
2943,router_3_7,router_0_6,2.9000,0.753479
2944,router_3_7,router_0_6,4.9001,0.746810
2945,router_4_7,router_0_6,3.6000,0.700042
2946,router_4_7,router_7_5,5.6001,0.692957
2947,router_4_7,router_7_5,3.6000,0.700102
2948,router_4_7,router_7_5,3.6000,0.698185
2949,router_5_7,router_7_5,2.9001,0.752540
2950,router_5_7,router_6_5,1.9000,0.811686
2951,router_5_7,router_6_5,3.4001,0.807954
2952,router_5_7,router_6_5,2.4000,0.810938
2953,router_6_7,router_6_5,2.3000,0.876790
2954,router_6_7,router_5_5,1.9000,0.813261
2955,router_6_7,router_5_5,2.4000,0.811013
2956,router_6_7,router_5_5,3.1001,0.811911
2957,router_7_7,router_5_5,3.9001,0.750134
2958,router_7_7,router_4_5,5.6001,0.692898
2959,router_7_7,router_4_5,4.1001,0.697051
2960,router_7_7,router_4_5,5.2001,0.699802
2961,router_6_6,router_5_6,3.5001,0.949813
2962,router_6_6,router_5_6,0.5000,0.949813
2963,router_6_6,router_5_6,0.5000,0.949813
2964,router_7_6,router_5_6,1.3000,0.877627
2965,router_7_6,router_4_6,3.4001,0.808773
2966,router_7_6,router_4_6,3.9001,0.809519
2967,router_7_6,router_4_6,1.9000,0.811761
2968,router_0_7,router_4_6,3.3000,0.699262
2969,router_0_7,router_3_6,3.7001,0.750267
2970,router_0_7,router_3_6,2.1000,0.754689
2971,router_0_7,router_3_6,2.9000,0.753479
2972,router_1_7,router_3_6,3.9001,0.806765
2973,router_1_7,router_2_6,0.8000,0.878296
2974,router_1_7,router_2_6,1.8000,0.876623
2975,router_1_7,router_2_6,1.3000,0.877459
2976,router_2_7,router_2_6,0.5000,0.949813
2977,router_2_7,router_1_6,1.8000,0.876790
2978,router_2_7,router_1_6,2.3001,0.876790
2979,router_2_7,router_1_6,1.3000,0.877627
2980,router_3_7,router_1_6,1.9000,0.811761
2981,router_3_7,router_0_6,3.9001,0.750134
2982,router_3_7,router_0_6,2.4000,0.753479
2983,router_3_7,router_0_6,3.4001,0.754151
2984,router_4_7,router_0_6,4.6001,0.696456
2985,router_4_7,router_7_5,3.6000,0.698664
2986,router_4_7,router_7_5,3.3001,0.700222
2987,router_4_7,router_7_5,3.7001,0.698783
2988,router_5_7,router_7_5,5.9001,0.747341
2989,router_5_7,router_6_5,2.9001,0.809295
2990,router_5_7,router_6_5,1.9000,0.812886
2991,router_5_7,router_6_5,2.9000,0.810041
2992,router_6_7,router_6_5,1.8000,0.877627
2993,router_6_7,router_5_5,2.4000,0.810265
2994,router_6_7,router_5_5,1.9000,0.812511
2995,router_6_7,router_5_5,1.9000,0.811761
2996,router_7_7,router_5_5,3.4001,0.752808
2997,router_7_7,router_4_5,3.7001,0.700402
2998,router_7_7,router_4_5,4.6001,0.697051
2999,router_7_7,router_4_5,5.1001,0.694081
3000,router_6_6,router_5_6,2.0001,0.949813
3000,router_6_6,router_5_6,0.5000,0.949813
3001,router_6_6,router_5_6,0.5000,0.949813
3003,router_6_6,router_5_6,0.5000,0.949813
3004,router_7_6,router_4_6,2.9001,0.809519
3005,router_7_6,router_4_6,2.1000,0.812661
3006,router_7_6,router_4_6,2.6000,0.811911
3007,router_7_6,router_4_6,2.1000,0.813412
3008,router_0_7,router_3_6,3.7001,0.749867
3009,router_0_7,router_3_6,4.9001,0.746546
3010,router_0_7,router_3_6,5.4001,0.745223
3011,router_0_7,router_3_6,2.4000,0.753748
3012,router_1_7,router_2_6,1.5000,0.878129
3013,router_1_7,router_2_6,0.8000,0.878296
3014,router_1_7,router_2_6,3.8001,0.874621
3015,router_1_7,router_2_6,1.5000,0.877292
3016,router_2_7,router_1_6,1.3000,0.878464
3017,router_2_7,router_1_6,1.3000,0.877627
3018,router_2_7,router_1_6,0.8000,0.878464
3019,router_2_7,router_1_6,2.3001,0.875955
3020,router_3_7,router_0_6,2.9001,0.752138
3021,router_3_7,router_0_6,2.9000,0.753479
3022,router_3_7,router_0_6,2.4000,0.754824
3023,router_3_7,router_0_6,1.9000,0.754824
3024,router_4_7,router_7_5,4.6001,0.694614
3025,router_4_7,router_7_5,5.1001,0.694377
3026,router_4_7,router_7_5,2.6000,0.701785
3027,router_4_7,router_7_5,4.6001,0.694614
3028,router_5_7,router_6_5,3.0001,0.812136
3029,router_5_7,router_6_5,1.9000,0.811686
3030,router_5_7,router_6_5,2.2000,0.812586
3031,router_5_7,router_6_5,1.4000,0.813186
3032,router_6_7,router_5_5,2.9000,0.809519
3033,router_6_7,router_5_5,2.4000,0.810265
3034,router_6_7,router_5_5,2.4000,0.811013
3035,router_6_7,router_5_5,2.9000,0.809519
3036,router_7_7,router_4_5,3.6000,0.700042
3037,router_7_7,router_4_5,4.1001,0.697648
3038,router_7_7,router_4_5,4.1001,0.697648
3039,router_7_7,router_4_5,6.1001,0.690542
3040,router_6_6,router_5_6,0.5000,0.949813
3041,router_6_6,router_5_6,1.5000,0.949813
3042,router_6_6,router_5_6,3.5001,0.949813
3043,router_6_6,router_5_6,1.0000,0.949813
3044,router_7_6,router_4_6,1.4000,0.813261
3045,router_7_6,router_4_6,6.1001,0.806691
3046,router_7_6,router_4_6,4.4001,0.805060
3047,router_7_6,router_4_6,1.9000,0.811761
3048,router_0_7,router_3_6,2.5000,0.753479
3049,router_0_7,router_3_6,4.5001,0.748137
3050,router_0_7,router_3_6,2.9000,0.751870
3051,router_0_7,router_3_6,3.9001,0.750267
3052,router_1_7,router_2_6,0.8000,0.878296
3053,router_1_7,router_2_6,2.3000,0.877794
3054,router_1_7,router_2_6,1.3000,0.877459
3055,router_1_7,router_2_6,0.8000,0.878296
3056,router_2_7,router_1_6,4.8001,0.871796
3057,router_2_7,router_1_6,1.3000,0.878464
3058,router_2_7,router_1_6,2.3001,0.878464
3059,router_2_7,router_1_6,1.8000,0.877627
3060,router_3_7,router_0_6,2.4000,0.754151
3061,router_3_7,router_0_6,3.4001,0.751469
3062,router_3_7,router_0_6,2.9000,0.752138
3063,router_3_7,router_0_6,1.9000,0.754824
3064,router_4_7,router_7_5,4.6001,0.695207
3065,router_4_7,router_7_5,4.1001,0.697350
3066,router_4_7,router_7_5,3.6000,0.698185
3067,router_4_7,router_7_5,4.1001,0.698066
3068,router_5_7,router_6_5,2.2001,0.812586
3069,router_5_7,router_6_5,1.4000,0.813186
3070,router_5_7,router_6_5,2.4000,0.810788
3071,router_5_7,router_6_5,2.9000,0.810041
3072,router_6_7,router_5_5,2.9001,0.809519
3073,router_6_7,router_5_5,2.4000,0.811761
3074,router_6_7,router_5_5,5.4001,0.802108
3075,router_6_7,router_5_5,2.9000,0.809519
3076,router_7_7,router_4_5,4.6001,0.696456
3077,router_7_7,router_4_5,4.6001,0.696456
3078,router_7_7,router_4_5,4.6001,0.695861
3079,router_7_7,router_4_5,5.1001,0.692898
3080,router_6_6,router_5_6,1.0000,0.949813
3080,router_6_6,router_5_6,0.5000,0.949813
3081,router_6_6,router_5_6,1.5000,0.949813
3083,router_6_6,router_4_6,2.8001,0.875955
3084,router_7_6,router_4_6,1.9000,0.812511
3085,router_7_6,router_4_6,3.4001,0.808029
3086,router_7_6,router_4_6,2.9000,0.810265
3087,router_7_6,router_3_6,4.4001,0.748137
3088,router_0_7,router_3_6,2.1000,0.754016
3089,router_0_7,router_3_6,2.4000,0.753211
3090,router_0_7,router_3_6,2.5000,0.752942
3091,router_0_7,router_2_6,3.9001,0.805579
3092,router_1_7,router_2_6,2.3001,0.877125
3093,router_1_7,router_2_6,2.3000,0.876456
3094,router_1_7,router_2_6,2.3001,0.876456
3095,router_1_7,router_1_6,3.5001,0.949813
3096,router_2_7,router_1_6,7.3002,0.869314
3097,router_2_7,router_1_6,2.3001,0.875955
3098,router_2_7,router_1_6,0.8000,0.878464
3099,router_2_7,router_0_6,3.9001,0.807285
3100,router_3_7,router_0_6,2.4000,0.753479
3101,router_3_7,router_0_6,3.4001,0.752138
3102,router_3_7,router_0_6,2.4000,0.754151
3103,router_3_7,router_7_5,3.7001,0.653243
3104,router_4_7,router_7_5,3.3000,0.699263
3105,router_4_7,router_7_5,3.1000,0.702026
3106,router_4_7,router_7_5,3.6000,0.699382
3107,router_4_7,router_6_5,4.9001,0.746678
3108,router_5_7,router_6_5,3.4001,0.807805
3109,router_5_7,router_6_5,4.9001,0.802771
3110,router_5_7,router_6_5,2.4000,0.810191
3111,router_5_7,router_5_5,1.3000,0.877627
3112,router_6_7,router_5_5,2.9001,0.809519
3113,router_6_7,router_5_5,4.6001,0.808922
3114,router_6_7,router_5_5,3.6001,0.810415
3115,router_6_7,router_4_5,2.9001,0.752808
3116,router_7_7,router_4_5,4.6001,0.697051
3117,router_7_7,router_4_5,6.1001,0.689955
3118,router_7_7,router_4_5,4.1001,0.699442
3119,router_7_7,router_3_5,4.1001,0.653350
3120,router_6_6,router_5_6,0.5000,0.949813
3120,router_6_6,router_5_6,1.0000,0.949813
3121,router_6_6,router_5_6,1.5000,0.949813
3123,router_6_6,router_4_6,1.3000,0.877627
3124,router_7_6,router_4_6,1.6000,0.813412
3125,router_7_6,router_4_6,3.4001,0.812511
3126,router_7_6,router_4_6,2.4000,0.811761
3127,router_7_6,router_3_6,3.4001,0.750801
3128,router_0_7,router_3_6,3.4001,0.751068
3129,router_0_7,router_3_6,3.4001,0.751068
3130,router_0_7,router_3_6,2.9001,0.754016
3131,router_0_7,router_2_6,2.5000,0.810639
3132,router_1_7,router_2_6,2.7001,0.876122
3133,router_1_7,router_2_6,0.8000,0.878296
3134,router_1_7,router_2_6,1.8001,0.876623
3135,router_1_7,router_1_6,3.0001,0.949813
3136,router_2_7,router_1_6,3.8001,0.877627
3137,router_2_7,router_1_6,2.8001,0.876790
3138,router_2_7,router_1_6,1.8000,0.877627
3139,router_2_7,router_0_6,3.4001,0.807285
3140,router_3_7,router_0_6,1.9000,0.755497
3141,router_3_7,router_0_6,1.9000,0.754824
3142,router_3_7,router_0_6,3.4001,0.751469
3143,router_3_7,router_7_5,3.7001,0.653781
3144,router_4_7,router_7_5,5.3000,0.693549
3145,router_4_7,router_7_5,4.1001,0.697588
3146,router_4_7,router_7_5,4.9001,0.693548
3147,router_4_7,router_6_5,2.4000,0.753345
3148,router_5_7,router_6_5,1.9000,0.812436
3149,router_5_7,router_6_5,2.9000,0.809295
3150,router_5_7,router_6_5,4.6001,0.808997
3151,router_5_7,router_5_5,2.3000,0.875955
3152,router_6_7,router_5_5,1.9000,0.811761
3153,router_6_7,router_5_5,1.4000,0.813261
3154,router_6_7,router_5_5,4.1001,0.809668
3155,router_6_7,router_4_5,4.4001,0.748802
3156,router_7_7,router_4_5,3.6000,0.699442
3157,router_7_7,router_4_5,4.1001,0.698843
3158,router_7_7,router_4_5,4.1001,0.698245
3159,router_7_7,router_3_5,4.6001,0.651205
3160,router_6_6,router_5_6,1.5000,0.949813
3161,router_6_6,router_5_6,1.5000,0.949813
3162,router_6_6,router_4_6,1.8000,0.876790
3163,router_6_6,router_4_6,3.8001,0.873456
3164,router_7_6,router_4_6,3.4001,0.808773
3165,router_7_6,router_4_6,7.4002,0.796979
3166,router_7_6,router_3_6,2.9000,0.752808
3167,router_7_6,router_3_6,3.4001,0.752138
3168,router_0_7,router_3_6,2.1000,0.754151
3169,router_0_7,router_3_6,2.9001,0.751870
3170,router_0_7,router_2_6,1.9000,0.811537
3171,router_0_7,router_2_6,1.7000,0.812286
3172,router_1_7,router_2_6,1.3000,0.878129
3173,router_1_7,router_2_6,0.8000,0.878296
3174,router_1_7,router_1_6,0.5000,0.949813
3175,router_1_7,router_1_6,2.5001,0.949813
3176,router_2_7,router_1_6,3.3001,0.876790
3177,router_2_7,router_1_6,3.8001,0.875955
3178,router_2_7,router_0_6,2.9001,0.809519
3179,router_2_7,router_0_6,2.9000,0.811013
3180,router_3_7,router_0_6,2.4000,0.754151
3181,router_3_7,router_0_6,2.4000,0.753479
3182,router_3_7,router_7_5,3.1000,0.654859
3183,router_3_7,router_7_5,2.9000,0.654967
3184,router_4_7,router_7_5,5.3000,0.693076
3185,router_4_7,router_7_5,3.6000,0.698185
3186,router_4_7,router_6_5,2.1000,0.755228
3187,router_4_7,router_6_5,4.1001,0.750667
3188,router_5_7,router_6_5,1.9000,0.813036
3189,router_5_7,router_6_5,2.4000,0.812136
3190,router_5_7,router_5_5,1.8000,0.877627
3191,router_5_7,router_5_5,5.3001,0.870967
3192,router_6_7,router_5_5,4.9001,0.807285
3193,router_6_7,router_5_5,3.9001,0.808773
3194,router_6_7,router_4_5,3.4001,0.751469
3195,router_6_7,router_4_5,4.4001,0.750134
3196,router_7_7,router_4_5,4.1001,0.699442
3197,router_7_7,router_4_5,3.6000,0.699442
3198,router_7_7,router_3_5,4.1001,0.651740
3199,router_7_7,router_3_5,5.1001,0.649603
3200,router_6_6,router_5_6,1.0000,0.949813
3201,router_6_6,router_5_6,3.0001,0.949813
3202,router_6_6,router_4_6,0.8000,0.878464
3203,router_6_6,router_4_6,3.8001,0.874288
3204,router_7_6,router_4_6,3.1001,0.811911
3205,router_7_6,router_4_6,3.1001,0.811911
3206,router_7_6,router_3_6,1.9000,0.754824
3207,router_7_6,router_3_6,1.9000,0.754824
3208,router_0_7,router_3_6,2.1000,0.754016
3209,router_0_7,router_3_6,2.5000,0.754016
3210,router_0_7,router_2_6,1.8000,0.813036
3211,router_0_7,router_2_6,2.5001,0.811088
3212,router_1_7,router_2_6,0.8000,0.878296
3213,router_1_7,router_2_6,1.9000,0.878296
3215,router_1_7,router_1_6,1.0000,0.949813
3215,router_1_7,router_1_6,0.5000,0.949813
3216,router_2_7,router_1_6,0.8000,0.878464
3217,router_2_7,router_1_6,0.8000,0.878464
3218,router_2_7,router_0_6,3.4001,0.810265
3219,router_2_7,router_0_6,3.9001,0.808773
3220,router_3_7,router_0_6,2.4000,0.754151
3221,router_3_7,router_0_6,1.9000,0.754824
3222,router_3_7,router_7_5,3.6000,0.653781
3223,router_3_7,router_7_5,3.7001,0.653243
3224,router_4_7,router_7_5,5.1001,0.693903
3225,router_4_7,router_7_5,3.3001,0.700342
3226,router_4_7,router_6_5,2.4000,0.753345
3227,router_4_7,router_6_5,1.7000,0.755228
3228,router_5_7,router_6_5,4.4001,0.806172
3229,router_5_7,router_6_5,4.4001,0.806172
3230,router_5_7,router_5_5,3.8001,0.875955
3231,router_5_7,router_5_5,2.3001,0.877627
3232,router_6_7,router_5_5,1.6000,0.813412
3233,router_6_7,router_5_5,3.4001,0.810265
3234,router_6_7,router_4_5,4.4001,0.748137
3235,router_6_7,router_4_5,3.4001,0.751469
3236,router_7_7,router_4_5,4.2001,0.699802
3237,router_7_7,router_4_5,2.6000,0.701846
3238,router_7_7,router_3_5,6.1001,0.646419
3239,router_7_7,router_3_5,5.0001,0.650884
3240,router_6_6,router_5_6,1.5000,0.949813
3241,router_6_6,router_4_6,2.8001,0.875955
3242,router_6_6,router_4_6,1.3000,0.878464
3243,router_6_6,router_4_6,1.8000,0.877627
3244,router_7_6,router_4_6,1.4000,0.813261
3245,router_7_6,router_3_6,3.4001,0.752138
3246,router_7_6,router_3_6,1.9000,0.755497
3247,router_7_6,router_3_6,1.4000,0.756172
3248,router_0_7,router_3_6,1.4000,0.755902
3249,router_0_7,router_2_6,2.5000,0.809892
3250,router_0_7,router_2_6,3.4001,0.808848
3251,router_0_7,router_2_6,3.4001,0.807657
3252,router_1_7,router_2_6,2.3001,0.875788
3253,router_1_7,router_1_6,2.5001,0.949813
3253,router_1_7,router_1_6,0.5000,0.949813
3255,router_1_7,router_1_6,1.5000,0.949813
3256,router_2_7,router_1_6,1.3000,0.877627
3257,router_2_7,router_0_6,2.4000,0.810265
3258,router_2_7,router_0_6,5.6001,0.808177
3259,router_2_7,router_0_6,2.1000,0.812661
3260,router_3_7,router_0_6,3.4001,0.750801
3261,router_3_7,router_7_5,4.1001,0.651526
3262,router_3_7,router_7_5,3.9001,0.652813
3263,router_3_7,router_7_5,3.3000,0.653673
3264,router_4_7,router_7_5,4.6001,0.695801
3265,router_4_7,router_6_5,2.9000,0.753211
3266,router_4_7,router_6_5,2.9001,0.752004
3267,router_4_7,router_6_5,4.4001,0.751335
3268,router_5_7,router_6_5,2.4000,0.810788
3269,router_5_7,router_5_5,1.8000,0.877627
3270,router_5_7,router_5_5,4.8001,0.875121
3271,router_5_7,router_5_5,2.3001,0.875955
3272,router_6_7,router_5_5,5.9001,0.802108
3273,router_6_7,router_4_5,2.9000,0.752808
3274,router_6_7,router_4_5,2.9000,0.754151
3275,router_6_7,router_4_5,2.4000,0.753479
3276,router_7_7,router_4_5,4.6001,0.697051
3277,router_7_7,router_3_5,4.1001,0.652276
3278,router_7_7,router_3_5,4.0001,0.653566
3279,router_7_7,router_3_5,4.1001,0.652276
3280,router_6_6,router_5_6,1.0000,0.949813
3281,router_6_6,router_4_6,1.3000,0.877627
3282,router_6_6,router_4_6,2.3001,0.876790
3283,router_6_6,router_4_6,1.8000,0.877627
3284,router_7_6,router_4_6,1.9000,0.811761
3285,router_7_6,router_3_6,4.9001,0.748137
3286,router_7_6,router_3_6,2.4000,0.753479
3287,router_7_6,router_3_6,2.9000,0.753479
3288,router_0_7,router_3_6,4.9001,0.746678
3289,router_0_7,router_2_6,3.7001,0.806320
3290,router_0_7,router_2_6,4.6001,0.808997
3291,router_0_7,router_2_6,3.3001,0.808997
3292,router_1_7,router_2_6,2.8001,0.876289
3293,router_1_7,router_1_6,1.0000,0.949813
3293,router_1_7,router_1_6,0.5000,0.949813
3294,router_1_7,router_1_6,1.0000,0.949813
3296,router_2_7,router_1_6,4.3001,0.874288
3297,router_2_7,router_0_6,1.6000,0.813412
3298,router_2_7,router_0_6,2.4000,0.810265
3299,router_2_7,router_0_6,3.4001,0.809519
3300,router_3_7,router_0_6,3.4001,0.750801
3301,router_3_7,router_7_5,3.7001,0.653243
3302,router_3_7,router_7_5,3.3001,0.654535
3303,router_3_7,router_7_5,4.6001,0.650884
3304,router_4_7,router_7_5,4.5001,0.699862
3305,router_4_7,router_6_5,1.7000,0.755228
3306,router_4_7,router_6_5,2.5001,0.754151
3307,router_4_7,router_6_5,4.1001,0.749334
3308,router_5_7,router_6_5,2.9000,0.809295
3309,router_5_7,router_5_5,1.8000,0.876790
3310,router_5_7,router_5_5,1.3000,0.877627
3311,router_5_7,router_5_5,2.3001,0.875955
3312,router_6_7,router_5_5,4.6001,0.808922
3313,router_6_7,router_4_5,3.9001,0.750801
3314,router_6_7,router_4_5,1.9000,0.755497
3315,router_6_7,router_4_5,2.4000,0.753479
3316,router_7_7,router_4_5,5.6001,0.691719
3317,router_7_7,router_3_5,3.6000,0.653889
3318,router_7_7,router_3_5,9.1002,0.635987
3319,router_7_7,router_3_5,5.1001,0.649603
3320,router_6_6,router_4_6,1.3000,0.878464
3321,router_6_6,router_4_6,1.3000,0.877627
3322,router_6_6,router_4_6,3.3001,0.874288
3323,router_6_6,router_4_6,3.8001,0.873456
3324,router_7_6,router_3_6,2.4000,0.754824
3325,router_7_6,router_3_6,4.9001,0.748137
3326,router_7_6,router_3_6,2.4000,0.753479
3327,router_7_6,router_3_6,2.4000,0.753479
3328,router_0_7,router_2_6,2.2001,0.812436
3329,router_0_7,router_2_6,2.4000,0.810041
3330,router_0_7,router_2_6,2.4000,0.810639
3331,router_0_7,router_2_6,2.5000,0.809892
3332,router_1_7,router_1_6,0.5000,0.949813
3332,router_1_7,router_1_6,0.5000,0.949813
3333,router_1_7,router_1_6,2.0000,0.949813
3335,router_1_7,router_1_6,2.5001,0.949813
3336,router_2_7,router_0_6,1.9000,0.811761
3337,router_2_7,router_0_6,2.6000,0.811911
3338,router_2_7,router_0_6,2.1000,0.812661
3339,router_2_7,router_0_6,2.6000,0.811911
3340,router_3_7,router_7_5,5.1001,0.649497
3341,router_3_7,router_7_5,3.6000,0.652706
3342,router_3_7,router_7_5,6.6001,0.647266
3343,router_3_7,router_7_5,4.1001,0.651633
3344,router_4_7,router_6_5,1.9000,0.755362
3345,router_4_7,router_6_5,4.4001,0.750000
3346,router_4_7,router_6_5,2.9001,0.753211
3347,router_4_7,router_6_5,1.9000,0.755362
3348,router_5_7,router_5_5,2.3000,0.876790
3349,router_5_7,router_5_5,1.8000,0.876790
3350,router_5_7,router_5_5,3.8001,0.873456
3351,router_5_7,router_5_5,5.8001,0.870140
3352,router_6_7,router_4_5,4.4001,0.748137
3353,router_6_7,router_4_5,2.9000,0.752138
3354,router_6_7,router_4_5,3.4001,0.750801
3355,router_6_7,router_4_5,2.4000,0.753479
3356,router_7_7,router_3_5,6.5001,0.645574
3357,router_7_7,router_3_5,4.6001,0.649603
3358,router_7_7,router_3_5,4.6001,0.651205
3359,router_7_7,router_3_5,5.5001,0.651419
3360,router_6_6,router_4_6,1.3000,0.877627
3361,router_6_6,router_4_6,1.8000,0.877627
3362,router_6_6,router_4_6,1.3000,0.877627
3363,router_6_6,router_4_6,2.3001,0.875955
3364,router_7_6,router_3_6,2.4000,0.753479
3365,router_7_6,router_3_6,2.4000,0.753479
3366,router_7_6,router_3_6,2.4000,0.753479
3367,router_7_6,router_3_6,3.4001,0.750801
3368,router_0_7,router_2_6,1.8000,0.813036
3369,router_0_7,router_2_6,5.9001,0.800270
3370,router_0_7,router_2_6,1.9000,0.813337
3371,router_0_7,router_2_6,2.6001,0.811836
3373,router_1_7,router_1_6,3.0001,0.949813
3374,router_1_7,router_1_6,2.0000,0.949813
3375,router_1_7,router_1_6,1.0000,0.949813
3375,router_1_7,router_1_6,0.5000,0.949813
3376,router_2_7,router_0_6,3.4001,0.811013
3377,router_2_7,router_0_6,3.1001,0.811162
3378,router_2_7,router_0_6,2.9001,0.811013
3379,router_2_7,router_0_6,1.9000,0.811761
3380,router_3_7,router_7_5,3.7001,0.652383
3381,router_3_7,router_7_5,3.3001,0.654104
3382,router_3_7,router_7_5,4.7001,0.651847
3383,router_3_7,router_7_5,3.1000,0.654751
3384,router_4_7,router_6_5,3.4001,0.750667
3385,router_4_7,router_6_5,3.9001,0.750000
3386,router_4_7,router_6_5,4.4001,0.749600
3387,router_4_7,router_6_5,1.7000,0.755228
3388,router_5_7,router_5_5,0.8000,0.878464
3389,router_5_7,router_5_5,2.3001,0.875955
3390,router_5_7,router_5_5,2.8001,0.875121
3391,router_5_7,router_5_5,1.3000,0.877627
3392,router_6_7,router_4_5,1.9000,0.755497
3393,router_6_7,router_4_5,2.9000,0.753479
3394,router_6_7,router_4_5,1.9000,0.754824
3395,router_6_7,router_4_5,3.9001,0.749467
3396,router_7_7,router_3_5,6.1001,0.645891
3397,router_7_7,router_3_5,4.1001,0.651205
3398,router_7_7,router_3_5,4.6001,0.650136
3399,router_7_7,router_3_5,5.1001,0.649071
3400,router_5_6,router_4_6,0.5000,0.949813
3401,router_6_6,router_4_6,1.3000,0.877627
3402,router_6_6,router_4_6,2.3001,0.877627
3403,router_6_6,router_4_6,2.3001,0.877627
3404,router_6_6,router_3_6,1.4000,0.813261
3405,router_7_6,router_3_6,4.4001,0.752138
3406,router_7_6,router_3_6,1.9000,0.754824
3407,router_7_6,router_3_6,4.4001,0.749467
3408,router_7_6,router_2_6,4.1001,0.697051
3409,router_0_7,router_2_6,1.4000,0.813637
3410,router_0_7,router_2_6,3.0001,0.811237
3411,router_0_7,router_2_6,2.9001,0.809743
3412,router_0_7,router_1_6,4.3001,0.873124
3413,router_1_7,router_1_6,1.0000,0.949813
3415,router_1_7,router_1_6,0.5000,0.949813
3415,router_1_7,router_1_6,1.5000,0.949813
3416,router_1_7,router_0_6,1.3000,0.877627
3417,router_2_7,router_0_6,2.4000,0.811761
3418,router_2_7,router_0_6,2.9000,0.809519
3419,router_2_7,router_0_6,1.4000,0.813261
3420,router_2_7,router_7_5,4.1001,0.611551
3421,router_3_7,router_7_5,3.7001,0.652383
3422,router_3_7,router_7_5,3.6000,0.653135
3423,router_3_7,router_7_5,7.6002,0.640023
3424,router_3_7,router_6_5,3.7001,0.697827
3425,router_4_7,router_6_5,1.9000,0.754689
3426,router_4_7,router_6_5,2.9001,0.753076
3427,router_4_7,router_6_5,2.4000,0.753345
3428,router_4_7,router_5_5,1.9000,0.812286
3429,router_5_7,router_5_5,3.8001,0.877627
3430,router_5_7,router_5_5,2.3001,0.875955
3431,router_5_7,router_5_5,5.3001,0.875121
3432,router_5_7,router_4_5,4.4001,0.804321
3433,router_6_7,router_4_5,4.4001,0.748137
3434,router_6_7,router_4_5,2.4000,0.754151
3435,router_6_7,router_4_5,4.4001,0.750134
3436,router_6_7,router_3_5,3.1000,0.700042
3437,router_7_7,router_3_5,4.1001,0.651740
3438,router_7_7,router_3_5,6.6001,0.643785
3439,router_7_7,router_3_5,5.1001,0.648008
3440,router_7_7,router_2_5,5.1001,0.606240
3441,router_5_6,router_4_6,0.5000,0.949813
3442,router_6_6,router_4_6,1.8000,0.876790
3443,router_6_6,router_4_6,1.8000,0.876790
3444,router_6_6,router_4_6,3.3001,0.874288
3445,router_6_6,router_3_6,3.4001,0.810265
3446,router_7_6,router_3_6,3.4001,0.752138
3447,router_7_6,router_3_6,2.9000,0.752138
3448,router_7_6,router_3_6,2.4000,0.753479
3449,router_7_6,router_2_6,7.1001,0.685868
3450,router_0_7,router_2_6,3.3001,0.809444
3451,router_0_7,router_2_6,3.4001,0.807657
3452,router_0_7,router_2_6,1.8000,0.813036
3453,router_0_7,router_1_6,1.9001,0.876623
3455,router_1_7,router_1_6,3.0001,0.949813
3456,router_1_7,router_1_6,0.5000,0.949813
3456,router_1_7,router_1_6,0.5000,0.949813
3457,router_1_7,router_0_6,1.8000,0.877627
3458,router_2_7,router_0_6,2.4000,0.811761
3459,router_2_7,router_0_6,3.9001,0.808029
3460,router_2_7,router_0_6,3.1001,0.811162
3461,router_2_7,router_7_5,4.1001,0.609532
3462,router_3_7,router_7_5,3.3001,0.653673
3463,router_3_7,router_7_5,4.5001,0.652062
3464,router_3_7,router_7_5,3.5001,0.653673
3465,router_3_7,router_6_5,3.6000,0.698664
3466,router_4_7,router_6_5,2.5000,0.754151
3467,router_4_7,router_6_5,2.1000,0.754151
3468,router_4_7,router_6_5,3.7001,0.751603
3469,router_4_7,router_5_5,1.4000,0.813186
3470,router_5_7,router_5_5,3.3001,0.877627
3471,router_5_7,router_5_5,3.3001,0.876790
3472,router_5_7,router_5_5,2.3001,0.875955
3473,router_5_7,router_4_5,2.9001,0.809519
3474,router_6_7,router_4_5,5.4001,0.746148
3475,router_6_7,router_4_5,3.4001,0.751469
3476,router_6_7,router_4_5,3.4001,0.752138
3477,router_6_7,router_3_5,9.1002,0.681243
3478,router_7_7,router_3_5,6.1001,0.648008
3479,router_7_7,router_3_5,4.5001,0.651419
3480,router_7_7,router_3_5,6.0001,0.648752
3481,router_7_7,router_2_5,4.6001,0.608145
3482,router_5_6,router_4_6,0.5000,0.949813
3483,router_5_6,router_4_6,2.5001,0.949813
3484,router_6_6,router_4_6,2.8001,0.875955
3485,router_6_6,router_4_6,0.8000,0.878464
3486,router_6_6,router_3_6,1.6000,0.813412
3487,router_6_6,router_3_6,1.4000,0.813261
3488,router_7_6,router_3_6,3.4001,0.751469
3489,router_7_6,router_3_6,2.4000,0.754824
3490,router_7_6,router_2_6,3.6000,0.698245
3491,router_7_6,router_2_6,4.1001,0.698245
3492,router_0_7,router_2_6,3.9001,0.806172
3493,router_0_7,router_2_6,1.7000,0.812886
3494,router_0_7,router_1_6,2.3001,0.876790
3495,router_0_7,router_1_6,2.7001,0.875288
3496,router_1_7,router_1_6,1.0000,0.949813
3496,router_1_7,router_1_6,1.5000,0.949813
3498,router_1_7,router_0_6,1.3000,0.877627
3499,router_1_7,router_0_6,1.3000,0.877627
3500,router_2_7,router_0_6,3.6001,0.811162
3501,router_2_7,router_0_6,3.4001,0.807285
3508,router_4_7,router_6_5,2.1000,0.754689

AVERAGES,,,2.9015,0.793386
E2E_LATENCY,,,12648.9952,
